decade,genre1,genre2,movie_count,combination
1900,Action,Adventure,1,Action + Adventure
1900,Action,Biography,1,Action + Biography
1900,Adventure,Biography,1,Adventure + Biography
1900,Adventure,Drama,1,Adventure + Drama
1900,Adventure,Fantasy,1,Adventure + Fantasy
1900,Biography,Drama,3,Biography + Drama
1900,Biography,Family,1,Biography + Family
1900,Biography,History,1,Biography + History
1900,Comedy,Musical,2,Comedy + Musical
1900,Documentary,News,4,Documentary + News
1900,Documentary,Sport,9,Documentary + Sport
1900,Documentary,War,3,Documentary + War
1900,Drama,Family,1,Drama + Family
1900,Drama,History,2,Drama + History
1900,Drama,Horror,1,Drama + Horror
1900,Drama,War,2,Drama + War
1900,News,Sport,3,News + Sport
1910,Action,Adventure,67,Action + Adventure
1910,Action,Biography,3,Action + Biography
1910,Action,Comedy,14,Action + Comedy
1910,Action,Crime,108,Action + Crime
1910,Action,Drama,74,Action + Drama
1910,Action,History,2,Action + History
1910,Action,Mystery,13,Action + Mystery
1910,Action,Romance,17,Action + Romance
1910,Action,Sci-Fi,1,Action + Sci-Fi
1910,Action,Thriller,9,Action + Thriller
1910,Action,War,7,Action + War
1910,Action,Western,3,Action + Western
1910,Adventure,Biography,2,Adventure + Biography
1910,Adventure,Comedy,30,Adventure + Comedy
1910,Adventure,Crime,26,Adventure + Crime
1910,Adventure,Documentary,3,Adventure + Documentary
1910,Adventure,Drama,124,Adventure + Drama
1910,Adventure,Family,6,Adventure + Family
1910,Adventure,Fantasy,9,Adventure + Fantasy
1910,Adventure,History,6,Adventure + History
1910,Adventure,Horror,2,Adventure + Horror
1910,Adventure,Mystery,7,Adventure + Mystery
1910,Adventure,Romance,38,Adventure + Romance
1910,Adventure,Sci-Fi,4,Adventure + Sci-Fi
1910,Adventure,Thriller,3,Adventure + Thriller
1910,Adventure,War,4,Adventure + War
1910,Adventure,Western,6,Adventure + Western
1910,Animation,Comedy,2,Animation + Comedy
1910,Animation,Drama,1,Animation + Drama
1910,Biography,Comedy,1,Biography + Comedy
1910,Biography,Crime,2,Biography + Crime
1910,Biography,Documentary,2,Biography + Documentary
1910,Biography,Drama,47,Biography + Drama
1910,Biography,History,18,Biography + History
1910,Biography,Romance,3,Biography + Romance
1910,Biography,War,3,Biography + War
1910,Biography,Western,1,Biography + Western
1910,Comedy,Crime,32,Comedy + Crime
1910,Comedy,Drama,429,Comedy + Drama
1910,Comedy,Family,4,Comedy + Family
1910,Comedy,Fantasy,9,Comedy + Fantasy
1910,Comedy,History,1,Comedy + History
1910,Comedy,Horror,1,Comedy + Horror
1910,Comedy,Music,3,Comedy + Music
1910,Comedy,Musical,4,Comedy + Musical
1910,Comedy,Mystery,10,Comedy + Mystery
1910,Comedy,Romance,128,Comedy + Romance
1910,Comedy,Sci-Fi,3,Comedy + Sci-Fi
1910,Comedy,Sport,8,Comedy + Sport
1910,Comedy,Thriller,4,Comedy + Thriller
1910,Comedy,War,12,Comedy + War
1910,Comedy,Western,55,Comedy + Western
1910,Crime,Drama,469,Crime + Drama
1910,Crime,Fantasy,1,Crime + Fantasy
1910,Crime,History,2,Crime + History
1910,Crime,Horror,8,Crime + Horror
1910,Crime,Mystery,50,Crime + Mystery
1910,Crime,Romance,23,Crime + Romance
1910,Crime,Sport,3,Crime + Sport
1910,Crime,Thriller,24,Crime + Thriller
1910,Crime,War,2,Crime + War
1910,Crime,Western,6,Crime + Western
1910,Documentary,Drama,4,Documentary + Drama
1910,Documentary,History,3,Documentary + History
1910,Documentary,News,1,Documentary + News
1910,Documentary,Sport,13,Documentary + Sport
1910,Documentary,War,30,Documentary + War
1910,Documentary,Western,1,Documentary + Western
1910,Drama,Family,6,Drama + Family
1910,Drama,Fantasy,35,Drama + Fantasy
1910,Drama,History,140,Drama + History
1910,Drama,Horror,33,Drama + Horror
1910,Drama,Music,3,Drama + Music
1910,Drama,Musical,3,Drama + Musical
1910,Drama,Mystery,61,Drama + Mystery
1910,Drama,Romance,436,Drama + Romance
1910,Drama,Sci-Fi,8,Drama + Sci-Fi
1910,Drama,Sport,21,Drama + Sport
1910,Drama,Thriller,51,Drama + Thriller
1910,Drama,War,212,Drama + War
1910,Drama,Western,305,Drama + Western
1910,Family,Fantasy,7,Family + Fantasy
1910,Family,Romance,2,Family + Romance
1910,Fantasy,History,1,Fantasy + History
1910,Fantasy,Horror,6,Fantasy + Horror
1910,Fantasy,Mystery,2,Fantasy + Mystery
1910,Fantasy,Romance,6,Fantasy + Romance
1910,Fantasy,Sci-Fi,5,Fantasy + Sci-Fi
1910,Fantasy,Thriller,1,Fantasy + Thriller
1910,History,Horror,1,History + Horror
1910,History,Romance,12,History + Romance
1910,History,War,18,History + War
1910,History,Western,3,History + Western
1910,Horror,Mystery,12,Horror + Mystery
1910,Horror,Romance,1,Horror + Romance
1910,Horror,Sci-Fi,6,Horror + Sci-Fi
1910,Horror,War,1,Horror + War
1910,Music,Musical,1,Music + Musical
1910,Music,Romance,1,Music + Romance
1910,Mystery,Romance,7,Mystery + Romance
1910,Mystery,Thriller,9,Mystery + Thriller
1910,Mystery,War,1,Mystery + War
1910,News,Sport,1,News + Sport
1910,Romance,Sport,2,Romance + Sport
1910,Romance,Thriller,7,Romance + Thriller
1910,Romance,War,12,Romance + War
1910,Romance,Western,34,Romance + Western
1910,Sci-Fi,Thriller,1,Sci-Fi + Thriller
1910,Thriller,War,6,Thriller + War
1910,Thriller,Western,2,Thriller + Western
1910,War,Western,3,War + Western
1920,Action,Adventure,290,Action + Adventure
1920,Action,Comedy,81,Action + Comedy
1920,Action,Crime,107,Action + Crime
1920,Action,Documentary,1,Action + Documentary
1920,Action,Drama,444,Action + Drama
1920,Action,Family,5,Action + Family
1920,Action,Fantasy,4,Action + Fantasy
1920,Action,History,12,Action + History
1920,Action,Horror,2,Action + Horror
1920,Action,Musical,1,Action + Musical
1920,Action,Mystery,21,Action + Mystery
1920,Action,Romance,109,Action + Romance
1920,Action,Sci-Fi,3,Action + Sci-Fi
1920,Action,Sport,9,Action + Sport
1920,Action,Thriller,10,Action + Thriller
1920,Action,War,6,Action + War
1920,Action,Western,35,Action + Western
1920,Adventure,Animation,2,Adventure + Animation
1920,Adventure,Biography,1,Adventure + Biography
1920,Adventure,Comedy,82,Adventure + Comedy
1920,Adventure,Crime,96,Adventure + Crime
1920,Adventure,Documentary,9,Adventure + Documentary
1920,Adventure,Drama,365,Adventure + Drama
1920,Adventure,Family,11,Adventure + Family
1920,Adventure,Fantasy,21,Adventure + Fantasy
1920,Adventure,History,22,Adventure + History
1920,Adventure,Horror,4,Adventure + Horror
1920,Adventure,Music,1,Adventure + Music
1920,Adventure,Mystery,19,Adventure + Mystery
1920,Adventure,Romance,125,Adventure + Romance
1920,Adventure,Sci-Fi,5,Adventure + Sci-Fi
1920,Adventure,Sport,1,Adventure + Sport
1920,Adventure,Thriller,9,Adventure + Thriller
1920,Adventure,War,7,Adventure + War
1920,Adventure,Western,16,Adventure + Western
1920,Animation,Comedy,4,Animation + Comedy
1920,Animation,Documentary,2,Animation + Documentary
1920,Animation,Drama,1,Animation + Drama
1920,Animation,Fantasy,2,Animation + Fantasy
1920,Animation,History,2,Animation + History
1920,Animation,Sci-Fi,1,Animation + Sci-Fi
1920,Biography,Comedy,3,Biography + Comedy
1920,Biography,Crime,4,Biography + Crime
1920,Biography,Documentary,2,Biography + Documentary
1920,Biography,Drama,62,Biography + Drama
1920,Biography,Family,1,Biography + Family
1920,Biography,History,54,Biography + History
1920,Biography,Music,1,Biography + Music
1920,Biography,Romance,5,Biography + Romance
1920,Biography,War,4,Biography + War
1920,Comedy,Crime,60,Comedy + Crime
1920,Comedy,Documentary,6,Comedy + Documentary
1920,Comedy,Drama,559,Comedy + Drama
1920,Comedy,Family,19,Comedy + Family
1920,Comedy,Fantasy,17,Comedy + Fantasy
1920,Comedy,History,4,Comedy + History
1920,Comedy,Horror,10,Comedy + Horror
1920,Comedy,Music,16,Comedy + Music
1920,Comedy,Musical,33,Comedy + Musical
1920,Comedy,Mystery,28,Comedy + Mystery
1920,Comedy,Romance,459,Comedy + Romance
1920,Comedy,Sci-Fi,4,Comedy + Sci-Fi
1920,Comedy,Sport,33,Comedy + Sport
1920,Comedy,Thriller,8,Comedy + Thriller
1920,Comedy,War,19,Comedy + War
1920,Comedy,Western,92,Comedy + Western
1920,Crime,Drama,547,Crime + Drama
1920,Crime,Family,1,Crime + Family
1920,Crime,Fantasy,3,Crime + Fantasy
1920,Crime,Film-Noir,4,Crime + Film-Noir
1920,Crime,History,2,Crime + History
1920,Crime,Horror,15,Crime + Horror
1920,Crime,Music,3,Crime + Music
1920,Crime,Musical,1,Crime + Musical
1920,Crime,Mystery,82,Crime + Mystery
1920,Crime,Romance,74,Crime + Romance
1920,Crime,Sci-Fi,1,Crime + Sci-Fi
1920,Crime,Sport,3,Crime + Sport
1920,Crime,Thriller,17,Crime + Thriller
1920,Crime,War,2,Crime + War
1920,Crime,Western,21,Crime + Western
1920,Documentary,Drama,15,Documentary + Drama
1920,Documentary,Fantasy,2,Documentary + Fantasy
1920,Documentary,History,8,Documentary + History
1920,Documentary,Horror,1,Documentary + Horror
1920,Documentary,News,1,Documentary + News
1920,Documentary,Sci-Fi,1,Documentary + Sci-Fi
1920,Documentary,Sport,15,Documentary + Sport
1920,Documentary,War,2,Documentary + War
1920,Drama,Family,35,Drama + Family
1920,Drama,Fantasy,44,Drama + Fantasy
1920,Drama,Film-Noir,4,Drama + Film-Noir
1920,Drama,History,177,Drama + History
1920,Drama,Horror,49,Drama + Horror
1920,Drama,Music,24,Drama + Music
1920,Drama,Musical,33,Drama + Musical
1920,Drama,Mystery,111,Drama + Mystery
1920,Drama,Romance,1145,Drama + Romance
1920,Drama,Sci-Fi,9,Drama + Sci-Fi
1920,Drama,Sport,66,Drama + Sport
1920,Drama,Thriller,65,Drama + Thriller
1920,Drama,War,142,Drama + War
1920,Drama,Western,1296,Drama + Western
1920,Family,Fantasy,8,Family + Fantasy
1920,Family,Musical,1,Family + Musical
1920,Family,Romance,5,Family + Romance
1920,Family,War,1,Family + War
1920,Fantasy,Horror,20,Fantasy + Horror
1920,Fantasy,Music,1,Fantasy + Music
1920,Fantasy,Mystery,5,Fantasy + Mystery
1920,Fantasy,Romance,22,Fantasy + Romance
1920,Fantasy,Sci-Fi,5,Fantasy + Sci-Fi
1920,Fantasy,Thriller,1,Fantasy + Thriller
1920,Fantasy,War,1,Fantasy + War
1920,History,Romance,27,History + Romance
1920,History,Sport,1,History + Sport
1920,History,Thriller,2,History + Thriller
1920,History,War,27,History + War
1920,History,Western,2,History + Western
1920,Horror,Music,1,Horror + Music
1920,Horror,Mystery,26,Horror + Mystery
1920,Horror,Romance,9,Horror + Romance
1920,Horror,Sci-Fi,4,Horror + Sci-Fi
1920,Horror,Thriller,13,Horror + Thriller
1920,Music,Musical,1,Music + Musical
1920,Music,Romance,16,Music + Romance
1920,Music,War,2,Music + War
1920,Musical,Romance,24,Musical + Romance
1920,Musical,War,1,Musical + War
1920,Musical,Western,1,Musical + Western
1920,Mystery,Romance,18,Mystery + Romance
1920,Mystery,Sci-Fi,2,Mystery + Sci-Fi
1920,Mystery,Sport,1,Mystery + Sport
1920,Mystery,Thriller,16,Mystery + Thriller
1920,Mystery,Western,8,Mystery + Western
1920,News,Sport,1,News + Sport
1920,Romance,Sci-Fi,1,Romance + Sci-Fi
1920,Romance,Sport,31,Romance + Sport
1920,Romance,Thriller,12,Romance + Thriller
1920,Romance,War,44,Romance + War
1920,Romance,Western,48,Romance + Western
1920,Sport,Thriller,1,Sport + Thriller
1920,Thriller,Western,6,Thriller + Western
1920,War,Western,2,War + Western
1930,Action,Adventure,286,Action + Adventure
1930,Action,Biography,3,Action + Biography
1930,Action,Comedy,118,Action + Comedy
1930,Action,Crime,275,Action + Crime
1930,Action,Documentary,2,Action + Documentary
1930,Action,Drama,434,Action + Drama
1930,Action,Family,12,Action + Family
1930,Action,Fantasy,6,Action + Fantasy
1930,Action,History,13,Action + History
1930,Action,Horror,5,Action + Horror
1930,Action,Music,18,Action + Music
1930,Action,Musical,3,Action + Musical
1930,Action,Mystery,33,Action + Mystery
1930,Action,Romance,118,Action + Romance
1930,Action,Sci-Fi,2,Action + Sci-Fi
1930,Action,Sport,6,Action + Sport
1930,Action,Thriller,6,Action + Thriller
1930,Action,War,16,Action + War
1930,Action,Western,8,Action + Western
1930,Adventure,Animation,4,Adventure + Animation
1930,Adventure,Biography,6,Adventure + Biography
1930,Adventure,Comedy,142,Adventure + Comedy
1930,Adventure,Crime,178,Adventure + Crime
1930,Adventure,Documentary,13,Adventure + Documentary
1930,Adventure,Drama,338,Adventure + Drama
1930,Adventure,Family,46,Adventure + Family
1930,Adventure,Fantasy,23,Adventure + Fantasy
1930,Adventure,Film-Noir,1,Adventure + Film-Noir
1930,Adventure,History,28,Adventure + History
1930,Adventure,Horror,12,Adventure + Horror
1930,Adventure,Music,18,Adventure + Music
1930,Adventure,Musical,9,Adventure + Musical
1930,Adventure,Mystery,26,Adventure + Mystery
1930,Adventure,News,1,Adventure + News
1930,Adventure,Romance,134,Adventure + Romance
1930,Adventure,Sci-Fi,9,Adventure + Sci-Fi
1930,Adventure,Thriller,12,Adventure + Thriller
1930,Adventure,War,20,Adventure + War
1930,Adventure,Western,16,Adventure + Western
1930,Animation,Comedy,4,Animation + Comedy
1930,Animation,Documentary,2,Animation + Documentary
1930,Animation,Family,2,Animation + Family
1930,Animation,Fantasy,2,Animation + Fantasy
1930,Animation,History,1,Animation + History
1930,Animation,Music,1,Animation + Music
1930,Biography,Comedy,4,Biography + Comedy
1930,Biography,Crime,2,Biography + Crime
1930,Biography,Documentary,3,Biography + Documentary
1930,Biography,Drama,109,Biography + Drama
1930,Biography,Family,3,Biography + Family
1930,Biography,History,40,Biography + History
1930,Biography,Horror,1,Biography + Horror
1930,Biography,Music,10,Biography + Music
1930,Biography,Musical,9,Biography + Musical
1930,Biography,Romance,10,Biography + Romance
1930,Biography,Sport,1,Biography + Sport
1930,Biography,War,6,Biography + War
1930,Biography,Western,2,Biography + Western
1930,Comedy,Crime,289,Comedy + Crime
1930,Comedy,Documentary,4,Comedy + Documentary
1930,Comedy,Drama,768,Comedy + Drama
1930,Comedy,Family,99,Comedy + Family
1930,Comedy,Fantasy,32,Comedy + Fantasy
1930,Comedy,Film-Noir,6,Comedy + Film-Noir
1930,Comedy,History,14,Comedy + History
1930,Comedy,Horror,17,Comedy + Horror
1930,Comedy,Music,180,Comedy + Music
1930,Comedy,Musical,583,Comedy + Musical
1930,Comedy,Mystery,145,Comedy + Mystery
1930,Comedy,News,1,Comedy + News
1930,Comedy,Romance,1039,Comedy + Romance
1930,Comedy,Sci-Fi,6,Comedy + Sci-Fi
1930,Comedy,Sport,51,Comedy + Sport
1930,Comedy,Thriller,12,Comedy + Thriller
1930,Comedy,War,21,Comedy + War
1930,Comedy,Western,18,Comedy + Western
1930,Crime,Documentary,2,Crime + Documentary
1930,Crime,Drama,1044,Crime + Drama
1930,Crime,Family,10,Crime + Family
1930,Crime,Fantasy,3,Crime + Fantasy
1930,Crime,Film-Noir,59,Crime + Film-Noir
1930,Crime,History,4,Crime + History
1930,Crime,Horror,35,Crime + Horror
1930,Crime,Music,18,Crime + Music
1930,Crime,Musical,27,Crime + Musical
1930,Crime,Mystery,295,Crime + Mystery
1930,Crime,Romance,237,Crime + Romance
1930,Crime,Sci-Fi,7,Crime + Sci-Fi
1930,Crime,Sport,4,Crime + Sport
1930,Crime,Thriller,69,Crime + Thriller
1930,Crime,War,2,Crime + War
1930,Crime,Western,3,Crime + Western
1930,Documentary,Drama,20,Documentary + Drama
1930,Documentary,History,16,Documentary + History
1930,Documentary,Horror,1,Documentary + Horror
1930,Documentary,Music,6,Documentary + Music
1930,Documentary,Musical,1,Documentary + Musical
1930,Documentary,News,9,Documentary + News
1930,Documentary,Romance,2,Documentary + Romance
1930,Documentary,Sport,6,Documentary + Sport
1930,Documentary,War,31,Documentary + War
1930,Drama,Family,82,Drama + Family
1930,Drama,Fantasy,37,Drama + Fantasy
1930,Drama,Film-Noir,54,Drama + Film-Noir
1930,Drama,History,207,Drama + History
1930,Drama,Horror,63,Drama + Horror
1930,Drama,Music,214,Drama + Music
1930,Drama,Musical,254,Drama + Musical
1930,Drama,Mystery,260,Drama + Mystery
1930,Drama,Romance,1522,Drama + Romance
1930,Drama,Sci-Fi,18,Drama + Sci-Fi
1930,Drama,Sport,69,Drama + Sport
1930,Drama,Thriller,60,Drama + Thriller
1930,Drama,War,237,Drama + War
1930,Drama,Western,939,Drama + Western
1930,Family,Fantasy,20,Family + Fantasy
1930,Family,History,1,Family + History
1930,Family,Horror,1,Family + Horror
1930,Family,Music,7,Family + Music
1930,Family,Musical,28,Family + Musical
1930,Family,Mystery,2,Family + Mystery
1930,Family,Romance,16,Family + Romance
1930,Family,Sci-Fi,5,Family + Sci-Fi
1930,Family,Sport,2,Family + Sport
1930,Family,War,3,Family + War
1930,Family,Western,6,Family + Western
1930,Fantasy,History,6,Fantasy + History
1930,Fantasy,Horror,10,Fantasy + Horror
1930,Fantasy,Music,2,Fantasy + Music
1930,Fantasy,Musical,8,Fantasy + Musical
1930,Fantasy,Mystery,3,Fantasy + Mystery
1930,Fantasy,Romance,17,Fantasy + Romance
1930,Fantasy,Sci-Fi,4,Fantasy + Sci-Fi
1930,Film-Noir,Mystery,4,Film-Noir + Mystery
1930,Film-Noir,Romance,3,Film-Noir + Romance
1930,History,Music,3,History + Music
1930,History,Musical,9,History + Musical
1930,History,Mystery,3,History + Mystery
1930,History,Romance,47,History + Romance
1930,History,Thriller,1,History + Thriller
1930,History,War,27,History + War
1930,History,Western,4,History + Western
1930,Horror,Mystery,39,Horror + Mystery
1930,Horror,Romance,8,Horror + Romance
1930,Horror,Sci-Fi,19,Horror + Sci-Fi
1930,Horror,Thriller,9,Horror + Thriller
1930,Music,Musical,11,Music + Musical
1930,Music,Mystery,10,Music + Mystery
1930,Music,News,1,Music + News
1930,Music,Romance,119,Music + Romance
1930,Music,Sport,2,Music + Sport
1930,Music,War,1,Music + War
1930,Music,Western,91,Music + Western
1930,Musical,Mystery,17,Musical + Mystery
1930,Musical,Romance,327,Musical + Romance
1930,Musical,Sport,7,Musical + Sport
1930,Musical,Thriller,1,Musical + Thriller
1930,Musical,War,4,Musical + War
1930,Musical,Western,2,Musical + Western
1930,Mystery,Romance,89,Mystery + Romance
1930,Mystery,Sci-Fi,4,Mystery + Sci-Fi
1930,Mystery,Sport,4,Mystery + Sport
1930,Mystery,Thriller,38,Mystery + Thriller
1930,Mystery,Western,4,Mystery + Western
1930,Romance,Sci-Fi,2,Romance + Sci-Fi
1930,Romance,Sport,48,Romance + Sport
1930,Romance,Thriller,18,Romance + Thriller
1930,Romance,War,74,Romance + War
1930,Romance,Western,31,Romance + Western
1930,Sci-Fi,Thriller,2,Sci-Fi + Thriller
1930,Sci-Fi,War,2,Sci-Fi + War
1930,Sci-Fi,Western,1,Sci-Fi + Western
1930,Sport,Thriller,1,Sport + Thriller
1930,Thriller,War,3,Thriller + War
1930,War,Western,3,War + Western
1940,Action,Adventure,250,Action + Adventure
1940,Action,Biography,14,Action + Biography
1940,Action,Comedy,102,Action + Comedy
1940,Action,Crime,172,Action + Crime
1940,Action,Documentary,4,Action + Documentary
1940,Action,Drama,318,Action + Drama
1940,Action,Family,11,Action + Family
1940,Action,Fantasy,19,Action + Fantasy
1940,Action,Film-Noir,3,Action + Film-Noir
1940,Action,History,14,Action + History
1940,Action,Horror,5,Action + Horror
1940,Action,Music,24,Action + Music
1940,Action,Musical,8,Action + Musical
1940,Action,Mystery,22,Action + Mystery
1940,Action,Romance,53,Action + Romance
1940,Action,Sci-Fi,6,Action + Sci-Fi
1940,Action,Sport,5,Action + Sport
1940,Action,Thriller,11,Action + Thriller
1940,Action,War,47,Action + War
1940,Action,Western,13,Action + Western
1940,Adventure,Animation,10,Adventure + Animation
1940,Adventure,Biography,18,Adventure + Biography
1940,Adventure,Comedy,155,Adventure + Comedy
1940,Adventure,Crime,103,Adventure + Crime
1940,Adventure,Documentary,7,Adventure + Documentary
1940,Adventure,Drama,359,Adventure + Drama
1940,Adventure,Family,48,Adventure + Family
1940,Adventure,Fantasy,39,Adventure + Fantasy
1940,Adventure,Film-Noir,4,Adventure + Film-Noir
1940,Adventure,History,33,Adventure + History
1940,Adventure,Horror,10,Adventure + Horror
1940,Adventure,Music,18,Adventure + Music
1940,Adventure,Musical,14,Adventure + Musical
1940,Adventure,Mystery,32,Adventure + Mystery
1940,Adventure,Romance,113,Adventure + Romance
1940,Adventure,Sci-Fi,4,Adventure + Sci-Fi
1940,Adventure,Sport,1,Adventure + Sport
1940,Adventure,Thriller,13,Adventure + Thriller
1940,Adventure,War,35,Adventure + War
1940,Adventure,Western,15,Adventure + Western
1940,Animation,Comedy,11,Animation + Comedy
1940,Animation,Documentary,4,Animation + Documentary
1940,Animation,Drama,3,Animation + Drama
1940,Animation,Family,12,Animation + Family
1940,Animation,Fantasy,5,Animation + Fantasy
1940,Animation,History,1,Animation + History
1940,Animation,Musical,1,Animation + Musical
1940,Animation,Romance,2,Animation + Romance
1940,Biography,Comedy,9,Biography + Comedy
1940,Biography,Crime,5,Biography + Crime
1940,Biography,Documentary,6,Biography + Documentary
1940,Biography,Drama,170,Biography + Drama
1940,Biography,Family,6,Biography + Family
1940,Biography,Fantasy,1,Biography + Fantasy
1940,Biography,History,46,Biography + History
1940,Biography,Music,15,Biography + Music
1940,Biography,Musical,19,Biography + Musical
1940,Biography,Mystery,2,Biography + Mystery
1940,Biography,Romance,15,Biography + Romance
1940,Biography,Sport,2,Biography + Sport
1940,Biography,War,9,Biography + War
1940,Comedy,Crime,227,Comedy + Crime
1940,Comedy,Documentary,1,Comedy + Documentary
1940,Comedy,Drama,715,Comedy + Drama
1940,Comedy,Family,144,Comedy + Family
1940,Comedy,Fantasy,90,Comedy + Fantasy
1940,Comedy,Film-Noir,8,Comedy + Film-Noir
1940,Comedy,History,15,Comedy + History
1940,Comedy,Horror,40,Comedy + Horror
1940,Comedy,Music,279,Comedy + Music
1940,Comedy,Musical,475,Comedy + Musical
1940,Comedy,Mystery,112,Comedy + Mystery
1940,Comedy,Romance,781,Comedy + Romance
1940,Comedy,Sci-Fi,10,Comedy + Sci-Fi
1940,Comedy,Sport,20,Comedy + Sport
1940,Comedy,Thriller,21,Comedy + Thriller
1940,Comedy,War,71,Comedy + War
1940,Comedy,Western,46,Comedy + Western
1940,Crime,Documentary,3,Crime + Documentary
1940,Crime,Drama,869,Crime + Drama
1940,Crime,Family,10,Crime + Family
1940,Crime,Fantasy,3,Crime + Fantasy
1940,Crime,Film-Noir,297,Crime + Film-Noir
1940,Crime,History,4,Crime + History
1940,Crime,Horror,38,Crime + Horror
1940,Crime,Music,18,Crime + Music
1940,Crime,Musical,15,Crime + Musical
1940,Crime,Mystery,220,Crime + Mystery
1940,Crime,Romance,80,Crime + Romance
1940,Crime,Sci-Fi,3,Crime + Sci-Fi
1940,Crime,Sport,5,Crime + Sport
1940,Crime,Thriller,60,Crime + Thriller
1940,Crime,War,5,Crime + War
1940,Crime,Western,1,Crime + Western
1940,Documentary,Drama,12,Documentary + Drama
1940,Documentary,Family,1,Documentary + Family
1940,Documentary,History,32,Documentary + History
1940,Documentary,Music,6,Documentary + Music
1940,Documentary,Musical,2,Documentary + Musical
1940,Documentary,Romance,1,Documentary + Romance
1940,Documentary,Sport,9,Documentary + Sport
1940,Documentary,Thriller,1,Documentary + Thriller
1940,Documentary,War,92,Documentary + War
1940,Drama,Family,164,Drama + Family
1940,Drama,Fantasy,86,Drama + Fantasy
1940,Drama,Film-Noir,350,Drama + Film-Noir
1940,Drama,History,221,Drama + History
1940,Drama,Horror,71,Drama + Horror
1940,Drama,Music,328,Drama + Music
1940,Drama,Musical,253,Drama + Musical
1940,Drama,Mystery,240,Drama + Mystery
1940,Drama,Romance,995,Drama + Romance
1940,Drama,Sci-Fi,7,Drama + Sci-Fi
1940,Drama,Sport,44,Drama + Sport
1940,Drama,Thriller,138,Drama + Thriller
1940,Drama,War,520,Drama + War
1940,Drama,Western,976,Drama + Western
1940,Family,Fantasy,28,Family + Fantasy
1940,Family,History,3,Family + History
1940,Family,Horror,1,Family + Horror
1940,Family,Music,9,Family + Music
1940,Family,Musical,16,Family + Musical
1940,Family,Mystery,2,Family + Mystery
1940,Family,Romance,28,Family + Romance
1940,Family,Sci-Fi,2,Family + Sci-Fi
1940,Family,Sport,2,Family + Sport
1940,Family,War,1,Family + War
1940,Family,Western,8,Family + Western
1940,Fantasy,Film-Noir,1,Fantasy + Film-Noir
1940,Fantasy,History,3,Fantasy + History
1940,Fantasy,Horror,25,Fantasy + Horror
1940,Fantasy,Music,5,Fantasy + Music
1940,Fantasy,Musical,15,Fantasy + Musical
1940,Fantasy,Mystery,11,Fantasy + Mystery
1940,Fantasy,Romance,32,Fantasy + Romance
1940,Fantasy,Sci-Fi,4,Fantasy + Sci-Fi
1940,Fantasy,Thriller,2,Fantasy + Thriller
1940,Fantasy,War,1,Fantasy + War
1940,Film-Noir,Horror,8,Film-Noir + Horror
1940,Film-Noir,Music,3,Film-Noir + Music
1940,Film-Noir,Mystery,46,Film-Noir + Mystery
1940,Film-Noir,Romance,17,Film-Noir + Romance
1940,Film-Noir,Sport,3,Film-Noir + Sport
1940,Film-Noir,Thriller,22,Film-Noir + Thriller
1940,History,Music,6,History + Music
1940,History,Musical,15,History + Musical
1940,History,Romance,25,History + Romance
1940,History,Sci-Fi,1,History + Sci-Fi
1940,History,Sport,1,History + Sport
1940,History,Thriller,1,History + Thriller
1940,History,War,61,History + War
1940,History,Western,9,History + Western
1940,Horror,Music,5,Horror + Music
1940,Horror,Musical,1,Horror + Musical
1940,Horror,Mystery,59,Horror + Mystery
1940,Horror,Romance,12,Horror + Romance
1940,Horror,Sci-Fi,22,Horror + Sci-Fi
1940,Horror,Thriller,23,Horror + Thriller
1940,Horror,War,1,Horror + War
1940,Music,Musical,20,Music + Musical
1940,Music,Mystery,6,Music + Mystery
1940,Music,Romance,148,Music + Romance
1940,Music,Sport,5,Music + Sport
1940,Music,Thriller,1,Music + Thriller
1940,Music,War,8,Music + War
1940,Music,Western,169,Music + Western
1940,Musical,Mystery,12,Musical + Mystery
1940,Musical,Romance,245,Musical + Romance
1940,Musical,Thriller,3,Musical + Thriller
1940,Musical,War,11,Musical + War
1940,Musical,Western,11,Musical + Western
1940,Mystery,Romance,54,Mystery + Romance
1940,Mystery,Sci-Fi,4,Mystery + Sci-Fi
1940,Mystery,Thriller,35,Mystery + Thriller
1940,Mystery,War,7,Mystery + War
1940,Mystery,Western,3,Mystery + Western
1940,Romance,Sci-Fi,2,Romance + Sci-Fi
1940,Romance,Sport,19,Romance + Sport
1940,Romance,Thriller,15,Romance + Thriller
1940,Romance,War,116,Romance + War
1940,Romance,Western,25,Romance + Western
1940,Sci-Fi,Thriller,3,Sci-Fi + Thriller
1940,Sci-Fi,War,2,Sci-Fi + War
1940,Sport,Thriller,1,Sport + Thriller
1940,Sport,Western,1,Sport + Western
1940,Thriller,War,24,Thriller + War
1940,Thriller,Western,1,Thriller + Western
1940,War,Western,5,War + Western
1950,Action,Adventure,363,Action + Adventure
1950,Action,Biography,17,Action + Biography
1950,Action,Comedy,73,Action + Comedy
1950,Action,Crime,220,Action + Crime
1950,Action,Documentary,1,Action + Documentary
1950,Action,Drama,566,Action + Drama
1950,Action,Family,21,Action + Family
1950,Action,Fantasy,92,Action + Fantasy
1950,Action,Film-Noir,6,Action + Film-Noir
1950,Action,History,35,Action + History
1950,Action,Horror,11,Action + Horror
1950,Action,Music,4,Action + Music
1950,Action,Musical,6,Action + Musical
1950,Action,Mystery,18,Action + Mystery
1950,Action,Romance,88,Action + Romance
1950,Action,Sci-Fi,31,Action + Sci-Fi
1950,Action,Sport,10,Action + Sport
1950,Action,Thriller,31,Action + Thriller
1950,Action,War,52,Action + War
1950,Action,Western,27,Action + Western
1950,Adventure,Animation,12,Adventure + Animation
1950,Adventure,Biography,26,Adventure + Biography
1950,Adventure,Comedy,137,Adventure + Comedy
1950,Adventure,Crime,121,Adventure + Crime
1950,Adventure,Documentary,28,Adventure + Documentary
1950,Adventure,Drama,634,Adventure + Drama
1950,Adventure,Family,108,Adventure + Family
1950,Adventure,Fantasy,106,Adventure + Fantasy
1950,Adventure,Film-Noir,1,Adventure + Film-Noir
1950,Adventure,History,78,Adventure + History
1950,Adventure,Horror,18,Adventure + Horror
1950,Adventure,Music,2,Adventure + Music
1950,Adventure,Musical,26,Adventure + Musical
1950,Adventure,Mystery,22,Adventure + Mystery
1950,Adventure,Romance,156,Adventure + Romance
1950,Adventure,Sci-Fi,34,Adventure + Sci-Fi
1950,Adventure,Sport,9,Adventure + Sport
1950,Adventure,Thriller,23,Adventure + Thriller
1950,Adventure,War,46,Adventure + War
1950,Adventure,Western,43,Adventure + Western
1950,Animation,Biography,1,Animation + Biography
1950,Animation,Comedy,33,Animation + Comedy
1950,Animation,Documentary,4,Animation + Documentary
1950,Animation,Drama,3,Animation + Drama
1950,Animation,Family,28,Animation + Family
1950,Animation,Fantasy,16,Animation + Fantasy
1950,Animation,History,1,Animation + History
1950,Animation,Music,2,Animation + Music
1950,Animation,Musical,1,Animation + Musical
1950,Animation,War,1,Animation + War
1950,Biography,Comedy,17,Biography + Comedy
1950,Biography,Crime,13,Biography + Crime
1950,Biography,Documentary,12,Biography + Documentary
1950,Biography,Drama,252,Biography + Drama
1950,Biography,Family,10,Biography + Family
1950,Biography,Fantasy,1,Biography + Fantasy
1950,Biography,Film-Noir,2,Biography + Film-Noir
1950,Biography,History,71,Biography + History
1950,Biography,Music,41,Biography + Music
1950,Biography,Musical,18,Biography + Musical
1950,Biography,Romance,21,Biography + Romance
1950,Biography,Sci-Fi,1,Biography + Sci-Fi
1950,Biography,Sport,9,Biography + Sport
1950,Biography,Thriller,2,Biography + Thriller
1950,Biography,War,27,Biography + War
1950,Biography,Western,5,Biography + Western
1950,Comedy,Crime,211,Comedy + Crime
1950,Comedy,Documentary,9,Comedy + Documentary
1950,Comedy,Drama,987,Comedy + Drama
1950,Comedy,Family,205,Comedy + Family
1950,Comedy,Fantasy,126,Comedy + Fantasy
1950,Comedy,Film-Noir,2,Comedy + Film-Noir
1950,Comedy,History,17,Comedy + History
1950,Comedy,Horror,26,Comedy + Horror
1950,Comedy,Music,189,Comedy + Music
1950,Comedy,Musical,630,Comedy + Musical
1950,Comedy,Mystery,44,Comedy + Mystery
1950,Comedy,Romance,777,Comedy + Romance
1950,Comedy,Sci-Fi,28,Comedy + Sci-Fi
1950,Comedy,Sport,28,Comedy + Sport
1950,Comedy,Thriller,25,Comedy + Thriller
1950,Comedy,War,55,Comedy + War
1950,Comedy,Western,57,Comedy + Western
1950,Crime,Drama,1405,Crime + Drama
1950,Crime,Family,16,Crime + Family
1950,Crime,Fantasy,9,Crime + Fantasy
1950,Crime,Film-Noir,343,Crime + Film-Noir
1950,Crime,History,9,Crime + History
1950,Crime,Horror,27,Crime + Horror
1950,Crime,Music,19,Crime + Music
1950,Crime,Musical,25,Crime + Musical
1950,Crime,Mystery,192,Crime + Mystery
1950,Crime,Romance,93,Crime + Romance
1950,Crime,Sci-Fi,13,Crime + Sci-Fi
1950,Crime,Sport,4,Crime + Sport
1950,Crime,Thriller,203,Crime + Thriller
1950,Crime,War,5,Crime + War
1950,Crime,Western,4,Crime + Western
1950,Documentary,Drama,36,Documentary + Drama
1950,Documentary,Family,13,Documentary + Family
1950,Documentary,Fantasy,1,Documentary + Fantasy
1950,Documentary,History,24,Documentary + History
1950,Documentary,Horror,1,Documentary + Horror
1950,Documentary,Music,30,Documentary + Music
1950,Documentary,Musical,5,Documentary + Musical
1950,Documentary,News,4,Documentary + News
1950,Documentary,Romance,3,Documentary + Romance
1950,Documentary,Sport,40,Documentary + Sport
1950,Documentary,War,26,Documentary + War
1950,Documentary,Western,2,Documentary + Western
1950,Drama,Family,338,Drama + Family
1950,Drama,Fantasy,138,Drama + Fantasy
1950,Drama,Film-Noir,391,Drama + Film-Noir
1950,Drama,History,363,Drama + History
1950,Drama,Horror,73,Drama + Horror
1950,Drama,Music,251,Drama + Music
1950,Drama,Musical,361,Drama + Musical
1950,Drama,Mystery,240,Drama + Mystery
1950,Drama,Romance,1545,Drama + Romance
1950,Drama,Sci-Fi,35,Drama + Sci-Fi
1950,Drama,Sport,77,Drama + Sport
1950,Drama,Thriller,285,Drama + Thriller
1950,Drama,War,550,Drama + War
1950,Drama,Western,708,Drama + Western
1950,Family,Fantasy,88,Family + Fantasy
1950,Family,History,1,Family + History
1950,Family,Horror,5,Family + Horror
1950,Family,Music,6,Family + Music
1950,Family,Musical,32,Family + Musical
1950,Family,Mystery,5,Family + Mystery
1950,Family,Romance,54,Family + Romance
1950,Family,Sci-Fi,13,Family + Sci-Fi
1950,Family,Sport,5,Family + Sport
1950,Family,War,2,Family + War
1950,Family,Western,8,Family + Western
1950,Fantasy,History,7,Fantasy + History
1950,Fantasy,Horror,30,Fantasy + Horror
1950,Fantasy,Music,7,Fantasy + Music
1950,Fantasy,Musical,29,Fantasy + Musical
1950,Fantasy,Mystery,15,Fantasy + Mystery
1950,Fantasy,Romance,40,Fantasy + Romance
1950,Fantasy,Sci-Fi,17,Fantasy + Sci-Fi
1950,Fantasy,Sport,2,Fantasy + Sport
1950,Fantasy,Thriller,2,Fantasy + Thriller
1950,Fantasy,War,1,Fantasy + War
1950,Film-Noir,Horror,2,Film-Noir + Horror
1950,Film-Noir,Music,1,Film-Noir + Music
1950,Film-Noir,Mystery,21,Film-Noir + Mystery
1950,Film-Noir,Romance,7,Film-Noir + Romance
1950,Film-Noir,Sport,5,Film-Noir + Sport
1950,Film-Noir,Thriller,23,Film-Noir + Thriller
1950,History,Music,5,History + Music
1950,History,Musical,14,History + Musical
1950,History,Mystery,4,History + Mystery
1950,History,News,2,History + News
1950,History,Romance,61,History + Romance
1950,History,Sport,2,History + Sport
1950,History,Thriller,9,History + Thriller
1950,History,War,55,History + War
1950,History,Western,4,History + Western
1950,Horror,Music,1,Horror + Music
1950,Horror,Musical,4,Horror + Musical
1950,Horror,Mystery,44,Horror + Mystery
1950,Horror,Romance,15,Horror + Romance
1950,Horror,Sci-Fi,128,Horror + Sci-Fi
1950,Horror,Thriller,27,Horror + Thriller
1950,Horror,Western,2,Horror + Western
1950,Music,Musical,13,Music + Musical
1950,Music,Mystery,1,Music + Mystery
1950,Music,Romance,95,Music + Romance
1950,Music,Sport,2,Music + Sport
1950,Music,Thriller,1,Music + Thriller
1950,Music,War,2,Music + War
1950,Music,Western,40,Music + Western
1950,Musical,Mystery,12,Musical + Mystery
1950,Musical,Romance,320,Musical + Romance
1950,Musical,Sci-Fi,2,Musical + Sci-Fi
1950,Musical,Sport,2,Musical + Sport
1950,Musical,Thriller,4,Musical + Thriller
1950,Musical,War,1,Musical + War
1950,Musical,Western,10,Musical + Western
1950,Mystery,Romance,34,Mystery + Romance
1950,Mystery,Sci-Fi,7,Mystery + Sci-Fi
1950,Mystery,Thriller,59,Mystery + Thriller
1950,Mystery,War,2,Mystery + War
1950,Mystery,Western,6,Mystery + Western
1950,News,Sport,2,News + Sport
1950,News,War,1,News + War
1950,Romance,Sci-Fi,9,Romance + Sci-Fi
1950,Romance,Sport,21,Romance + Sport
1950,Romance,Thriller,37,Romance + Thriller
1950,Romance,War,87,Romance + War
1950,Romance,Western,36,Romance + Western
1950,Sci-Fi,Thriller,20,Sci-Fi + Thriller
1950,Sci-Fi,War,1,Sci-Fi + War
1950,Sport,Thriller,1,Sport + Thriller
1950,Sport,War,1,Sport + War
1950,Sport,Western,1,Sport + Western
1950,Thriller,War,20,Thriller + War
1950,Thriller,Western,4,Thriller + Western
1950,War,Western,4,War + Western
1960,Action,Adventure,679,Action + Adventure
1960,Action,Animation,11,Action + Animation
1960,Action,Biography,10,Action + Biography
1960,Action,Comedy,298,Action + Comedy
1960,Action,Crime,806,Action + Crime
1960,Action,Documentary,3,Action + Documentary
1960,Action,Drama,1152,Action + Drama
1960,Action,Family,19,Action + Family
1960,Action,Fantasy,63,Action + Fantasy
1960,Action,History,88,Action + History
1960,Action,Horror,29,Action + Horror
1960,Action,Music,6,Action + Music
1960,Action,Musical,21,Action + Musical
1960,Action,Mystery,61,Action + Mystery
1960,Action,Romance,100,Action + Romance
1960,Action,Sci-Fi,37,Action + Sci-Fi
1960,Action,Sport,16,Action + Sport
1960,Action,Thriller,172,Action + Thriller
1960,Action,War,177,Action + War
1960,Action,Western,130,Action + Western
1960,Adult,Adventure,2,Adult + Adventure
1960,Adult,Comedy,2,Adult + Comedy
1960,Adult,Drama,8,Adult + Drama
1960,Adult,Romance,1,Adult + Romance
1960,Adult,Western,1,Adult + Western
1960,Adventure,Animation,40,Adventure + Animation
1960,Adventure,Biography,24,Adventure + Biography
1960,Adventure,Comedy,350,Adventure + Comedy
1960,Adventure,Crime,255,Adventure + Crime
1960,Adventure,Documentary,81,Adventure + Documentary
1960,Adventure,Drama,844,Adventure + Drama
1960,Adventure,Family,158,Adventure + Family
1960,Adventure,Fantasy,190,Adventure + Fantasy
1960,Adventure,History,115,Adventure + History
1960,Adventure,Horror,27,Adventure + Horror
1960,Adventure,Music,6,Adventure + Music
1960,Adventure,Musical,31,Adventure + Musical
1960,Adventure,Mystery,31,Adventure + Mystery
1960,Adventure,Romance,137,Adventure + Romance
1960,Adventure,Sci-Fi,56,Adventure + Sci-Fi
1960,Adventure,Sport,69,Adventure + Sport
1960,Adventure,Thriller,44,Adventure + Thriller
1960,Adventure,War,83,Adventure + War
1960,Adventure,Western,86,Adventure + Western
1960,Animation,Comedy,30,Animation + Comedy
1960,Animation,Documentary,7,Animation + Documentary
1960,Animation,Drama,11,Animation + Drama
1960,Animation,Family,26,Animation + Family
1960,Animation,Fantasy,11,Animation + Fantasy
1960,Animation,History,4,Animation + History
1960,Animation,Horror,1,Animation + Horror
1960,Animation,Musical,4,Animation + Musical
1960,Animation,Sci-Fi,2,Animation + Sci-Fi
1960,Animation,Western,1,Animation + Western
1960,Biography,Comedy,14,Biography + Comedy
1960,Biography,Crime,20,Biography + Crime
1960,Biography,Documentary,38,Biography + Documentary
1960,Biography,Drama,200,Biography + Drama
1960,Biography,Family,4,Biography + Family
1960,Biography,Fantasy,2,Biography + Fantasy
1960,Biography,History,88,Biography + History
1960,Biography,Horror,1,Biography + Horror
1960,Biography,Music,10,Biography + Music
1960,Biography,Musical,6,Biography + Musical
1960,Biography,Romance,9,Biography + Romance
1960,Biography,Sport,5,Biography + Sport
1960,Biography,Thriller,2,Biography + Thriller
1960,Biography,War,10,Biography + War
1960,Biography,Western,1,Biography + Western
1960,Comedy,Crime,400,Comedy + Crime
1960,Comedy,Documentary,32,Comedy + Documentary
1960,Comedy,Drama,1140,Comedy + Drama
1960,Comedy,Family,273,Comedy + Family
1960,Comedy,Fantasy,184,Comedy + Fantasy
1960,Comedy,History,34,Comedy + History
1960,Comedy,Horror,69,Comedy + Horror
1960,Comedy,Music,156,Comedy + Music
1960,Comedy,Musical,641,Comedy + Musical
1960,Comedy,Mystery,72,Comedy + Mystery
1960,Comedy,Romance,949,Comedy + Romance
1960,Comedy,Sci-Fi,81,Comedy + Sci-Fi
1960,Comedy,Sport,24,Comedy + Sport
1960,Comedy,Thriller,64,Comedy + Thriller
1960,Comedy,War,79,Comedy + War
1960,Comedy,Western,148,Comedy + Western
1960,Crime,Documentary,2,Crime + Documentary
1960,Crime,Drama,1376,Crime + Drama
1960,Crime,Family,25,Crime + Family
1960,Crime,Fantasy,14,Crime + Fantasy
1960,Crime,History,10,Crime + History
1960,Crime,Horror,87,Crime + Horror
1960,Crime,Music,15,Crime + Music
1960,Crime,Musical,30,Crime + Musical
1960,Crime,Mystery,267,Crime + Mystery
1960,Crime,Romance,116,Crime + Romance
1960,Crime,Sci-Fi,20,Crime + Sci-Fi
1960,Crime,Sport,5,Crime + Sport
1960,Crime,Thriller,316,Crime + Thriller
1960,Crime,War,8,Crime + War
1960,Crime,Western,9,Crime + Western
1960,Documentary,Drama,42,Documentary + Drama
1960,Documentary,Family,19,Documentary + Family
1960,Documentary,Fantasy,4,Documentary + Fantasy
1960,Documentary,History,65,Documentary + History
1960,Documentary,Horror,2,Documentary + Horror
1960,Documentary,Music,59,Documentary + Music
1960,Documentary,Musical,14,Documentary + Musical
1960,Documentary,News,5,Documentary + News
1960,Documentary,Reality-TV,1,Documentary + Reality-TV
1960,Documentary,Romance,1,Documentary + Romance
1960,Documentary,Sci-Fi,1,Documentary + Sci-Fi
1960,Documentary,Sport,121,Documentary + Sport
1960,Documentary,War,50,Documentary + War
1960,Drama,Family,376,Drama + Family
1960,Drama,Fantasy,167,Drama + Fantasy
1960,Drama,History,390,Drama + History
1960,Drama,Horror,219,Drama + Horror
1960,Drama,Music,144,Drama + Music
1960,Drama,Musical,373,Drama + Musical
1960,Drama,Mystery,329,Drama + Mystery
1960,Drama,Romance,2071,Drama + Romance
1960,Drama,Sci-Fi,48,Drama + Sci-Fi
1960,Drama,Sport,44,Drama + Sport
1960,Drama,Thriller,432,Drama + Thriller
1960,Drama,War,722,Drama + War
1960,Drama,Western,684,Drama + Western
1960,Family,Fantasy,98,Family + Fantasy
1960,Family,History,3,Family + History
1960,Family,Horror,3,Family + Horror
1960,Family,Music,9,Family + Music
1960,Family,Musical,57,Family + Musical
1960,Family,Mystery,9,Family + Mystery
1960,Family,Romance,47,Family + Romance
1960,Family,Sci-Fi,15,Family + Sci-Fi
1960,Family,Sport,2,Family + Sport
1960,Family,Thriller,1,Family + Thriller
1960,Family,War,7,Family + War
1960,Family,Western,7,Family + Western
1960,Fantasy,History,6,Fantasy + History
1960,Fantasy,Horror,62,Fantasy + Horror
1960,Fantasy,Music,8,Fantasy + Music
1960,Fantasy,Musical,46,Fantasy + Musical
1960,Fantasy,Mystery,16,Fantasy + Mystery
1960,Fantasy,Romance,55,Fantasy + Romance
1960,Fantasy,Sci-Fi,29,Fantasy + Sci-Fi
1960,Fantasy,Sport,1,Fantasy + Sport
1960,Fantasy,Thriller,4,Fantasy + Thriller
1960,Fantasy,War,2,Fantasy + War
1960,History,Horror,2,History + Horror
1960,History,Music,9,History + Music
1960,History,Musical,21,History + Musical
1960,History,Mystery,4,History + Mystery
1960,History,News,3,History + News
1960,History,Romance,59,History + Romance
1960,History,Sport,1,History + Sport
1960,History,Thriller,8,History + Thriller
1960,History,War,85,History + War
1960,History,Western,3,History + Western
1960,Horror,Music,1,Horror + Music
1960,Horror,Musical,5,Horror + Musical
1960,Horror,Mystery,141,Horror + Mystery
1960,Horror,Romance,14,Horror + Romance
1960,Horror,Sci-Fi,95,Horror + Sci-Fi
1960,Horror,Thriller,124,Horror + Thriller
1960,Horror,Western,4,Horror + Western
1960,Music,Musical,16,Music + Musical
1960,Music,Mystery,2,Music + Mystery
1960,Music,News,1,Music + News
1960,Music,Romance,69,Music + Romance
1960,Music,Sci-Fi,3,Music + Sci-Fi
1960,Music,Sport,2,Music + Sport
1960,Music,Thriller,1,Music + Thriller
1960,Music,War,2,Music + War
1960,Music,Western,3,Music + Western
1960,Musical,Mystery,14,Musical + Mystery
1960,Musical,Romance,284,Musical + Romance
1960,Musical,Sci-Fi,4,Musical + Sci-Fi
1960,Musical,Sport,1,Musical + Sport
1960,Musical,Thriller,7,Musical + Thriller
1960,Musical,War,11,Musical + War
1960,Musical,Western,18,Musical + Western
1960,Mystery,Romance,36,Mystery + Romance
1960,Mystery,Sci-Fi,17,Mystery + Sci-Fi
1960,Mystery,Thriller,162,Mystery + Thriller
1960,Mystery,War,7,Mystery + War
1960,Mystery,Western,8,Mystery + Western
1960,Romance,Sci-Fi,9,Romance + Sci-Fi
1960,Romance,Sport,3,Romance + Sport
1960,Romance,Thriller,42,Romance + Thriller
1960,Romance,War,93,Romance + War
1960,Romance,Western,33,Romance + Western
1960,Sci-Fi,Thriller,39,Sci-Fi + Thriller
1960,Sci-Fi,War,2,Sci-Fi + War
1960,Sci-Fi,Western,1,Sci-Fi + Western
1960,Sport,Thriller,1,Sport + Thriller
1960,Sport,War,3,Sport + War
1960,Thriller,War,17,Thriller + War
1960,Thriller,Western,4,Thriller + Western
1960,War,Western,7,War + Western
1970,Action,Adult,12,Action + Adult
1970,Action,Adventure,783,Action + Adventure
1970,Action,Animation,22,Action + Animation
1970,Action,Biography,39,Action + Biography
1970,Action,Comedy,511,Action + Comedy
1970,Action,Crime,1008,Action + Crime
1970,Action,Documentary,12,Action + Documentary
1970,Action,Drama,1681,Action + Drama
1970,Action,Family,31,Action + Family
1970,Action,Fantasy,109,Action + Fantasy
1970,Action,History,63,Action + History
1970,Action,Horror,62,Action + Horror
1970,Action,Music,7,Action + Music
1970,Action,Musical,32,Action + Musical
1970,Action,Mystery,52,Action + Mystery
1970,Action,Reality-TV,1,Action + Reality-TV
1970,Action,Romance,129,Action + Romance
1970,Action,Sci-Fi,71,Action + Sci-Fi
1970,Action,Sport,18,Action + Sport
1970,Action,Thriller,282,Action + Thriller
1970,Action,War,98,Action + War
1970,Action,Western,63,Action + Western
1970,Adult,Adventure,17,Adult + Adventure
1970,Adult,Animation,9,Adult + Animation
1970,Adult,Biography,4,Adult + Biography
1970,Adult,Comedy,501,Adult + Comedy
1970,Adult,Crime,165,Adult + Crime
1970,Adult,Documentary,34,Adult + Documentary
1970,Adult,Drama,365,Adult + Drama
1970,Adult,Fantasy,66,Adult + Fantasy
1970,Adult,History,4,Adult + History
1970,Adult,Horror,132,Adult + Horror
1970,Adult,Music,8,Adult + Music
1970,Adult,Musical,5,Adult + Musical
1970,Adult,Mystery,15,Adult + Mystery
1970,Adult,Romance,71,Adult + Romance
1970,Adult,Sci-Fi,15,Adult + Sci-Fi
1970,Adult,Sport,5,Adult + Sport
1970,Adult,Talk-Show,1,Adult + Talk-Show
1970,Adult,Thriller,37,Adult + Thriller
1970,Adult,War,1,Adult + War
1970,Adult,Western,22,Adult + Western
1970,Adventure,Animation,74,Adventure + Animation
1970,Adventure,Biography,20,Adventure + Biography
1970,Adventure,Comedy,410,Adventure + Comedy
1970,Adventure,Crime,248,Adventure + Crime
1970,Adventure,Documentary,56,Adventure + Documentary
1970,Adventure,Drama,751,Adventure + Drama
1970,Adventure,Family,209,Adventure + Family
1970,Adventure,Fantasy,182,Adventure + Fantasy
1970,Adventure,History,82,Adventure + History
1970,Adventure,Horror,66,Adventure + Horror
1970,Adventure,Music,3,Adventure + Music
1970,Adventure,Musical,25,Adventure + Musical
1970,Adventure,Mystery,29,Adventure + Mystery
1970,Adventure,News,1,Adventure + News
1970,Adventure,Romance,116,Adventure + Romance
1970,Adventure,Sci-Fi,56,Adventure + Sci-Fi
1970,Adventure,Sport,33,Adventure + Sport
1970,Adventure,Thriller,49,Adventure + Thriller
1970,Adventure,War,62,Adventure + War
1970,Adventure,Western,69,Adventure + Western
1970,Animation,Comedy,75,Animation + Comedy
1970,Animation,Crime,4,Animation + Crime
1970,Animation,Documentary,13,Animation + Documentary
1970,Animation,Drama,31,Animation + Drama
1970,Animation,Family,49,Animation + Family
1970,Animation,Fantasy,22,Animation + Fantasy
1970,Animation,History,3,Animation + History
1970,Animation,Music,3,Animation + Music
1970,Animation,Musical,3,Animation + Musical
1970,Animation,Sci-Fi,11,Animation + Sci-Fi
1970,Animation,Sport,6,Animation + Sport
1970,Animation,Western,1,Animation + Western
1970,Biography,Comedy,25,Biography + Comedy
1970,Biography,Crime,38,Biography + Crime
1970,Biography,Documentary,109,Biography + Documentary
1970,Biography,Drama,273,Biography + Drama
1970,Biography,Family,5,Biography + Family
1970,Biography,Fantasy,3,Biography + Fantasy
1970,Biography,History,123,Biography + History
1970,Biography,Horror,1,Biography + Horror
1970,Biography,Music,23,Biography + Music
1970,Biography,Musical,2,Biography + Musical
1970,Biography,Mystery,1,Biography + Mystery
1970,Biography,Romance,12,Biography + Romance
1970,Biography,Sport,15,Biography + Sport
1970,Biography,War,27,Biography + War
1970,Biography,Western,3,Biography + Western
1970,Comedy,Crime,477,Comedy + Crime
1970,Comedy,Documentary,30,Comedy + Documentary
1970,Comedy,Drama,1465,Comedy + Drama
1970,Comedy,Family,310,Comedy + Family
1970,Comedy,Fantasy,223,Comedy + Fantasy
1970,Comedy,History,46,Comedy + History
1970,Comedy,Horror,117,Comedy + Horror
1970,Comedy,Music,101,Comedy + Music
1970,Comedy,Musical,301,Comedy + Musical
1970,Comedy,Mystery,71,Comedy + Mystery
1970,Comedy,Reality-TV,1,Comedy + Reality-TV
1970,Comedy,Romance,773,Comedy + Romance
1970,Comedy,Sci-Fi,87,Comedy + Sci-Fi
1970,Comedy,Sport,54,Comedy + Sport
1970,Comedy,Thriller,53,Comedy + Thriller
1970,Comedy,War,49,Comedy + War
1970,Comedy,Western,148,Comedy + Western
1970,Crime,Documentary,9,Crime + Documentary
1970,Crime,Drama,1627,Crime + Drama
1970,Crime,Family,35,Crime + Family
1970,Crime,Fantasy,8,Crime + Fantasy
1970,Crime,History,14,Crime + History
1970,Crime,Horror,193,Crime + Horror
1970,Crime,Music,9,Crime + Music
1970,Crime,Musical,17,Crime + Musical
1970,Crime,Mystery,221,Crime + Mystery
1970,Crime,Romance,117,Crime + Romance
1970,Crime,Sci-Fi,11,Crime + Sci-Fi
1970,Crime,Sport,3,Crime + Sport
1970,Crime,Talk-Show,1,Crime + Talk-Show
1970,Crime,Thriller,447,Crime + Thriller
1970,Crime,War,6,Crime + War
1970,Crime,Western,11,Crime + Western
1970,Documentary,Drama,96,Documentary + Drama
1970,Documentary,Family,21,Documentary + Family
1970,Documentary,Fantasy,2,Documentary + Fantasy
1970,Documentary,History,104,Documentary + History
1970,Documentary,Horror,12,Documentary + Horror
1970,Documentary,Music,177,Documentary + Music
1970,Documentary,Musical,22,Documentary + Musical
1970,Documentary,Mystery,8,Documentary + Mystery
1970,Documentary,News,5,Documentary + News
1970,Documentary,Reality-TV,2,Documentary + Reality-TV
1970,Documentary,Romance,4,Documentary + Romance
1970,Documentary,Sci-Fi,5,Documentary + Sci-Fi
1970,Documentary,Sport,139,Documentary + Sport
1970,Documentary,Talk-Show,1,Documentary + Talk-Show
1970,Documentary,Thriller,3,Documentary + Thriller
1970,Documentary,War,29,Documentary + War
1970,Documentary,Western,1,Documentary + Western
1970,Drama,Family,487,Drama + Family
1970,Drama,Fantasy,286,Drama + Fantasy
1970,Drama,History,423,Drama + History
1970,Drama,Horror,440,Drama + Horror
1970,Drama,Music,191,Drama + Music
1970,Drama,Musical,266,Drama + Musical
1970,Drama,Mystery,350,Drama + Mystery
1970,Drama,News,1,Drama + News
1970,Drama,Romance,2037,Drama + Romance
1970,Drama,Sci-Fi,84,Drama + Sci-Fi
1970,Drama,Sport,96,Drama + Sport
1970,Drama,Talk-Show,1,Drama + Talk-Show
1970,Drama,Thriller,631,Drama + Thriller
1970,Drama,War,508,Drama + War
1970,Drama,Western,408,Drama + Western
1970,Family,Fantasy,124,Family + Fantasy
1970,Family,History,8,Family + History
1970,Family,Horror,3,Family + Horror
1970,Family,Music,8,Family + Music
1970,Family,Musical,61,Family + Musical
1970,Family,Mystery,11,Family + Mystery
1970,Family,Romance,53,Family + Romance
1970,Family,Sci-Fi,27,Family + Sci-Fi
1970,Family,Sport,18,Family + Sport
1970,Family,Thriller,6,Family + Thriller
1970,Family,War,7,Family + War
1970,Family,Western,17,Family + Western
1970,Fantasy,History,17,Fantasy + History
1970,Fantasy,Horror,116,Fantasy + Horror
1970,Fantasy,Music,7,Fantasy + Music
1970,Fantasy,Musical,40,Fantasy + Musical
1970,Fantasy,Mystery,27,Fantasy + Mystery
1970,Fantasy,Romance,53,Fantasy + Romance
1970,Fantasy,Sci-Fi,32,Fantasy + Sci-Fi
1970,Fantasy,Sport,1,Fantasy + Sport
1970,Fantasy,Thriller,11,Fantasy + Thriller
1970,Fantasy,War,1,Fantasy + War
1970,Fantasy,Western,2,Fantasy + Western
1970,History,Horror,6,History + Horror
1970,History,Music,10,History + Music
1970,History,Musical,9,History + Musical
1970,History,Mystery,3,History + Mystery
1970,History,News,1,History + News
1970,History,Romance,34,History + Romance
1970,History,Sci-Fi,1,History + Sci-Fi
1970,History,Sport,1,History + Sport
1970,History,Thriller,6,History + Thriller
1970,History,War,83,History + War
1970,History,Western,6,History + Western
1970,Horror,Music,4,Horror + Music
1970,Horror,Musical,4,Horror + Musical
1970,Horror,Mystery,252,Horror + Mystery
1970,Horror,Romance,30,Horror + Romance
1970,Horror,Sci-Fi,113,Horror + Sci-Fi
1970,Horror,Thriller,279,Horror + Thriller
1970,Horror,War,7,Horror + War
1970,Horror,Western,6,Horror + Western
1970,Music,Musical,24,Music + Musical
1970,Music,Mystery,4,Music + Mystery
1970,Music,Romance,66,Music + Romance
1970,Music,Sci-Fi,1,Music + Sci-Fi
1970,Music,Sport,2,Music + Sport
1970,Music,Thriller,1,Music + Thriller
1970,Music,War,1,Music + War
1970,Musical,Mystery,7,Musical + Mystery
1970,Musical,Romance,169,Musical + Romance
1970,Musical,Sci-Fi,4,Musical + Sci-Fi
1970,Musical,Sport,2,Musical + Sport
1970,Musical,Thriller,6,Musical + Thriller
1970,Musical,War,2,Musical + War
1970,Musical,Western,3,Musical + Western
1970,Mystery,Romance,39,Mystery + Romance
1970,Mystery,Sci-Fi,31,Mystery + Sci-Fi
1970,Mystery,Thriller,212,Mystery + Thriller
1970,Mystery,War,3,Mystery + War
1970,Mystery,Western,3,Mystery + Western
1970,News,Sport,1,News + Sport
1970,Romance,Sci-Fi,11,Romance + Sci-Fi
1970,Romance,Sport,12,Romance + Sport
1970,Romance,Thriller,52,Romance + Thriller
1970,Romance,War,55,Romance + War
1970,Romance,Western,18,Romance + Western
1970,Sci-Fi,Sport,2,Sci-Fi + Sport
1970,Sci-Fi,Thriller,33,Sci-Fi + Thriller
1970,Sport,War,2,Sport + War
1970,Thriller,War,17,Thriller + War
1970,Thriller,Western,1,Thriller + Western
1970,War,Western,4,War + Western
1980,Action,Adult,18,Action + Adult
1980,Action,Adventure,688,Action + Adventure
1980,Action,Animation,103,Action + Animation
1980,Action,Biography,38,Action + Biography
1980,Action,Comedy,718,Action + Comedy
1980,Action,Crime,1053,Action + Crime
1980,Action,Documentary,8,Action + Documentary
1980,Action,Drama,2024,Action + Drama
1980,Action,Family,83,Action + Family
1980,Action,Fantasy,193,Action + Fantasy
1980,Action,History,40,Action + History
1980,Action,Horror,158,Action + Horror
1980,Action,Music,12,Action + Music
1980,Action,Musical,34,Action + Musical
1980,Action,Mystery,72,Action + Mystery
1980,Action,Reality-TV,1,Action + Reality-TV
1980,Action,Romance,186,Action + Romance
1980,Action,Sci-Fi,189,Action + Sci-Fi
1980,Action,Sport,33,Action + Sport
1980,Action,Thriller,413,Action + Thriller
1980,Action,War,188,Action + War
1980,Action,Western,36,Action + Western
1980,Adult,Adventure,19,Adult + Adventure
1980,Adult,Animation,2,Adult + Animation
1980,Adult,Biography,4,Adult + Biography
1980,Adult,Comedy,342,Adult + Comedy
1980,Adult,Crime,69,Adult + Crime
1980,Adult,Documentary,11,Adult + Documentary
1980,Adult,Drama,224,Adult + Drama
1980,Adult,Fantasy,41,Adult + Fantasy
1980,Adult,History,2,Adult + History
1980,Adult,Horror,55,Adult + Horror
1980,Adult,Music,2,Adult + Music
1980,Adult,Musical,2,Adult + Musical
1980,Adult,Mystery,30,Adult + Mystery
1980,Adult,Romance,95,Adult + Romance
1980,Adult,Sci-Fi,27,Adult + Sci-Fi
1980,Adult,Sport,5,Adult + Sport
1980,Adult,Talk-Show,1,Adult + Talk-Show
1980,Adult,Thriller,18,Adult + Thriller
1980,Adult,War,1,Adult + War
1980,Adult,Western,3,Adult + Western
1980,Adventure,Animation,176,Adventure + Animation
1980,Adventure,Biography,11,Adventure + Biography
1980,Adventure,Comedy,424,Adventure + Comedy
1980,Adventure,Crime,165,Adventure + Crime
1980,Adventure,Documentary,41,Adventure + Documentary
1980,Adventure,Drama,494,Adventure + Drama
1980,Adventure,Family,219,Adventure + Family
1980,Adventure,Fantasy,220,Adventure + Fantasy
1980,Adventure,History,38,Adventure + History
1980,Adventure,Horror,64,Adventure + Horror
1980,Adventure,Music,12,Adventure + Music
1980,Adventure,Musical,11,Adventure + Musical
1980,Adventure,Mystery,33,Adventure + Mystery
1980,Adventure,Romance,103,Adventure + Romance
1980,Adventure,Sci-Fi,86,Adventure + Sci-Fi
1980,Adventure,Sport,31,Adventure + Sport
1980,Adventure,Thriller,67,Adventure + Thriller
1980,Adventure,War,49,Adventure + War
1980,Adventure,Western,12,Adventure + Western
1980,Animation,Biography,4,Animation + Biography
1980,Animation,Comedy,110,Animation + Comedy
1980,Animation,Crime,8,Animation + Crime
1980,Animation,Documentary,7,Animation + Documentary
1980,Animation,Drama,94,Animation + Drama
1980,Animation,Family,108,Animation + Family
1980,Animation,Fantasy,58,Animation + Fantasy
1980,Animation,History,6,Animation + History
1980,Animation,Horror,4,Animation + Horror
1980,Animation,Music,4,Animation + Music
1980,Animation,Musical,1,Animation + Musical
1980,Animation,Mystery,1,Animation + Mystery
1980,Animation,Romance,9,Animation + Romance
1980,Animation,Sci-Fi,42,Animation + Sci-Fi
1980,Animation,Sport,12,Animation + Sport
1980,Animation,War,2,Animation + War
1980,Biography,Comedy,25,Biography + Comedy
1980,Biography,Crime,28,Biography + Crime
1980,Biography,Documentary,206,Biography + Documentary
1980,Biography,Drama,347,Biography + Drama
1980,Biography,Family,6,Biography + Family
1980,Biography,Fantasy,3,Biography + Fantasy
1980,Biography,History,139,Biography + History
1980,Biography,Horror,1,Biography + Horror
1980,Biography,Music,47,Biography + Music
1980,Biography,Musical,12,Biography + Musical
1980,Biography,Mystery,2,Biography + Mystery
1980,Biography,Romance,21,Biography + Romance
1980,Biography,Sport,7,Biography + Sport
1980,Biography,Thriller,2,Biography + Thriller
1980,Biography,War,20,Biography + War
1980,Comedy,Crime,503,Comedy + Crime
1980,Comedy,Documentary,35,Comedy + Documentary
1980,Comedy,Drama,1830,Comedy + Drama
1980,Comedy,Family,300,Comedy + Family
1980,Comedy,Fantasy,337,Comedy + Fantasy
1980,Comedy,History,31,Comedy + History
1980,Comedy,Horror,312,Comedy + Horror
1980,Comedy,Music,127,Comedy + Music
1980,Comedy,Musical,236,Comedy + Musical
1980,Comedy,Mystery,90,Comedy + Mystery
1980,Comedy,News,1,Comedy + News
1980,Comedy,Romance,870,Comedy + Romance
1980,Comedy,Sci-Fi,193,Comedy + Sci-Fi
1980,Comedy,Sport,59,Comedy + Sport
1980,Comedy,Thriller,84,Comedy + Thriller
1980,Comedy,War,55,Comedy + War
1980,Comedy,Western,25,Comedy + Western
1980,Crime,Documentary,13,Crime + Documentary
1980,Crime,Drama,1541,Crime + Drama
1980,Crime,Family,25,Crime + Family
1980,Crime,Fantasy,23,Crime + Fantasy
1980,Crime,History,11,Crime + History
1980,Crime,Horror,144,Crime + Horror
1980,Crime,Music,18,Crime + Music
1980,Crime,Musical,15,Crime + Musical
1980,Crime,Mystery,244,Crime + Mystery
1980,Crime,Reality-TV,1,Crime + Reality-TV
1980,Crime,Romance,127,Crime + Romance
1980,Crime,Sci-Fi,21,Crime + Sci-Fi
1980,Crime,Sport,3,Crime + Sport
1980,Crime,Thriller,436,Crime + Thriller
1980,Crime,War,8,Crime + War
1980,Crime,Western,3,Crime + Western
1980,Documentary,Drama,82,Documentary + Drama
1980,Documentary,Family,17,Documentary + Family
1980,Documentary,Fantasy,7,Documentary + Fantasy
1980,Documentary,History,150,Documentary + History
1980,Documentary,Horror,13,Documentary + Horror
1980,Documentary,Music,259,Documentary + Music
1980,Documentary,Musical,24,Documentary + Musical
1980,Documentary,Mystery,1,Documentary + Mystery
1980,Documentary,News,1,Documentary + News
1980,Documentary,Romance,6,Documentary + Romance
1980,Documentary,Sci-Fi,1,Documentary + Sci-Fi
1980,Documentary,Sport,94,Documentary + Sport
1980,Documentary,Talk-Show,1,Documentary + Talk-Show
1980,Documentary,Thriller,1,Documentary + Thriller
1980,Documentary,War,47,Documentary + War
1980,Documentary,Western,1,Documentary + Western
1980,Drama,Family,497,Drama + Family
1980,Drama,Fantasy,294,Drama + Fantasy
1980,Drama,History,417,Drama + History
1980,Drama,Horror,338,Drama + Horror
1980,Drama,Music,395,Drama + Music
1980,Drama,Musical,249,Drama + Musical
1980,Drama,Mystery,350,Drama + Mystery
1980,Drama,Romance,2060,Drama + Romance
1980,Drama,Sci-Fi,103,Drama + Sci-Fi
1980,Drama,Sport,123,Drama + Sport
1980,Drama,Thriller,691,Drama + Thriller
1980,Drama,War,492,Drama + War
1980,Drama,Western,96,Drama + Western
1980,Family,Fantasy,167,Family + Fantasy
1980,Family,History,4,Family + History
1980,Family,Horror,6,Family + Horror
1980,Family,Music,11,Family + Music
1980,Family,Musical,55,Family + Musical
1980,Family,Mystery,14,Family + Mystery
1980,Family,Romance,66,Family + Romance
1980,Family,Sci-Fi,36,Family + Sci-Fi
1980,Family,Sport,8,Family + Sport
1980,Family,Thriller,7,Family + Thriller
1980,Family,War,5,Family + War
1980,Family,Western,1,Family + Western
1980,Fantasy,History,7,Fantasy + History
1980,Fantasy,Horror,173,Fantasy + Horror
1980,Fantasy,Music,19,Fantasy + Music
1980,Fantasy,Musical,41,Fantasy + Musical
1980,Fantasy,Mystery,42,Fantasy + Mystery
1980,Fantasy,Romance,87,Fantasy + Romance
1980,Fantasy,Sci-Fi,36,Fantasy + Sci-Fi
1980,Fantasy,Sport,2,Fantasy + Sport
1980,Fantasy,Thriller,22,Fantasy + Thriller
1980,Fantasy,War,1,Fantasy + War
1980,Fantasy,Western,1,Fantasy + Western
1980,History,Horror,8,History + Horror
1980,History,Music,10,History + Music
1980,History,Musical,8,History + Musical
1980,History,Mystery,4,History + Mystery
1980,History,Romance,35,History + Romance
1980,History,Sci-Fi,1,History + Sci-Fi
1980,History,Sport,6,History + Sport
1980,History,Thriller,7,History + Thriller
1980,History,War,77,History + War
1980,History,Western,1,History + Western
1980,Horror,Music,16,Horror + Music
1980,Horror,Musical,12,Horror + Musical
1980,Horror,Mystery,229,Horror + Mystery
1980,Horror,Romance,28,Horror + Romance
1980,Horror,Sci-Fi,188,Horror + Sci-Fi
1980,Horror,Sport,2,Horror + Sport
1980,Horror,Thriller,403,Horror + Thriller
1980,Horror,War,1,Horror + War
1980,Horror,Western,5,Horror + Western
1980,Music,Musical,19,Music + Musical
1980,Music,Mystery,7,Music + Mystery
1980,Music,Romance,112,Music + Romance
1980,Music,Sci-Fi,6,Music + Sci-Fi
1980,Music,Sport,3,Music + Sport
1980,Music,Thriller,5,Music + Thriller
1980,Music,War,3,Music + War
1980,Musical,Mystery,1,Musical + Mystery
1980,Musical,Romance,111,Musical + Romance
1980,Musical,Sci-Fi,10,Musical + Sci-Fi
1980,Musical,Sport,2,Musical + Sport
1980,Musical,Thriller,3,Musical + Thriller
1980,Musical,War,2,Musical + War
1980,Musical,Western,1,Musical + Western
1980,Mystery,Romance,44,Mystery + Romance
1980,Mystery,Sci-Fi,32,Mystery + Sci-Fi
1980,Mystery,Thriller,225,Mystery + Thriller
1980,Mystery,War,1,Mystery + War
1980,Romance,Sci-Fi,20,Romance + Sci-Fi
1980,Romance,Sport,17,Romance + Sport
1980,Romance,Thriller,70,Romance + Thriller
1980,Romance,War,57,Romance + War
1980,Romance,Western,2,Romance + Western
1980,Sci-Fi,Sport,1,Sci-Fi + Sport
1980,Sci-Fi,Thriller,70,Sci-Fi + Thriller
1980,Sci-Fi,Western,1,Sci-Fi + Western
1980,Sport,Thriller,3,Sport + Thriller
1980,Sport,War,1,Sport + War
1980,Thriller,War,19,Thriller + War
1990,Action,Adult,8,Action + Adult
1990,Action,Adventure,511,Action + Adventure
1990,Action,Animation,102,Action + Animation
1990,Action,Biography,33,Action + Biography
1990,Action,Comedy,857,Action + Comedy
1990,Action,Crime,1355,Action + Crime
1990,Action,Documentary,11,Action + Documentary
1990,Action,Drama,2053,Action + Drama
1990,Action,Family,55,Action + Family
1990,Action,Fantasy,199,Action + Fantasy
1990,Action,History,31,Action + History
1990,Action,Horror,141,Action + Horror
1990,Action,Music,3,Action + Music
1990,Action,Musical,36,Action + Musical
1990,Action,Mystery,61,Action + Mystery
1990,Action,Romance,348,Action + Romance
1990,Action,Sci-Fi,266,Action + Sci-Fi
1990,Action,Sport,38,Action + Sport
1990,Action,Thriller,701,Action + Thriller
1990,Action,War,72,Action + War
1990,Action,Western,9,Action + Western
1990,Adult,Adventure,4,Adult + Adventure
1990,Adult,Animation,5,Adult + Animation
1990,Adult,Biography,1,Adult + Biography
1990,Adult,Comedy,67,Adult + Comedy
1990,Adult,Crime,16,Adult + Crime
1990,Adult,Documentary,12,Adult + Documentary
1990,Adult,Drama,56,Adult + Drama
1990,Adult,Fantasy,17,Adult + Fantasy
1990,Adult,History,3,Adult + History
1990,Adult,Horror,10,Adult + Horror
1990,Adult,Mystery,12,Adult + Mystery
1990,Adult,Romance,60,Adult + Romance
1990,Adult,Sci-Fi,1,Adult + Sci-Fi
1990,Adult,Sport,3,Adult + Sport
1990,Adult,Thriller,8,Adult + Thriller
1990,Adventure,Animation,182,Adventure + Animation
1990,Adventure,Biography,24,Adventure + Biography
1990,Adventure,Comedy,443,Adventure + Comedy
1990,Adventure,Crime,93,Adventure + Crime
1990,Adventure,Documentary,18,Adventure + Documentary
1990,Adventure,Drama,363,Adventure + Drama
1990,Adventure,Family,257,Adventure + Family
1990,Adventure,Fantasy,134,Adventure + Fantasy
1990,Adventure,History,26,Adventure + History
1990,Adventure,Horror,26,Adventure + Horror
1990,Adventure,Music,2,Adventure + Music
1990,Adventure,Musical,11,Adventure + Musical
1990,Adventure,Mystery,18,Adventure + Mystery
1990,Adventure,Reality-TV,1,Adventure + Reality-TV
1990,Adventure,Romance,57,Adventure + Romance
1990,Adventure,Sci-Fi,80,Adventure + Sci-Fi
1990,Adventure,Sport,10,Adventure + Sport
1990,Adventure,Thriller,61,Adventure + Thriller
1990,Adventure,War,13,Adventure + War
1990,Adventure,Western,15,Adventure + Western
1990,Animation,Biography,11,Animation + Biography
1990,Animation,Comedy,127,Animation + Comedy
1990,Animation,Crime,11,Animation + Crime
1990,Animation,Documentary,7,Animation + Documentary
1990,Animation,Drama,87,Animation + Drama
1990,Animation,Family,107,Animation + Family
1990,Animation,Fantasy,57,Animation + Fantasy
1990,Animation,History,7,Animation + History
1990,Animation,Horror,13,Animation + Horror
1990,Animation,Music,5,Animation + Music
1990,Animation,Musical,4,Animation + Musical
1990,Animation,Mystery,4,Animation + Mystery
1990,Animation,Romance,2,Animation + Romance
1990,Animation,Sci-Fi,23,Animation + Sci-Fi
1990,Animation,Sport,4,Animation + Sport
1990,Animation,Thriller,3,Animation + Thriller
1990,Animation,War,3,Animation + War
1990,Biography,Comedy,31,Biography + Comedy
1990,Biography,Crime,39,Biography + Crime
1990,Biography,Documentary,352,Biography + Documentary
1990,Biography,Drama,390,Biography + Drama
1990,Biography,Family,5,Biography + Family
1990,Biography,Fantasy,3,Biography + Fantasy
1990,Biography,History,134,Biography + History
1990,Biography,Horror,3,Biography + Horror
1990,Biography,Music,73,Biography + Music
1990,Biography,Musical,7,Biography + Musical
1990,Biography,Mystery,4,Biography + Mystery
1990,Biography,Romance,36,Biography + Romance
1990,Biography,Sport,27,Biography + Sport
1990,Biography,Thriller,1,Biography + Thriller
1990,Biography,War,21,Biography + War
1990,Biography,Western,2,Biography + Western
1990,Comedy,Crime,692,Comedy + Crime
1990,Comedy,Documentary,66,Comedy + Documentary
1990,Comedy,Drama,2484,Comedy + Drama
1990,Comedy,Family,382,Comedy + Family
1990,Comedy,Fantasy,418,Comedy + Fantasy
1990,Comedy,History,43,Comedy + History
1990,Comedy,Horror,321,Comedy + Horror
1990,Comedy,Music,125,Comedy + Music
1990,Comedy,Musical,126,Comedy + Musical
1990,Comedy,Mystery,100,Comedy + Mystery
1990,Comedy,Romance,1351,Comedy + Romance
1990,Comedy,Sci-Fi,153,Comedy + Sci-Fi
1990,Comedy,Sport,79,Comedy + Sport
1990,Comedy,Thriller,182,Comedy + Thriller
1990,Comedy,War,35,Comedy + War
1990,Comedy,Western,20,Comedy + Western
1990,Crime,Documentary,32,Crime + Documentary
1990,Crime,Drama,1944,Crime + Drama
1990,Crime,Family,17,Crime + Family
1990,Crime,Fantasy,36,Crime + Fantasy
1990,Crime,History,17,Crime + History
1990,Crime,Horror,123,Crime + Horror
1990,Crime,Music,19,Crime + Music
1990,Crime,Musical,10,Crime + Musical
1990,Crime,Mystery,277,Crime + Mystery
1990,Crime,Romance,187,Crime + Romance
1990,Crime,Sci-Fi,25,Crime + Sci-Fi
1990,Crime,Sport,8,Crime + Sport
1990,Crime,Thriller,657,Crime + Thriller
1990,Crime,War,4,Crime + War
1990,Crime,Western,1,Crime + Western
1990,Documentary,Drama,118,Documentary + Drama
1990,Documentary,Family,16,Documentary + Family
1990,Documentary,Fantasy,3,Documentary + Fantasy
1990,Documentary,History,263,Documentary + History
1990,Documentary,Horror,12,Documentary + Horror
1990,Documentary,Music,348,Documentary + Music
1990,Documentary,Musical,18,Documentary + Musical
1990,Documentary,Mystery,8,Documentary + Mystery
1990,Documentary,News,1,Documentary + News
1990,Documentary,Reality-TV,1,Documentary + Reality-TV
1990,Documentary,Romance,7,Documentary + Romance
1990,Documentary,Sci-Fi,4,Documentary + Sci-Fi
1990,Documentary,Sport,78,Documentary + Sport
1990,Documentary,Talk-Show,1,Documentary + Talk-Show
1990,Documentary,Thriller,2,Documentary + Thriller
1990,Documentary,War,120,Documentary + War
1990,Documentary,Western,1,Documentary + Western
1990,Drama,Family,411,Drama + Family
1990,Drama,Fantasy,357,Drama + Fantasy
1990,Drama,History,379,Drama + History
1990,Drama,Horror,281,Drama + Horror
1990,Drama,Music,236,Drama + Music
1990,Drama,Musical,183,Drama + Musical
1990,Drama,Mystery,472,Drama + Mystery
1990,Drama,Romance,2528,Drama + Romance
1990,Drama,Sci-Fi,107,Drama + Sci-Fi
1990,Drama,Sport,117,Drama + Sport
1990,Drama,Thriller,1063,Drama + Thriller
1990,Drama,War,330,Drama + War
1990,Drama,Western,77,Drama + Western
1990,Family,Fantasy,174,Family + Fantasy
1990,Family,History,5,Family + History
1990,Family,Horror,10,Family + Horror
1990,Family,Music,14,Family + Music
1990,Family,Musical,23,Family + Musical
1990,Family,Mystery,12,Family + Mystery
1990,Family,Romance,76,Family + Romance
1990,Family,Sci-Fi,24,Family + Sci-Fi
1990,Family,Sport,17,Family + Sport
1990,Family,Thriller,6,Family + Thriller
1990,Family,War,3,Family + War
1990,Family,Western,7,Family + Western
1990,Fantasy,History,9,Fantasy + History
1990,Fantasy,Horror,173,Fantasy + Horror
1990,Fantasy,Music,6,Fantasy + Music
1990,Fantasy,Musical,11,Fantasy + Musical
1990,Fantasy,Mystery,51,Fantasy + Mystery
1990,Fantasy,Romance,117,Fantasy + Romance
1990,Fantasy,Sci-Fi,46,Fantasy + Sci-Fi
1990,Fantasy,Sport,3,Fantasy + Sport
1990,Fantasy,Thriller,29,Fantasy + Thriller
1990,Fantasy,War,3,Fantasy + War
1990,Fantasy,Western,2,Fantasy + Western
1990,History,Horror,3,History + Horror
1990,History,Music,18,History + Music
1990,History,Musical,4,History + Musical
1990,History,Mystery,6,History + Mystery
1990,History,Romance,49,History + Romance
1990,History,Sci-Fi,1,History + Sci-Fi
1990,History,Sport,4,History + Sport
1990,History,Thriller,7,History + Thriller
1990,History,War,102,History + War
1990,History,Western,3,History + Western
1990,Horror,Music,5,Horror + Music
1990,Horror,Musical,9,Horror + Musical
1990,Horror,Mystery,198,Horror + Mystery
1990,Horror,Romance,46,Horror + Romance
1990,Horror,Sci-Fi,158,Horror + Sci-Fi
1990,Horror,Sport,1,Horror + Sport
1990,Horror,Thriller,315,Horror + Thriller
1990,Horror,War,2,Horror + War
1990,Horror,Western,6,Horror + Western
1990,Music,Musical,4,Music + Musical
1990,Music,Mystery,7,Music + Mystery
1990,Music,News,1,Music + News
1990,Music,Romance,60,Music + Romance
1990,Music,Sport,11,Music + Sport
1990,Music,Thriller,4,Music + Thriller
1990,Music,Western,1,Music + Western
1990,Musical,Mystery,2,Musical + Mystery
1990,Musical,Romance,81,Musical + Romance
1990,Musical,Sci-Fi,3,Musical + Sci-Fi
1990,Musical,Sport,1,Musical + Sport
1990,Musical,Thriller,2,Musical + Thriller
1990,Musical,Western,1,Musical + Western
1990,Mystery,Romance,91,Mystery + Romance
1990,Mystery,Sci-Fi,43,Mystery + Sci-Fi
1990,Mystery,Thriller,296,Mystery + Thriller
1990,Mystery,War,2,Mystery + War
1990,Mystery,Western,2,Mystery + Western
1990,Reality-TV,Thriller,1,Reality-TV + Thriller
1990,Romance,Sci-Fi,32,Romance + Sci-Fi
1990,Romance,Sport,24,Romance + Sport
1990,Romance,Thriller,140,Romance + Thriller
1990,Romance,War,61,Romance + War
1990,Romance,Western,6,Romance + Western
1990,Sci-Fi,Thriller,94,Sci-Fi + Thriller
1990,Sci-Fi,War,1,Sci-Fi + War
1990,Sci-Fi,Western,4,Sci-Fi + Western
1990,Sport,Thriller,1,Sport + Thriller
1990,Thriller,War,8,Thriller + War
1990,War,Western,1,War + Western
2000,Action,Adult,2,Action + Adult
2000,Action,Adventure,925,Action + Adventure
2000,Action,Animation,228,Action + Animation
2000,Action,Biography,53,Action + Biography
2000,Action,Comedy,1140,Action + Comedy
2000,Action,Crime,1225,Action + Crime
2000,Action,Documentary,88,Action + Documentary
2000,Action,Drama,1964,Action + Drama
2000,Action,Family,86,Action + Family
2000,Action,Fantasy,286,Action + Fantasy
2000,Action,History,67,Action + History
2000,Action,Horror,295,Action + Horror
2000,Action,Music,18,Action + Music
2000,Action,Musical,57,Action + Musical
2000,Action,Mystery,114,Action + Mystery
2000,Action,News,1,Action + News
2000,Action,Reality-TV,4,Action + Reality-TV
2000,Action,Romance,338,Action + Romance
2000,Action,Sci-Fi,276,Action + Sci-Fi
2000,Action,Sport,59,Action + Sport
2000,Action,Thriller,684,Action + Thriller
2000,Action,War,72,Action + War
2000,Action,Western,16,Action + Western
2000,Adult,Adventure,4,Adult + Adventure
2000,Adult,Animation,1,Adult + Animation
2000,Adult,Biography,1,Adult + Biography
2000,Adult,Comedy,15,Adult + Comedy
2000,Adult,Crime,7,Adult + Crime
2000,Adult,Documentary,16,Adult + Documentary
2000,Adult,Drama,21,Adult + Drama
2000,Adult,Family,1,Adult + Family
2000,Adult,Fantasy,11,Adult + Fantasy
2000,Adult,Game-Show,1,Adult + Game-Show
2000,Adult,History,1,Adult + History
2000,Adult,Horror,6,Adult + Horror
2000,Adult,Music,1,Adult + Music
2000,Adult,Mystery,4,Adult + Mystery
2000,Adult,Romance,13,Adult + Romance
2000,Adult,Sci-Fi,2,Adult + Sci-Fi
2000,Adult,Sport,1,Adult + Sport
2000,Adult,Thriller,3,Adult + Thriller
2000,Adventure,Animation,404,Adventure + Animation
2000,Adventure,Biography,52,Adventure + Biography
2000,Adventure,Comedy,771,Adventure + Comedy
2000,Adventure,Crime,132,Adventure + Crime
2000,Adventure,Documentary,158,Adventure + Documentary
2000,Adventure,Drama,583,Adventure + Drama
2000,Adventure,Family,362,Adventure + Family
2000,Adventure,Fantasy,255,Adventure + Fantasy
2000,Adventure,History,38,Adventure + History
2000,Adventure,Horror,72,Adventure + Horror
2000,Adventure,Music,8,Adventure + Music
2000,Adventure,Musical,9,Adventure + Musical
2000,Adventure,Mystery,57,Adventure + Mystery
2000,Adventure,News,1,Adventure + News
2000,Adventure,Reality-TV,1,Adventure + Reality-TV
2000,Adventure,Romance,83,Adventure + Romance
2000,Adventure,Sci-Fi,108,Adventure + Sci-Fi
2000,Adventure,Sport,20,Adventure + Sport
2000,Adventure,Thriller,67,Adventure + Thriller
2000,Adventure,War,9,Adventure + War
2000,Adventure,Western,4,Adventure + Western
2000,Animation,Biography,26,Animation + Biography
2000,Animation,Comedy,305,Animation + Comedy
2000,Animation,Crime,25,Animation + Crime
2000,Animation,Documentary,42,Animation + Documentary
2000,Animation,Drama,138,Animation + Drama
2000,Animation,Family,210,Animation + Family
2000,Animation,Fantasy,109,Animation + Fantasy
2000,Animation,History,24,Animation + History
2000,Animation,Horror,17,Animation + Horror
2000,Animation,Music,12,Animation + Music
2000,Animation,Musical,13,Animation + Musical
2000,Animation,Mystery,6,Animation + Mystery
2000,Animation,Romance,11,Animation + Romance
2000,Animation,Sci-Fi,38,Animation + Sci-Fi
2000,Animation,Sport,7,Animation + Sport
2000,Animation,Thriller,3,Animation + Thriller
2000,Animation,War,2,Animation + War
2000,Biography,Comedy,111,Biography + Comedy
2000,Biography,Crime,97,Biography + Crime
2000,Biography,Documentary,1007,Biography + Documentary
2000,Biography,Drama,590,Biography + Drama
2000,Biography,Family,36,Biography + Family
2000,Biography,Fantasy,3,Biography + Fantasy
2000,Biography,History,280,Biography + History
2000,Biography,Horror,8,Biography + Horror
2000,Biography,Music,196,Biography + Music
2000,Biography,Musical,13,Biography + Musical
2000,Biography,Mystery,4,Biography + Mystery
2000,Biography,News,5,Biography + News
2000,Biography,Reality-TV,1,Biography + Reality-TV
2000,Biography,Romance,47,Biography + Romance
2000,Biography,Sci-Fi,2,Biography + Sci-Fi
2000,Biography,Sport,66,Biography + Sport
2000,Biography,Thriller,3,Biography + Thriller
2000,Biography,War,21,Biography + War
2000,Comedy,Crime,898,Comedy + Crime
2000,Comedy,Documentary,307,Comedy + Documentary
2000,Comedy,Drama,4525,Comedy + Drama
2000,Comedy,Family,589,Comedy + Family
2000,Comedy,Fantasy,526,Comedy + Fantasy
2000,Comedy,History,41,Comedy + History
2000,Comedy,Horror,627,Comedy + Horror
2000,Comedy,Music,282,Comedy + Music
2000,Comedy,Musical,257,Comedy + Musical
2000,Comedy,Mystery,209,Comedy + Mystery
2000,Comedy,News,2,Comedy + News
2000,Comedy,Reality-TV,4,Comedy + Reality-TV
2000,Comedy,Romance,2573,Comedy + Romance
2000,Comedy,Sci-Fi,218,Comedy + Sci-Fi
2000,Comedy,Sport,166,Comedy + Sport
2000,Comedy,Talk-Show,1,Comedy + Talk-Show
2000,Comedy,Thriller,245,Comedy + Thriller
2000,Comedy,War,42,Comedy + War
2000,Comedy,Western,20,Comedy + Western
2000,Crime,Documentary,134,Crime + Documentary
2000,Crime,Drama,2322,Crime + Drama
2000,Crime,Family,23,Crime + Family
2000,Crime,Fantasy,44,Crime + Fantasy
2000,Crime,History,38,Crime + History
2000,Crime,Horror,226,Crime + Horror
2000,Crime,Music,23,Crime + Music
2000,Crime,Musical,20,Crime + Musical
2000,Crime,Mystery,434,Crime + Mystery
2000,Crime,News,1,Crime + News
2000,Crime,Romance,237,Crime + Romance
2000,Crime,Sci-Fi,16,Crime + Sci-Fi
2000,Crime,Sport,14,Crime + Sport
2000,Crime,Thriller,921,Crime + Thriller
2000,Crime,War,10,Crime + War
2000,Crime,Western,5,Crime + Western
2000,Documentary,Drama,507,Documentary + Drama
2000,Documentary,Family,167,Documentary + Family
2000,Documentary,Fantasy,19,Documentary + Fantasy
2000,Documentary,History,675,Documentary + History
2000,Documentary,Horror,47,Documentary + Horror
2000,Documentary,Music,1224,Documentary + Music
2000,Documentary,Musical,83,Documentary + Musical
2000,Documentary,Mystery,25,Documentary + Mystery
2000,Documentary,News,105,Documentary + News
2000,Documentary,Reality-TV,17,Documentary + Reality-TV
2000,Documentary,Romance,56,Documentary + Romance
2000,Documentary,Sci-Fi,12,Documentary + Sci-Fi
2000,Documentary,Sport,422,Documentary + Sport
2000,Documentary,Talk-Show,1,Documentary + Talk-Show
2000,Documentary,Thriller,9,Documentary + Thriller
2000,Documentary,War,342,Documentary + War
2000,Documentary,Western,1,Documentary + Western
2000,Drama,Family,657,Drama + Family
2000,Drama,Fantasy,612,Drama + Fantasy
2000,Drama,History,501,Drama + History
2000,Drama,Horror,717,Drama + Horror
2000,Drama,Music,437,Drama + Music
2000,Drama,Musical,345,Drama + Musical
2000,Drama,Mystery,948,Drama + Mystery
2000,Drama,News,7,Drama + News
2000,Drama,Reality-TV,2,Drama + Reality-TV
2000,Drama,Romance,3843,Drama + Romance
2000,Drama,Sci-Fi,242,Drama + Sci-Fi
2000,Drama,Sport,248,Drama + Sport
2000,Drama,Thriller,1680,Drama + Thriller
2000,Drama,War,431,Drama + War
2000,Drama,Western,119,Drama + Western
2000,Family,Fantasy,181,Family + Fantasy
2000,Family,History,21,Family + History
2000,Family,Horror,7,Family + Horror
2000,Family,Music,31,Family + Music
2000,Family,Musical,53,Family + Musical
2000,Family,Mystery,24,Family + Mystery
2000,Family,News,7,Family + News
2000,Family,Reality-TV,1,Family + Reality-TV
2000,Family,Romance,124,Family + Romance
2000,Family,Sci-Fi,12,Family + Sci-Fi
2000,Family,Sport,30,Family + Sport
2000,Family,Thriller,6,Family + Thriller
2000,Family,War,9,Family + War
2000,Family,Western,7,Family + Western
2000,Fantasy,Game-Show,1,Fantasy + Game-Show
2000,Fantasy,History,16,Fantasy + History
2000,Fantasy,Horror,251,Fantasy + Horror
2000,Fantasy,Music,17,Fantasy + Music
2000,Fantasy,Musical,26,Fantasy + Musical
2000,Fantasy,Mystery,105,Fantasy + Mystery
2000,Fantasy,Romance,164,Fantasy + Romance
2000,Fantasy,Sci-Fi,73,Fantasy + Sci-Fi
2000,Fantasy,Thriller,61,Fantasy + Thriller
2000,Fantasy,War,6,Fantasy + War
2000,Fantasy,Western,2,Fantasy + Western
2000,History,Horror,7,History + Horror
2000,History,Music,59,History + Music
2000,History,Musical,6,History + Musical
2000,History,Mystery,9,History + Mystery
2000,History,News,33,History + News
2000,History,Reality-TV,2,History + Reality-TV
2000,History,Romance,55,History + Romance
2000,History,Sport,14,History + Sport
2000,History,Thriller,15,History + Thriller
2000,History,War,153,History + War
2000,Horror,Music,13,Horror + Music
2000,Horror,Musical,17,Horror + Musical
2000,Horror,Mystery,575,Horror + Mystery
2000,Horror,Romance,93,Horror + Romance
2000,Horror,Sci-Fi,261,Horror + Sci-Fi
2000,Horror,Sport,2,Horror + Sport
2000,Horror,Thriller,1025,Horror + Thriller
2000,Horror,War,6,Horror + War
2000,Horror,Western,6,Horror + Western
2000,Music,Musical,36,Music + Musical
2000,Music,Mystery,3,Music + Mystery
2000,Music,News,1,Music + News
2000,Music,Romance,122,Music + Romance
2000,Music,Sci-Fi,3,Music + Sci-Fi
2000,Music,Sport,7,Music + Sport
2000,Music,Thriller,6,Music + Thriller
2000,Music,War,7,Music + War
2000,Musical,Mystery,6,Musical + Mystery
2000,Musical,News,1,Musical + News
2000,Musical,Romance,185,Musical + Romance
2000,Musical,Sci-Fi,6,Musical + Sci-Fi
2000,Musical,Sport,3,Musical + Sport
2000,Musical,Thriller,12,Musical + Thriller
2000,Musical,War,5,Musical + War
2000,Mystery,Romance,138,Mystery + Romance
2000,Mystery,Sci-Fi,98,Mystery + Sci-Fi
2000,Mystery,Sport,3,Mystery + Sport
2000,Mystery,Thriller,574,Mystery + Thriller
2000,Mystery,War,2,Mystery + War
2000,Mystery,Western,1,Mystery + Western
2000,News,Reality-TV,1,News + Reality-TV
2000,News,Sport,3,News + Sport
2000,News,Thriller,1,News + Thriller
2000,News,War,2,News + War
2000,Reality-TV,Sport,1,Reality-TV + Sport
2000,Romance,Sci-Fi,31,Romance + Sci-Fi
2000,Romance,Sport,55,Romance + Sport
2000,Romance,Thriller,198,Romance + Thriller
2000,Romance,War,76,Romance + War
2000,Romance,Western,6,Romance + Western
2000,Sci-Fi,Sport,1,Sci-Fi + Sport
2000,Sci-Fi,Thriller,167,Sci-Fi + Thriller
2000,Sci-Fi,War,4,Sci-Fi + War
2000,Sci-Fi,Western,3,Sci-Fi + Western
2000,Sport,Thriller,4,Sport + Thriller
2000,Sport,War,3,Sport + War
2000,Thriller,War,17,Thriller + War
2000,Thriller,Western,7,Thriller + Western
2000,War,Western,2,War + Western
2010,Action,Adult,5,Action + Adult
2010,Action,Adventure,2091,Action + Adventure
2010,Action,Animation,586,Action + Animation
2010,Action,Biography,201,Action + Biography
2010,Action,Comedy,2239,Action + Comedy
2010,Action,Crime,2074,Action + Crime
2010,Action,Documentary,404,Action + Documentary
2010,Action,Drama,3492,Action + Drama
2010,Action,Family,153,Action + Family
2010,Action,Fantasy,553,Action + Fantasy
2010,Action,History,262,Action + History
2010,Action,Horror,792,Action + Horror
2010,Action,Music,37,Action + Music
2010,Action,Musical,38,Action + Musical
2010,Action,Mystery,288,Action + Mystery
2010,Action,News,6,Action + News
2010,Action,Reality-TV,2,Action + Reality-TV
2010,Action,Romance,510,Action + Romance
2010,Action,Sci-Fi,735,Action + Sci-Fi
2010,Action,Sport,131,Action + Sport
2010,Action,Thriller,1569,Action + Thriller
2010,Action,War,150,Action + War
2010,Action,Western,36,Action + Western
2010,Adult,Adventure,4,Adult + Adventure
2010,Adult,Animation,1,Adult + Animation
2010,Adult,Comedy,23,Adult + Comedy
2010,Adult,Crime,5,Adult + Crime
2010,Adult,Documentary,8,Adult + Documentary
2010,Adult,Drama,41,Adult + Drama
2010,Adult,Fantasy,2,Adult + Fantasy
2010,Adult,Horror,26,Adult + Horror
2010,Adult,Music,1,Adult + Music
2010,Adult,Mystery,4,Adult + Mystery
2010,Adult,Reality-TV,1,Adult + Reality-TV
2010,Adult,Romance,38,Adult + Romance
2010,Adult,Sci-Fi,2,Adult + Sci-Fi
2010,Adult,Thriller,6,Adult + Thriller
2010,Adventure,Animation,987,Adventure + Animation
2010,Adventure,Biography,363,Adventure + Biography
2010,Adventure,Comedy,1823,Adventure + Comedy
2010,Adventure,Crime,248,Adventure + Crime
2010,Adventure,Documentary,1585,Adventure + Documentary
2010,Adventure,Drama,1649,Adventure + Drama
2010,Adventure,Family,793,Adventure + Family
2010,Adventure,Fantasy,620,Adventure + Fantasy
2010,Adventure,History,258,Adventure + History
2010,Adventure,Horror,253,Adventure + Horror
2010,Adventure,Music,86,Adventure + Music
2010,Adventure,Musical,44,Adventure + Musical
2010,Adventure,Mystery,183,Adventure + Mystery
2010,Adventure,News,38,Adventure + News
2010,Adventure,Reality-TV,3,Adventure + Reality-TV
2010,Adventure,Romance,180,Adventure + Romance
2010,Adventure,Sci-Fi,317,Adventure + Sci-Fi
2010,Adventure,Sport,125,Adventure + Sport
2010,Adventure,Thriller,235,Adventure + Thriller
2010,Adventure,War,29,Adventure + War
2010,Adventure,Western,19,Adventure + Western
2010,Animation,Biography,119,Animation + Biography
2010,Animation,Comedy,716,Animation + Comedy
2010,Animation,Crime,46,Animation + Crime
2010,Animation,Documentary,242,Animation + Documentary
2010,Animation,Drama,391,Animation + Drama
2010,Animation,Family,432,Animation + Family
2010,Animation,Fantasy,222,Animation + Fantasy
2010,Animation,History,67,Animation + History
2010,Animation,Horror,60,Animation + Horror
2010,Animation,Music,53,Animation + Music
2010,Animation,Musical,41,Animation + Musical
2010,Animation,Mystery,33,Animation + Mystery
2010,Animation,News,4,Animation + News
2010,Animation,Romance,37,Animation + Romance
2010,Animation,Sci-Fi,123,Animation + Sci-Fi
2010,Animation,Sport,28,Animation + Sport
2010,Animation,Thriller,20,Animation + Thriller
2010,Animation,War,14,Animation + War
2010,Animation,Western,2,Animation + Western
2010,Biography,Comedy,510,Biography + Comedy
2010,Biography,Crime,333,Biography + Crime
2010,Biography,Documentary,6212,Biography + Documentary
2010,Biography,Drama,2210,Biography + Drama
2010,Biography,Family,463,Biography + Family
2010,Biography,Fantasy,42,Biography + Fantasy
2010,Biography,History,1574,Biography + History
2010,Biography,Horror,9,Biography + Horror
2010,Biography,Music,678,Biography + Music
2010,Biography,Musical,41,Biography + Musical
2010,Biography,Mystery,28,Biography + Mystery
2010,Biography,News,91,Biography + News
2010,Biography,Reality-TV,6,Biography + Reality-TV
2010,Biography,Romance,116,Biography + Romance
2010,Biography,Sci-Fi,7,Biography + Sci-Fi
2010,Biography,Sport,275,Biography + Sport
2010,Biography,Talk-Show,1,Biography + Talk-Show
2010,Biography,Thriller,37,Biography + Thriller
2010,Biography,War,70,Biography + War
2010,Biography,Western,2,Biography + Western
2010,Comedy,Crime,1387,Comedy + Crime
2010,Comedy,Documentary,1236,Comedy + Documentary
2010,Comedy,Drama,9148,Comedy + Drama
2010,Comedy,Family,1325,Comedy + Family
2010,Comedy,Fantasy,1015,Comedy + Fantasy
2010,Comedy,History,183,Comedy + History
2010,Comedy,Horror,1721,Comedy + Horror
2010,Comedy,Music,505,Comedy + Music
2010,Comedy,Musical,384,Comedy + Musical
2010,Comedy,Mystery,442,Comedy + Mystery
2010,Comedy,News,21,Comedy + News
2010,Comedy,Reality-TV,8,Comedy + Reality-TV
2010,Comedy,Romance,4304,Comedy + Romance
2010,Comedy,Sci-Fi,524,Comedy + Sci-Fi
2010,Comedy,Sport,213,Comedy + Sport
2010,Comedy,Talk-Show,4,Comedy + Talk-Show
2010,Comedy,Thriller,647,Comedy + Thriller
2010,Comedy,War,46,Comedy + War
2010,Comedy,Western,49,Comedy + Western
2010,Crime,Documentary,602,Crime + Documentary
2010,Crime,Drama,4136,Crime + Drama
2010,Crime,Family,95,Crime + Family
2010,Crime,Fantasy,100,Crime + Fantasy
2010,Crime,History,125,Crime + History
2010,Crime,Horror,439,Crime + Horror
2010,Crime,Music,36,Crime + Music
2010,Crime,Musical,21,Crime + Musical
2010,Crime,Mystery,923,Crime + Mystery
2010,Crime,News,26,Crime + News
2010,Crime,Reality-TV,1,Crime + Reality-TV
2010,Crime,Romance,237,Crime + Romance
2010,Crime,Sci-Fi,44,Crime + Sci-Fi
2010,Crime,Sport,22,Crime + Sport
2010,Crime,Thriller,1743,Crime + Thriller
2010,Crime,War,15,Crime + War
2010,Crime,Western,12,Crime + Western
2010,Documentary,Drama,3972,Documentary + Drama
2010,Documentary,Family,1522,Documentary + Family
2010,Documentary,Fantasy,121,Documentary + Fantasy
2010,Documentary,Game-Show,3,Documentary + Game-Show
2010,Documentary,History,4207,Documentary + History
2010,Documentary,Horror,138,Documentary + Horror
2010,Documentary,Music,3133,Documentary + Music
2010,Documentary,Musical,192,Documentary + Musical
2010,Documentary,Mystery,184,Documentary + Mystery
2010,Documentary,News,1144,Documentary + News
2010,Documentary,Reality-TV,34,Documentary + Reality-TV
2010,Documentary,Romance,152,Documentary + Romance
2010,Documentary,Sci-Fi,67,Documentary + Sci-Fi
2010,Documentary,Sport,1422,Documentary + Sport
2010,Documentary,Talk-Show,11,Documentary + Talk-Show
2010,Documentary,Thriller,57,Documentary + Thriller
2010,Documentary,War,599,Documentary + War
2010,Documentary,Western,8,Documentary + Western
2010,Drama,Family,2500,Drama + Family
2010,Drama,Fantasy,1538,Drama + Fantasy
2010,Drama,Game-Show,1,Drama + Game-Show
2010,Drama,History,1705,Drama + History
2010,Drama,Horror,2032,Drama + Horror
2010,Drama,Music,992,Drama + Music
2010,Drama,Musical,491,Drama + Musical
2010,Drama,Mystery,2578,Drama + Mystery
2010,Drama,News,138,Drama + News
2010,Drama,Reality-TV,6,Drama + Reality-TV
2010,Drama,Romance,6305,Drama + Romance
2010,Drama,Sci-Fi,876,Drama + Sci-Fi
2010,Drama,Sport,600,Drama + Sport
2010,Drama,Thriller,4332,Drama + Thriller
2010,Drama,War,699,Drama + War
2010,Drama,Western,346,Drama + Western
2010,Family,Fantasy,326,Family + Fantasy
2010,Family,History,202,Family + History
2010,Family,Horror,27,Family + Horror
2010,Family,Music,125,Family + Music
2010,Family,Musical,116,Family + Musical
2010,Family,Mystery,86,Family + Mystery
2010,Family,News,43,Family + News
2010,Family,Reality-TV,1,Family + Reality-TV
2010,Family,Romance,327,Family + Romance
2010,Family,Sci-Fi,57,Family + Sci-Fi
2010,Family,Sport,118,Family + Sport
2010,Family,Talk-Show,1,Family + Talk-Show
2010,Family,Thriller,57,Family + Thriller
2010,Family,War,28,Family + War
2010,Family,Western,6,Family + Western
2010,Fantasy,History,60,Fantasy + History
2010,Fantasy,Horror,725,Fantasy + Horror
2010,Fantasy,Music,95,Fantasy + Music
2010,Fantasy,Musical,71,Fantasy + Musical
2010,Fantasy,Mystery,326,Fantasy + Mystery
2010,Fantasy,Romance,288,Fantasy + Romance
2010,Fantasy,Sci-Fi,240,Fantasy + Sci-Fi
2010,Fantasy,Sport,4,Fantasy + Sport
2010,Fantasy,Talk-Show,1,Fantasy + Talk-Show
2010,Fantasy,Thriller,223,Fantasy + Thriller
2010,Fantasy,War,10,Fantasy + War
2010,Fantasy,Western,7,Fantasy + Western
2010,Game-Show,History,1,Game-Show + History
2010,Game-Show,Sport,1,Game-Show + Sport
2010,History,Horror,37,History + Horror
2010,History,Music,271,History + Music
2010,History,Musical,27,History + Musical
2010,History,Mystery,69,History + Mystery
2010,History,News,306,History + News
2010,History,Reality-TV,2,History + Reality-TV
2010,History,Romance,133,History + Romance
2010,History,Sci-Fi,20,History + Sci-Fi
2010,History,Sport,102,History + Sport
2010,History,Thriller,77,History + Thriller
2010,History,War,427,History + War
2010,History,Western,11,History + Western
2010,Horror,Music,45,Horror + Music
2010,Horror,Musical,44,Horror + Musical
2010,Horror,Mystery,1587,Horror + Mystery
2010,Horror,News,1,Horror + News
2010,Horror,Reality-TV,2,Horror + Reality-TV
2010,Horror,Romance,198,Horror + Romance
2010,Horror,Sci-Fi,661,Horror + Sci-Fi
2010,Horror,Sport,5,Horror + Sport
2010,Horror,Thriller,3041,Horror + Thriller
2010,Horror,War,15,Horror + War
2010,Horror,Western,14,Horror + Western
2010,Music,Musical,134,Music + Musical
2010,Music,Mystery,38,Music + Mystery
2010,Music,News,13,Music + News
2010,Music,Reality-TV,7,Music + Reality-TV
2010,Music,Romance,222,Music + Romance
2010,Music,Sci-Fi,31,Music + Sci-Fi
2010,Music,Sport,13,Music + Sport
2010,Music,Talk-Show,3,Music + Talk-Show
2010,Music,Thriller,21,Music + Thriller
2010,Music,War,23,Music + War
2010,Musical,Mystery,13,Musical + Mystery
2010,Musical,Reality-TV,2,Musical + Reality-TV
2010,Musical,Romance,190,Musical + Romance
2010,Musical,Sci-Fi,23,Musical + Sci-Fi
2010,Musical,Sport,8,Musical + Sport
2010,Musical,Thriller,24,Musical + Thriller
2010,Musical,War,5,Musical + War
2010,Musical,Western,5,Musical + Western
2010,Mystery,News,3,Mystery + News
2010,Mystery,Reality-TV,1,Mystery + Reality-TV
2010,Mystery,Romance,273,Mystery + Romance
2010,Mystery,Sci-Fi,288,Mystery + Sci-Fi
2010,Mystery,Sport,3,Mystery + Sport
2010,Mystery,Thriller,1703,Mystery + Thriller
2010,Mystery,War,14,Mystery + War
2010,Mystery,Western,4,Mystery + Western
2010,News,Reality-TV,2,News + Reality-TV
2010,News,Romance,3,News + Romance
2010,News,Sci-Fi,2,News + Sci-Fi
2010,News,Sport,4,News + Sport
2010,News,Talk-Show,5,News + Talk-Show
2010,News,Thriller,3,News + Thriller
2010,News,War,19,News + War
2010,Reality-TV,Romance,3,Reality-TV + Romance
2010,Reality-TV,Sci-Fi,1,Reality-TV + Sci-Fi
2010,Reality-TV,Sport,4,Reality-TV + Sport
2010,Reality-TV,Talk-Show,3,Reality-TV + Talk-Show
2010,Reality-TV,Thriller,1,Reality-TV + Thriller
2010,Reality-TV,War,1,Reality-TV + War
2010,Romance,Sci-Fi,132,Romance + Sci-Fi
2010,Romance,Sport,69,Romance + Sport
2010,Romance,Thriller,417,Romance + Thriller
2010,Romance,War,72,Romance + War
2010,Romance,Western,7,Romance + Western
2010,Sci-Fi,Sport,4,Sci-Fi + Sport
2010,Sci-Fi,Thriller,583,Sci-Fi + Thriller
2010,Sci-Fi,War,17,Sci-Fi + War
2010,Sci-Fi,Western,9,Sci-Fi + Western
2010,Sport,Talk-Show,3,Sport + Talk-Show
2010,Sport,Thriller,13,Sport + Thriller
2010,Sport,War,7,Sport + War
2010,Sport,Western,1,Sport + Western
2010,Thriller,War,61,Thriller + War
2010,Thriller,Western,22,Thriller + Western
2010,War,Western,3,War + Western
2020,Action,Adult,2,Action + Adult
2020,Action,Adventure,1452,Action + Adventure
2020,Action,Animation,484,Action + Animation
2020,Action,Biography,88,Action + Biography
2020,Action,Comedy,1425,Action + Comedy
2020,Action,Crime,1541,Action + Crime
2020,Action,Documentary,54,Action + Documentary
2020,Action,Drama,2564,Action + Drama
2020,Action,Family,86,Action + Family
2020,Action,Fantasy,432,Action + Fantasy
2020,Action,History,198,Action + History
2020,Action,Horror,537,Action + Horror
2020,Action,Music,18,Action + Music
2020,Action,Musical,19,Action + Musical
2020,Action,Mystery,205,Action + Mystery
2020,Action,News,1,Action + News
2020,Action,Romance,239,Action + Romance
2020,Action,Sci-Fi,497,Action + Sci-Fi
2020,Action,Sport,55,Action + Sport
2020,Action,Thriller,1338,Action + Thriller
2020,Action,War,121,Action + War
2020,Action,Western,39,Action + Western
2020,Adult,Biography,1,Adult + Biography
2020,Adult,Comedy,29,Adult + Comedy
2020,Adult,Crime,4,Adult + Crime
2020,Adult,Documentary,1,Adult + Documentary
2020,Adult,Drama,24,Adult + Drama
2020,Adult,Fantasy,5,Adult + Fantasy
2020,Adult,Horror,6,Adult + Horror
2020,Adult,Mystery,1,Adult + Mystery
2020,Adult,Romance,18,Adult + Romance
2020,Adult,Sci-Fi,4,Adult + Sci-Fi
2020,Adult,Thriller,1,Adult + Thriller
2020,Adventure,Animation,888,Adventure + Animation
2020,Adventure,Biography,87,Adventure + Biography
2020,Adventure,Comedy,1172,Adventure + Comedy
2020,Adventure,Crime,169,Adventure + Crime
2020,Adventure,Documentary,272,Adventure + Documentary
2020,Adventure,Drama,882,Adventure + Drama
2020,Adventure,Family,545,Adventure + Family
2020,Adventure,Fantasy,475,Adventure + Fantasy
2020,Adventure,History,102,Adventure + History
2020,Adventure,Horror,187,Adventure + Horror
2020,Adventure,Music,18,Adventure + Music
2020,Adventure,Musical,25,Adventure + Musical
2020,Adventure,Mystery,118,Adventure + Mystery
2020,Adventure,Reality-TV,4,Adventure + Reality-TV
2020,Adventure,Romance,74,Adventure + Romance
2020,Adventure,Sci-Fi,257,Adventure + Sci-Fi
2020,Adventure,Sport,55,Adventure + Sport
2020,Adventure,Thriller,175,Adventure + Thriller
2020,Adventure,War,25,Adventure + War
2020,Adventure,Western,12,Adventure + Western
2020,Animation,Biography,53,Animation + Biography
2020,Animation,Comedy,650,Animation + Comedy
2020,Animation,Crime,52,Animation + Crime
2020,Animation,Documentary,150,Animation + Documentary
2020,Animation,Drama,339,Animation + Drama
2020,Animation,Family,399,Animation + Family
2020,Animation,Fantasy,192,Animation + Fantasy
2020,Animation,History,40,Animation + History
2020,Animation,Horror,77,Animation + Horror
2020,Animation,Music,58,Animation + Music
2020,Animation,Musical,35,Animation + Musical
2020,Animation,Mystery,36,Animation + Mystery
2020,Animation,Romance,35,Animation + Romance
2020,Animation,Sci-Fi,122,Animation + Sci-Fi
2020,Animation,Sport,15,Animation + Sport
2020,Animation,Thriller,20,Animation + Thriller
2020,Animation,War,5,Animation + War
2020,Animation,Western,1,Animation + Western
2020,Biography,Comedy,165,Biography + Comedy
2020,Biography,Crime,134,Biography + Crime
2020,Biography,Documentary,1754,Biography + Documentary
2020,Biography,Drama,1046,Biography + Drama
2020,Biography,Family,36,Biography + Family
2020,Biography,Fantasy,19,Biography + Fantasy
2020,Biography,History,510,Biography + History
2020,Biography,Horror,14,Biography + Horror
2020,Biography,Music,401,Biography + Music
2020,Biography,Musical,16,Biography + Musical
2020,Biography,Mystery,10,Biography + Mystery
2020,Biography,News,3,Biography + News
2020,Biography,Reality-TV,10,Biography + Reality-TV
2020,Biography,Romance,48,Biography + Romance
2020,Biography,Sci-Fi,4,Biography + Sci-Fi
2020,Biography,Sport,227,Biography + Sport
2020,Biography,Talk-Show,1,Biography + Talk-Show
2020,Biography,Thriller,24,Biography + Thriller
2020,Biography,War,34,Biography + War
2020,Biography,Western,1,Biography + Western
2020,Comedy,Crime,941,Comedy + Crime
2020,Comedy,Documentary,351,Comedy + Documentary
2020,Comedy,Drama,5432,Comedy + Drama
2020,Comedy,Family,978,Comedy + Family
2020,Comedy,Fantasy,695,Comedy + Fantasy
2020,Comedy,Game-Show,1,Comedy + Game-Show
2020,Comedy,History,62,Comedy + History
2020,Comedy,Horror,1399,Comedy + Horror
2020,Comedy,Music,255,Comedy + Music
2020,Comedy,Musical,244,Comedy + Musical
2020,Comedy,Mystery,394,Comedy + Mystery
2020,Comedy,News,2,Comedy + News
2020,Comedy,Reality-TV,14,Comedy + Reality-TV
2020,Comedy,Romance,2362,Comedy + Romance
2020,Comedy,Sci-Fi,401,Comedy + Sci-Fi
2020,Comedy,Sport,121,Comedy + Sport
2020,Comedy,Talk-Show,7,Comedy + Talk-Show
2020,Comedy,Thriller,629,Comedy + Thriller
2020,Comedy,War,22,Comedy + War
2020,Comedy,Western,30,Comedy + Western
2020,Crime,Documentary,367,Crime + Documentary
2020,Crime,Drama,2758,Crime + Drama
2020,Crime,Family,27,Crime + Family
2020,Crime,Fantasy,64,Crime + Fantasy
2020,Crime,History,79,Crime + History
2020,Crime,Horror,336,Crime + Horror
2020,Crime,Music,20,Crime + Music
2020,Crime,Musical,13,Crime + Musical
2020,Crime,Mystery,640,Crime + Mystery
2020,Crime,News,7,Crime + News
2020,Crime,Romance,153,Crime + Romance
2020,Crime,Sci-Fi,52,Crime + Sci-Fi
2020,Crime,Sport,20,Crime + Sport
2020,Crime,Thriller,1498,Crime + Thriller
2020,Crime,War,16,Crime + War
2020,Crime,Western,11,Crime + Western
2020,Documentary,Drama,676,Documentary + Drama
2020,Documentary,Family,115,Documentary + Family
2020,Documentary,Fantasy,55,Documentary + Fantasy
2020,Documentary,Game-Show,2,Documentary + Game-Show
2020,Documentary,History,1034,Documentary + History
2020,Documentary,Horror,133,Documentary + Horror
2020,Documentary,Music,1537,Documentary + Music
2020,Documentary,Musical,55,Documentary + Musical
2020,Documentary,Mystery,75,Documentary + Mystery
2020,Documentary,News,44,Documentary + News
2020,Documentary,Reality-TV,30,Documentary + Reality-TV
2020,Documentary,Romance,33,Documentary + Romance
2020,Documentary,Sci-Fi,58,Documentary + Sci-Fi
2020,Documentary,Sport,847,Documentary + Sport
2020,Documentary,Talk-Show,7,Documentary + Talk-Show
2020,Documentary,Thriller,60,Documentary + Thriller
2020,Documentary,War,228,Documentary + War
2020,Documentary,Western,8,Documentary + Western
2020,Drama,Family,1075,Drama + Family
2020,Drama,Fantasy,989,Drama + Fantasy
2020,Drama,History,952,Drama + History
2020,Drama,Horror,1482,Drama + Horror
2020,Drama,Music,502,Drama + Music
2020,Drama,Musical,306,Drama + Musical
2020,Drama,Mystery,1612,Drama + Mystery
2020,Drama,News,4,Drama + News
2020,Drama,Reality-TV,2,Drama + Reality-TV
2020,Drama,Romance,3389,Drama + Romance
2020,Drama,Sci-Fi,656,Drama + Sci-Fi
2020,Drama,Sport,437,Drama + Sport
2020,Drama,Talk-Show,2,Drama + Talk-Show
2020,Drama,Thriller,3242,Drama + Thriller
2020,Drama,War,367,Drama + War
2020,Drama,Western,335,Drama + Western
2020,Family,Fantasy,224,Family + Fantasy
2020,Family,History,25,Family + History
2020,Family,Horror,16,Family + Horror
2020,Family,Music,32,Family + Music
2020,Family,Musical,67,Family + Musical
2020,Family,Mystery,33,Family + Mystery
2020,Family,News,1,Family + News
2020,Family,Reality-TV,1,Family + Reality-TV
2020,Family,Romance,166,Family + Romance
2020,Family,Sci-Fi,29,Family + Sci-Fi
2020,Family,Sport,44,Family + Sport
2020,Family,Talk-Show,1,Family + Talk-Show
2020,Family,Thriller,33,Family + Thriller
2020,Family,War,5,Family + War
2020,Fantasy,History,42,Fantasy + History
2020,Fantasy,Horror,482,Fantasy + Horror
2020,Fantasy,Music,36,Fantasy + Music
2020,Fantasy,Musical,40,Fantasy + Musical
2020,Fantasy,Mystery,187,Fantasy + Mystery
2020,Fantasy,Reality-TV,1,Fantasy + Reality-TV
2020,Fantasy,Romance,225,Fantasy + Romance
2020,Fantasy,Sci-Fi,187,Fantasy + Sci-Fi
2020,Fantasy,Sport,3,Fantasy + Sport
2020,Fantasy,Thriller,158,Fantasy + Thriller
2020,Fantasy,War,10,Fantasy + War
2020,Fantasy,Western,3,Fantasy + Western
2020,Game-Show,Reality-TV,1,Game-Show + Reality-TV
2020,History,Horror,46,History + Horror
2020,History,Music,49,History + Music
2020,History,Musical,14,History + Musical
2020,History,Mystery,34,History + Mystery
2020,History,News,12,History + News
2020,History,Romance,48,History + Romance
2020,History,Sci-Fi,20,History + Sci-Fi
2020,History,Sport,41,History + Sport
2020,History,Talk-Show,1,History + Talk-Show
2020,History,Thriller,60,History + Thriller
2020,History,War,209,History + War
2020,History,Western,10,History + Western
2020,Horror,Music,31,Horror + Music
2020,Horror,Musical,42,Horror + Musical
2020,Horror,Mystery,1232,Horror + Mystery
2020,Horror,Reality-TV,6,Horror + Reality-TV
2020,Horror,Romance,119,Horror + Romance
2020,Horror,Sci-Fi,494,Horror + Sci-Fi
2020,Horror,Sport,6,Horror + Sport
2020,Horror,Thriller,2299,Horror + Thriller
2020,Horror,War,12,Horror + War
2020,Horror,Western,22,Horror + Western
2020,Music,Musical,36,Music + Musical
2020,Music,Mystery,16,Music + Mystery
2020,Music,News,1,Music + News
2020,Music,Reality-TV,1,Music + Reality-TV
2020,Music,Romance,102,Music + Romance
2020,Music,Sci-Fi,12,Music + Sci-Fi
2020,Music,Sport,3,Music + Sport
2020,Music,Thriller,14,Music + Thriller
2020,Music,War,2,Music + War
2020,Music,Western,2,Music + Western
2020,Musical,Mystery,6,Musical + Mystery
2020,Musical,Romance,121,Musical + Romance
2020,Musical,Sci-Fi,13,Musical + Sci-Fi
2020,Musical,Sport,2,Musical + Sport
2020,Musical,Thriller,14,Musical + Thriller
2020,Musical,War,1,Musical + War
2020,Musical,Western,2,Musical + Western
2020,Mystery,News,2,Mystery + News
2020,Mystery,Reality-TV,3,Mystery + Reality-TV
2020,Mystery,Romance,119,Mystery + Romance
2020,Mystery,Sci-Fi,209,Mystery + Sci-Fi
2020,Mystery,Sport,3,Mystery + Sport
2020,Mystery,Thriller,1284,Mystery + Thriller
2020,Mystery,Western,5,Mystery + Western
2020,News,Reality-TV,1,News + Reality-TV
2020,News,Sport,1,News + Sport
2020,News,Talk-Show,4,News + Talk-Show
2020,News,War,2,News + War
2020,Reality-TV,Romance,4,Reality-TV + Romance
2020,Reality-TV,Sport,3,Reality-TV + Sport
2020,Reality-TV,Talk-Show,6,Reality-TV + Talk-Show
2020,Reality-TV,Thriller,3,Reality-TV + Thriller
2020,Romance,Sci-Fi,114,Romance + Sci-Fi
2020,Romance,Sport,36,Romance + Sport
2020,Romance,Thriller,324,Romance + Thriller
2020,Romance,War,21,Romance + War
2020,Romance,Western,7,Romance + Western
2020,Sci-Fi,Sport,2,Sci-Fi + Sport
2020,Sci-Fi,Talk-Show,1,Sci-Fi + Talk-Show
2020,Sci-Fi,Thriller,476,Sci-Fi + Thriller
2020,Sci-Fi,War,9,Sci-Fi + War
2020,Sci-Fi,Western,6,Sci-Fi + Western
2020,Sport,Talk-Show,1,Sport + Talk-Show
2020,Sport,Thriller,11,Sport + Thriller
2020,Sport,War,4,Sport + War
2020,Sport,Western,1,Sport + Western
2020,Talk-Show,Thriller,2,Talk-Show + Thriller
2020,Thriller,War,56,Thriller + War
2020,Thriller,Western,23,Thriller + Western
2020,War,Western,3,War + Western
