tconst,primaryTitle,startYear,runtimeMinutes,genres,averageRating,numVotes,cluster
tt0111161,The Shawshank Redemption,1994,142.0,Drama,9.3,3226746,1
tt0468569,The Dark Knight,2008,152.0,"Crime,Thriller",9.1,3214202,1
tt1375666,Inception,2010,148.0,"Adventure,Sci-Fi,Thriller",8.8,2857890,1
tt0137523,Fight Club,1999,139.0,"Crime,Drama,Thriller",8.8,2650453,1
tt0816692,Interstellar,2014,169.0,"Adventure,Drama,Sci-Fi",8.7,2591902,1
tt0109830,Forrest Gump,1994,142.0,"Drama,Romance",8.8,2526169,1
tt0110912,Pulp Fiction,1994,154.0,"Crime,Drama",8.8,2460210,1
tt0133093,The Matrix,1999,136.0,"Action,Sci-Fi",8.7,2270797,1
tt0068646,The Godfather,1972,175.0,"Crime,Drama",9.2,2248906,1
tt0120737,The Lord of the Rings: The Fellowship of the Ring,2001,178.0,"Adventure,Drama,Fantasy",8.9,2229796,1
tt0167260,The Lord of the Rings: The Return of the King,2003,201.0,"Adventure,Drama,Fantasy",9.0,2186478,1
tt0114369,Seven,1995,127.0,"Crime,Drama,Mystery",8.6,2050306,1
tt1345836,The Dark Knight Rises,2012,164.0,"Crime,Thriller",8.4,2020970,1
tt0167261,The Lord of the Rings: The Two Towers,2002,179.0,"Adventure,Drama,Fantasy",8.8,1977587,1
tt1853728,Django Unchained,2012,165.0,"Drama,Western",8.5,1906999,1
tt0172495,Gladiator,2000,155.0,"Action,Adventure,Drama",8.5,1874793,1
tt0993846,The Wolf of Wall Street,2013,180.0,"Biography,Comedy,Crime",8.2,1818015,1
tt0361748,Inglourious Basterds,2009,153.0,"Drama,War",8.4,1811355,1
tt0102926,The Silence of the Lambs,1991,118.0,"Crime,Drama,Horror",8.6,1742894,1
tt0372784,Batman Begins,2005,140.0,Crime,8.2,1738182,1
tt7286456,Joker,2019,122.0,Drama,8.3,1718907,1
tt1130884,Shutter Island,2010,138.0,"Mystery,Thriller",8.2,1675833,1
tt0120815,Saving Private Ryan,1998,169.0,"Drama,War",8.6,1657057,1
tt0482571,The Prestige,2006,130.0,"Drama,Mystery,Sci-Fi",8.5,1617899,1
tt0108052,Schindler's List,1993,196.0,"Biography,Drama,History",9.0,1598721,1
tt0076759,Star Wars: Episode IV - A New Hope,1977,121.0,"Action,Adventure,Fantasy",8.6,1584485,1
tt0120689,The Green Mile,1999,189.0,"Crime,Drama,Fantasy",8.6,1579499,1
tt0848228,The Avengers,2012,143.0,"Action,Sci-Fi",8.0,1576760,1
tt0407887,The Departed,2006,151.0,"Crime,Drama,Thriller",8.5,1572748,1
tt0080684,Star Wars: Episode V - The Empire Strikes Back,1980,124.0,"Adventure,Fantasy,Sci-Fi",8.7,1519361,1
tt0499549,Avatar,2009,162.0,"Action,Adventure,Fantasy",7.9,1512506,1
tt0071562,The Godfather Part II,1974,202.0,"Crime,Drama",9.0,1508525,1
tt4154796,Avengers: Endgame,2019,181.0,"Action,Adventure,Sci-Fi",8.4,1478034,1
tt0088763,Back to the Future,1985,116.0,"Adventure,Comedy,Sci-Fi",8.5,1470386,1
tt0209144,Memento,2000,113.0,"Mystery,Thriller",8.4,1454200,1
tt0120338,Titanic,1997,194.0,"Drama,Romance",8.0,1408274,1
tt0099685,GoodFellas,1990,145.0,"Biography,Crime,Drama",8.7,1407998,1
tt4154756,Avengers: Infinity War,2018,149.0,"Action,Adventure,Sci-Fi",8.4,1401503,1
tt0120382,The Truman Show,1998,103.0,"Comedy,Drama",8.2,1398950,1
tt2015381,Guardians of the Galaxy,2014,121.0,"Action,Adventure,Comedy",8.0,1379010,1
tt0110413,Léon: The Professional,1994,110.0,"Action,Crime,Drama",8.5,1361983,1
tt0325980,Pirates of the Caribbean: The Curse of the Black Pearl,2003,143.0,"Action,Adventure,Fantasy",8.1,1341604,1
tt0910970,WALL·E,2008,98.0,"Adventure,Animation,Family",8.4,1337246,1
tt0266697,Kill Bill: Vol. 1,2003,111.0,"Action,Crime,Thriller",8.2,1321021,1
tt0103064,Terminator 2: Judgment Day,1991,137.0,"Action,Adventure,Sci-Fi",8.6,1296116,1
tt0169547,American Beauty,1999,122.0,Drama,8.3,1286133,1
tt0120586,American History X,1998,119.0,"Crime,Drama",8.5,1283372,1
tt0110357,The Lion King,1994,88.0,"Adventure,Animation,Drama",8.5,1273443,1
tt1431045,Deadpool,2016,108.0,"Action,Comedy,Sci-Fi",8.0,1267743,1
tt0264464,Catch Me If You Can,2002,141.0,"Biography,Crime,Drama",8.1,1259636,1
tt0434409,V for Vendetta,2005,132.0,"Action,Drama,Sci-Fi",8.1,1254002,1
tt1049413,Up,2009,96.0,"Adventure,Animation,Comedy",8.3,1251672,1
tt0114814,The Usual Suspects,1995,106.0,"Crime,Drama,Mystery",8.5,1249869,1
tt0371746,Iron Man,2008,126.0,"Action,Adventure,Sci-Fi",7.9,1244130,1
tt0081505,The Shining,1980,146.0,"Drama,Horror",8.4,1239375,1
tt0119217,Good Will Hunting,1997,126.0,"Drama,Romance",8.4,1236488,1
tt0266543,Finding Nemo,2003,100.0,"Adventure,Animation,Comedy",8.2,1221529,1
tt0086190,Star Wars: Episode VI - Return of the Jedi,1983,131.0,"Action,Adventure,Fantasy",8.3,1220841,1
tt1392190,Mad Max: Fury Road,2015,120.0,"Action,Adventure,Sci-Fi",8.1,1217584,1
tt0477348,No Country for Old Men,2007,122.0,"Crime,Drama,Thriller",8.2,1208287,1
tt0107290,Jurassic Park,1993,127.0,"Adventure,Sci-Fi",8.2,1194551,1
tt0114709,Toy Story,1995,81.0,"Adventure,Animation,Comedy",8.3,1194450,1
tt0338013,Eternal Sunshine of the Spotless Mind,2004,108.0,"Drama,Romance,Sci-Fi",8.3,1192806,1
tt6751668,Parasite,2019,132.0,"Drama,Thriller",8.5,1188529,1
tt2267998,Gone Girl,2014,149.0,"Drama,Mystery,Thriller",8.1,1183363,1
tt0105236,Reservoir Dogs,1992,99.0,"Crime,Thriller",8.2,1179013,1
tt2582802,Whiplash,2014,106.0,"Drama,Music",8.5,1175592,1
tt0112573,Braveheart,1995,178.0,"Drama,War",8.3,1169796,1
tt0073486,One Flew Over the Cuckoo's Nest,1975,133.0,Drama,8.6,1164382,1
tt0167404,The Sixth Sense,1999,107.0,"Drama,Mystery,Thriller",8.2,1156661,1
tt0082971,Raiders of the Lost Ark,1981,115.0,Adventure,8.4,1118402,1
tt1392170,The Hunger Games,2012,142.0,"Action,Adventure,Sci-Fi",7.2,1091578,1
tt0198781,"Monsters, Inc.",2001,92.0,"Adventure,Animation,Comedy",8.1,1087932,1
tt15398776,Oppenheimer,2023,180.0,"Biography,Drama,History",8.2,1087844,1
tt1160419,Dune: Part One,2021,155.0,"Action,Adventure,Drama",8.0,1084760,1
tt0078748,Alien,1979,117.0,"Horror,Sci-Fi",8.4,1073716,1
tt10872600,Spider-Man: No Way Home,2021,148.0,"Action,Adventure,Fantasy",8.1,1063197,1
tt0268978,A Beautiful Mind,2001,135.0,"Biography,Drama,Mystery",8.2,1061475,1
tt1201607,Harry Potter and the Deathly Hallows: Part 2,2011,130.0,"Adventure,Family,Fantasy",8.1,1059114,1
tt1675434,The Intouchables,2011,112.0,"Comedy,Drama",8.5,1038814,1
tt0075314,Taxi Driver,1976,114.0,"Crime,Drama",8.2,1038500,1
tt0095016,Die Hard,1988,132.0,"Action,Thriller",8.2,1037483,1
tt2488496,Star Wars: Episode VII - The Force Awakens,2015,138.0,"Action,Adventure,Sci-Fi",7.7,1033563,1
tt0086250,Scarface,1983,170.0,"Crime,Drama",8.3,1030246,1
tt3659388,The Martian,2015,144.0,"Adventure,Drama,Sci-Fi",8.0,1026169,1
tt0253474,The Pianist,2002,150.0,"Biography,Drama,Music",8.5,1021673,1
tt2395427,Avengers: Age of Ultron,2015,141.0,"Action,Adventure,Sci-Fi",7.3,1016477,1
tt0088247,The Terminator,1984,107.0,"Action,Adventure,Sci-Fi",8.1,1014882,1
tt0050083,12 Angry Men,1957,96.0,"Crime,Drama",9.0,998708,1
tt0145487,Spider-Man,2002,121.0,"Action,Adventure,Sci-Fi",7.4,990781,1
tt0435761,Toy Story 3,2010,103.0,"Adventure,Animation,Comedy",8.3,987023,1
tt1843866,Captain America: The Winter Soldier,2014,136.0,"Action,Adventure,Sci-Fi",7.7,984988,1
tt2278388,The Grand Budapest Hotel,2014,99.0,"Comedy,Drama",8.1,983996,1
tt0208092,Snatch,2000,102.0,"Comedy,Crime",8.2,983412,1
tt0458339,Captain America: The First Avenger,2011,124.0,"Action,Adventure,Sci-Fi",6.9,982411,1
tt0180093,Requiem for a Dream,2000,102.0,Drama,8.3,982409,1
tt0245429,Spirited Away,2001,124.0,"Adventure,Animation,Family",8.6,981043,1
tt1300854,Iron Man 3,2013,130.0,"Action,Adventure,Sci-Fi",7.1,979571,1
tt0800369,Thor,2011,115.0,"Action,Fantasy",7.0,979363,1
tt7131622,Once Upon a Time in... Hollywood,2019,161.0,"Comedy,Drama",7.6,974521,1
tt0241527,Harry Potter and the Sorcerer's Stone,2001,152.0,"Adventure,Family,Fantasy",7.7,962292,1
tt0382932,Ratatouille,2007,111.0,"Adventure,Animation,Comedy",8.1,961512,1
tt1663202,The Revenant,2015,156.0,"Action,Drama,Western",8.0,958626,1
tt1392214,Prisoners,2013,153.0,"Crime,Drama,Mystery",8.2,953351,1
tt1228705,Iron Man 2,2010,124.0,"Action,Sci-Fi",6.9,952899,1
tt1877830,The Batman,2022,176.0,"Action,Crime,Drama",7.8,944261,1
tt3498820,Captain America: Civil War,2016,147.0,"Action,Sci-Fi",7.8,944005,1
tt0066921,A Clockwork Orange,1971,136.0,"Crime,Sci-Fi",8.2,942693,1
tt1119646,The Hangover,2009,100.0,Comedy,7.7,941385,1
tt3315342,Logan,2017,137.0,"Action,Drama,Sci-Fi",8.1,936900,1
tt0120915,Star Wars: Episode I - The Phantom Menace,1999,136.0,"Action,Adventure,Fantasy",6.5,936517,1
tt0903624,The Hobbit: An Unexpected Journey,2012,169.0,"Adventure,Fantasy",7.8,935179,1
tt0121766,Star Wars: Episode III - Revenge of the Sith,2005,140.0,"Action,Adventure,Fantasy",7.7,931756,1
tt2096673,Inside Out,2015,95.0,"Adventure,Animation,Comedy",8.1,929424,1
tt0118715,The Big Lebowski,1998,117.0,"Comedy,Crime",8.1,922727,1
tt1825683,Black Panther,2018,134.0,"Action,Adventure,Sci-Fi",7.3,922387,1
tt0416449,300,2006,117.0,"Action,Drama",7.6,919816,1
tt0246578,Donnie Darko,2001,113.0,"Drama,Mystery,Sci-Fi",8.0,918009,1
tt1010048,Slumdog Millionaire,2008,120.0,"Crime,Drama,Romance",8.0,914117,1
tt0317705,The Incredibles,2004,115.0,"Action,Adventure,Animation",8.0,913718,1
tt3501632,Thor: Ragnarok,2017,130.0,"Action,Adventure,Comedy",7.9,908522,1
tt0892769,How to Train Your Dragon,2010,98.0,"Action,Adventure,Animation",8.1,905803,1
tt1454468,Gravity,2013,91.0,"Drama,Sci-Fi,Thriller",7.7,904866,1
tt1745960,Top Gun: Maverick,2022,130.0,"Action,Drama",8.2,900554,1
tt0060196,"The Good, the Bad and the Ugly",1966,178.0,"Adventure,Drama,Western",8.8,898128,1
tt0947798,Black Swan,2010,108.0,"Drama,Thriller",8.0,895791,1
tt1211837,Doctor Strange,2016,115.0,"Action,Adventure,Fantasy",7.5,893111,1
tt0083658,Blade Runner,1982,117.0,"Action,Drama,Sci-Fi",8.1,888656,1
tt8946378,Knives Out,2019,130.0,"Comedy,Crime,Drama",7.9,887724,1
tt0480249,I Am Legend,2007,101.0,"Drama,Horror,Sci-Fi",7.2,886075,1
tt2084970,The Imitation Game,2014,114.0,"Biography,Drama,Thriller",8.0,883531,1
tt0317248,City of God,2002,130.0,"Crime,Drama",8.6,879514,1
tt0378194,Kill Bill: Vol. 2,2004,137.0,"Action,Crime,Thriller",8.0,877955,1
tt2543164,Arrival,2016,116.0,"Drama,Mystery,Sci-Fi",7.9,876038,1
tt0770828,Man of Steel,2013,143.0,"Action,Adventure,Sci-Fi",7.1,874435,1
tt0097576,Indiana Jones and the Last Crusade,1989,127.0,Adventure,8.2,869564,1
tt1205489,Gran Torino,2008,116.0,Drama,8.1,868383,1
tt0093058,Full Metal Jacket,1987,116.0,"Drama,War",8.2,857259,1
tt0144084,American Psycho,2000,102.0,"Crime,Drama,Horror",7.6,852357,1
tt0090605,Aliens,1986,137.0,"Action,Adventure,Horror",8.4,846185,1
tt0211915,Amélie,2001,122.0,"Comedy,Romance",8.2,845371,1
tt3896198,Guardians of the Galaxy: Vol. 2,2017,136.0,"Action,Adventure,Comedy",7.6,841981,1
tt2911666,John Wick,2014,101.0,"Action,Crime,Thriller",7.5,837879,1
tt0383574,Pirates of the Caribbean: Dead Man's Chest,2006,151.0,"Action,Adventure,Fantasy",7.4,834604,1
tt5052448,Get Out,2017,104.0,"Horror,Mystery,Thriller",7.8,833476,1
tt0121765,Star Wars: Episode II - Attack of the Clones,2002,142.0,"Action,Adventure,Fantasy",6.6,829433,1
tt2250912,Spider-Man: Homecoming,2017,133.0,"Action,Adventure,Sci-Fi",7.4,829159,1
tt1285016,The Social Network,2010,120.0,"Biography,Drama",7.8,826690,1
tt5013056,Dunkirk,2017,106.0,"Action,Drama,History",7.8,823299,1
tt0401792,Sin City,2005,124.0,"Crime,Thriller",8.0,823260,1
tt0118799,Life Is Beautiful,1997,116.0,"Comedy,Drama,Romance",8.6,820351,1
tt0126029,Shrek,2001,90.0,"Adventure,Animation,Comedy",7.9,819050,1
tt0113277,Heat,1995,170.0,"Action,Crime,Drama",8.3,815392,1
tt1631867,Edge of Tomorrow,2014,113.0,"Action,Adventure,Sci-Fi",7.9,813072,1
tt4633694,Spider-Man: Into the Spider-Verse,2018,117.0,"Action,Adventure,Animation",8.4,810636,1
tt0316654,Spider-Man 2,2004,127.0,"Action,Adventure,Sci-Fi",7.5,803737,1
tt2975590,Batman v Superman: Dawn of Justice,2016,151.0,Sci-Fi,6.4,797330,1
tt1877832,X-Men: Days of Future Past,2014,132.0,"Action,Adventure,Sci-Fi",7.9,794603,1
tt0116282,Fargo,1996,98.0,"Crime,Drama,Thriller",8.1,793893,1
tt2024544,12 Years a Slave,2013,134.0,"Biography,Drama,History",8.1,792893,1
tt0816711,World War Z,2013,116.0,"Action,Adventure,Horror",7.0,792161,1
tt0054215,Psycho,1960,109.0,"Drama,Horror,Mystery",8.5,792152,1
tt0478970,Ant-Man,2015,117.0,"Action,Comedy,Sci-Fi",7.2,791173,1
tt0062622,2001: A Space Odyssey,1968,149.0,"Adventure,Sci-Fi",8.3,790475,1
tt1981115,Thor: The Dark World,2013,112.0,"Action,Adventure,Fantasy",6.7,788389,1
tt15239678,Dune: Part Two,2024,166.0,"Action,Adventure,Drama",8.4,786518,1
tt0948470,The Amazing Spider-Man,2012,136.0,"Action,Sci-Fi",7.0,783340,1
tt2802144,Kingsman: The Secret Service,2014,129.0,"Action,Adventure,Comedy",7.7,782927,1
tt8579674,1917,2019,119.0,"Drama,War",8.2,782796,1
tt1951264,The Hunger Games: Catching Fire,2013,146.0,"Action,Adventure,Romance",7.5,780894,1
tt1074638,Skyfall,2012,143.0,"Action,Adventure,Thriller",7.8,778797,1
tt1045658,Silver Linings Playbook,2012,122.0,"Comedy,Drama,Romance",7.7,776819,1
tt1670345,Now You See Me,2013,115.0,"Crime,Mystery,Thriller",7.2,776752,1
tt0078788,Apocalypse Now,1979,147.0,"Drama,Mystery,War",8.4,776156,1
tt0304141,Harry Potter and the Prisoner of Azkaban,2004,142.0,"Adventure,Family,Fantasy",7.9,775635,1
tt3783958,La La Land,2016,128.0,"Comedy,Drama,Music",8.0,774774,1
tt0295297,Harry Potter and the Chamber of Secrets,2002,161.0,"Adventure,Family,Fantasy",7.5,774629,1
tt0117951,Trainspotting,1996,93.0,"Crime,Drama",8.1,772881,1
tt0405159,Million Dollar Baby,2004,132.0,"Drama,Sport",8.1,771797,1
tt0780504,Drive,2011,100.0,"Action,Drama",7.8,771771,1
tt1270798,X-Men: First Class,2011,131.0,"Action,Sci-Fi",7.7,770521,1
tt1856101,Blade Runner 2049,2017,164.0,"Action,Drama,Mystery",8.0,765309,1
tt1386697,Suicide Squad,2016,123.0,"Action,Adventure,Fantasy",5.9,764956,1
tt3748528,Rogue One: A Star Wars Story,2016,133.0,"Action,Adventure,Sci-Fi",7.8,763836,1
tt0330373,Harry Potter and the Goblet of Fire,2005,157.0,"Adventure,Family,Fantasy",7.7,761905,1
tt1170358,The Hobbit: The Desolation of Smaug,2013,161.0,"Adventure,Fantasy",7.8,759801,1
tt1136608,District 9,2009,112.0,"Action,Sci-Fi,Thriller",7.9,756490,1
tt5463162,Deadpool 2,2018,119.0,"Action,Adventure,Comedy",7.6,754573,1
tt0099785,Home Alone,1990,103.0,"Comedy,Family",7.8,752605,1
tt0421715,The Curious Case of Benjamin Button,2008,166.0,"Drama,Fantasy,Romance",7.8,752556,1
tt0381061,Casino Royale,2006,144.0,"Action,Adventure,Thriller",8.0,752384,1
tt0457430,Pan's Labyrinth,2006,118.0,"Drama,Fantasy,War",8.2,751540,1
tt0449088,Pirates of the Caribbean: At World's End,2007,169.0,"Action,Adventure,Fantasy",7.2,751135,1
tt0073195,Jaws,1975,124.0,"Adventure,Drama,Horror",8.1,747545,1
tt0451279,Wonder Woman,2017,141.0,"Action,Adventure,Fantasy",7.3,739991,1
tt0107048,Groundhog Day,1993,101.0,"Comedy,Drama,Fantasy",8.0,739796,1
tt0369610,Jurassic World,2015,124.0,"Action,Adventure,Sci-Fi",6.9,736011,1
tt1504320,The King's Speech,2010,118.0,"Biography,Drama,History",8.0,735951,1
tt1798709,Her,2013,126.0,"Drama,Romance,Sci-Fi",8.0,732222,1
tt0364569,Oldboy,2003,120.0,"Action,Drama,Mystery",8.3,729138,1
tt3460252,The Hateful Eight,2015,168.0,"Crime,Drama,Mystery",7.8,728884,1
tt2527336,Star Wars: Episode VIII - The Last Jedi,2017,152.0,"Action,Adventure,Fantasy",6.8,725459,1
tt0418279,Transformers,2007,144.0,"Action,Adventure,Sci-Fi",7.1,724594,1
tt2380307,Coco,2017,105.0,"Adventure,Animation,Drama",8.4,722941,1
tt2294629,Frozen,2013,102.0,"Adventure,Animation,Comedy",7.4,719977,1
tt0469494,There Will Be Blood,2007,158.0,Drama,8.2,716816,1
tt1637725,Ted,2012,106.0,Comedy,6.9,716747,1
tt0413300,Spider-Man 3,2007,139.0,"Action,Adventure,Sci-Fi",6.3,715493,1
tt0988045,Sherlock Holmes,2009,128.0,"Action,Adventure,Mystery",7.5,710279,1
tt0373889,Harry Potter and the Order of the Phoenix,2007,138.0,"Adventure,Family,Fantasy",7.5,708751,1
tt1396484,It,2017,135.0,Horror,7.3,706674,1
tt6723592,Tenet,2020,150.0,"Action,Sci-Fi,Thriller",7.3,706644,1
tt1446714,Prometheus,2012,124.0,"Adventure,Sci-Fi",7.0,705814,1
tt0454876,Life of Pi,2012,127.0,"Adventure,Drama,Fantasy",7.9,704537,1
tt1517268,Barbie,2023,114.0,"Adventure,Comedy,Fantasy",6.8,702563,1
tt2562232,Birdman or (The Unexpected Virtue of Ignorance),2014,119.0,"Comedy,Drama",7.7,702237,1
tt0829482,Superbad,2007,113.0,Comedy,7.6,701714,1
tt0120903,X-Men,2000,104.0,"Action,Adventure,Sci-Fi",7.3,699886,1
tt6966692,Green Book,2018,130.0,"Biography,Comedy,Drama",8.2,699853,1
tt0332280,The Notebook,2004,123.0,"Drama,Romance",7.8,699614,1
tt0075148,Rocky,1976,120.0,"Drama,Sport",8.1,699105,1
tt0758758,Into the Wild,2007,148.0,"Adventure,Biography,Drama",8.0,698599,1
tt0162222,Cast Away,2000,143.0,"Adventure,Drama,Romance",7.8,694644,1
tt2119532,Hacksaw Ridge,2016,139.0,"Biography,Drama,History",8.1,693600,1
tt3890160,Baby Driver,2017,113.0,"Action,Crime,Drama",7.5,692662,1
tt0440963,The Bourne Ultimatum,2007,115.0,"Action,Mystery,Thriller",8.0,687658,1
tt0443706,Zodiac,2007,157.0,"Crime,Drama,Mystery",7.7,684898,1
tt0114746,12 Monkeys,1995,129.0,"Mystery,Sci-Fi,Thriller",8.0,683200,1
tt0120363,Toy Story 2,1999,92.0,"Adventure,Animation,Comedy",7.9,681830,1
tt0240772,Ocean's Eleven,2001,116.0,"Crime,Thriller",7.7,680756,1
tt11286314,Don't Look Up,2021,138.0,"Comedy,Drama,Sci-Fi",7.1,678591,1
tt2872718,Nightcrawler,2014,117.0,"Crime,Drama,Thriller",7.8,678518,1
tt0936501,Taken,2008,90.0,"Action,Crime,Thriller",7.7,677004,1
tt0234215,The Matrix Reloaded,2003,138.0,"Action,Sci-Fi",7.2,675264,1
tt1156398,Zombieland,2009,88.0,"Action,Comedy,Horror",7.5,672812,1
tt0926084,Harry Potter and the Deathly Hallows: Part 1,2010,146.0,"Adventure,Family,Fantasy",7.7,672500,1
tt1024648,Argo,2012,120.0,"Biography,Drama,History",7.7,671554,1
tt0119654,Men in Black,1997,98.0,"Action,Adventure,Comedy",7.3,669920,1
tt4154664,Captain Marvel,2019,123.0,"Action,Adventure,Sci-Fi",6.7,669543,1
tt6320628,Spider-Man: Far from Home,2019,129.0,"Action,Adventure,Comedy",7.3,668812,1
tt0417741,Harry Potter and the Half-Blood Prince,2009,153.0,"Adventure,Family,Fantasy",7.6,668111,1
tt6644200,A Quiet Place,2018,90.0,"Drama,Horror,Sci-Fi",7.5,667095,1
tt0097165,Dead Poets Society,1989,128.0,"Comedy,Drama",8.1,665383,1
tt0119488,L.A. Confidential,1997,138.0,"Crime,Drama,Mystery",8.2,662393,1
tt0034583,Casablanca,1942,102.0,"Drama,Romance,War",8.5,659485,1
tt6710474,Everything Everywhere All at Once,2022,139.0,"Action,Adventure,Comedy",7.7,658779,1
tt0116629,Independence Day,1996,145.0,"Action,Adventure,Sci-Fi",7.0,653592,1
tt1232829,21 Jump Street,2012,109.0,"Action,Comedy,Crime",7.2,653471,1
tt1219289,Limitless,2011,105.0,"Sci-Fi,Thriller",7.4,653074,1
tt0120735,"Lock, Stock and Two Smoking Barrels",1998,107.0,"Comedy,Crime",8.1,652930,1
tt1727824,Bohemian Rhapsody,2018,134.0,"Biography,Drama,Music",7.9,652834,1
tt1343092,The Great Gatsby,2013,143.0,"Drama,Romance",7.2,648159,1
tt2948356,Zootopia,2016,108.0,"Action,Adventure,Animation",8.0,647308,1
tt1630029,Avatar: The Way of Water,2022,192.0,"Action,Adventure,Fantasy",7.5,645227,1
tt0332452,Troy,2004,163.0,"Action,Adventure",7.3,644450,1
tt0470752,Ex Machina,2014,108.0,"Drama,Sci-Fi,Thriller",7.7,644337,1
tt0365748,Shaun of the Dead,2004,99.0,"Comedy,Horror",7.8,643533,1
tt0796366,Star Trek,2009,127.0,"Action,Adventure,Sci-Fi",7.9,640553,1
tt1323594,Despicable Me,2010,95.0,"Adventure,Animation,Comedy",7.6,639416,1
tt1276104,Looper,2012,119.0,"Action,Drama,Sci-Fi",7.4,631689,1
tt1457767,The Conjuring,2013,112.0,"Horror,Mystery,Thriller",7.5,630629,1
tt0450259,Blood Diamond,2006,143.0,"Adventure,Drama,Thriller",8.0,629897,1
tt0454921,The Pursuit of Happyness,2006,117.0,"Biography,Drama",8.0,628785,1
tt4972582,Split,2016,117.0,"Horror,Thriller",7.3,628689,1
tt0096874,Back to the Future Part II,1989,108.0,"Adventure,Comedy,Sci-Fi",7.8,627607,1
tt1570728,"Crazy, Stupid, Love.",2011,118.0,"Comedy,Drama,Romance",7.4,627170,1
tt0112641,Casino,1995,178.0,"Crime,Drama",8.2,626159,1
tt0181689,Minority Report,2002,145.0,"Action,Crime,Mystery",7.6,625795,1
tt1022603,500 Days of Summer,2009,95.0,"Comedy,Drama,Romance",7.6,625650,1
tt2310332,The Hobbit: The Battle of the Five Armies,2014,144.0,"Adventure,Fantasy",7.4,623789,1
tt1250777,Kick-Ass,2010,117.0,"Action,Comedy,Crime",7.6,623746,1
tt0343818,"I, Robot",2004,115.0,"Action,Mystery,Sci-Fi",7.1,619568,1
tt0258463,The Bourne Identity,2002,119.0,"Action,Mystery,Thriller",7.8,618959,1
tt0290334,X2: X-Men United,2003,134.0,"Action,Sci-Fi,Thriller",7.4,616517,1
tt2713180,Fury,2014,134.0,"Action,Drama,War",7.6,616486,1
tt0409459,Watchmen,2009,162.0,"Action,Drama,Mystery",7.6,615135,1
tt1270797,Venom,2018,112.0,"Action,Adventure,Sci-Fi",6.6,614874,1
tt5027774,"Three Billboards Outside Ebbing, Missouri",2017,115.0,"Comedy,Crime,Drama",8.1,614144,1
tt1298650,Pirates of the Caribbean: On Stranger Tides,2011,136.0,"Action,Adventure,Fantasy",6.6,613050,1
tt1318514,Rise of the Planet of the Apes,2011,105.0,"Action,Drama,Sci-Fi",7.6,609081,1
tt0071853,Monty Python and the Holy Grail,1975,91.0,"Adventure,Comedy,Fantasy",8.1,606717,1
tt1872181,The Amazing Spider-Man 2,2014,142.0,"Action,Adventure,Sci-Fi",6.6,604777,1
tt1659337,The Perks of Being a Wallflower,2012,103.0,Drama,7.9,603819,1
tt0356910,Mr. & Mrs. Smith,2005,120.0,"Action,Comedy,Crime",6.5,600481,1
tt1483013,Oblivion,2013,124.0,"Action,Adventure,Sci-Fi",7.0,589709,1
tt0095953,Rain Man,1988,133.0,Drama,8.0,588446,1
tt6263850,Deadpool & Wolverine,2024,128.0,"Action,Adventure,Comedy",7.5,588374,1
tt0441773,Kung Fu Panda,2008,92.0,"Action,Adventure,Animation",7.6,588221,1
tt0945513,Source Code,2011,93.0,"Action,Drama,Mystery",7.5,586748,1
tt2872732,Lucy,2014,89.0,"Action,Sci-Fi,Thriller",6.4,584471,1
tt1411697,The Hangover Part II,2011,102.0,Comedy,6.5,584187,1
tt1950186,Ford v Ferrari,2019,152.0,"Action,Biography,Drama",8.1,583391,1
tt0314331,Love Actually,2003,135.0,"Comedy,Drama,Romance",7.5,583361,1
tt10811166,The Kashmir Files,2022,170.0,Drama,8.5,579665,1
tt0242653,The Matrix Revolutions,2003,129.0,"Action,Sci-Fi",6.7,579003,1
tt0376994,X-Men: The Last Stand,2006,104.0,"Action,Adventure,Sci-Fi",6.6,577458,1
tt4425200,John Wick: Chapter 2,2017,122.0,"Action,Crime,Thriller",7.4,577022,1
tt0367594,Charlie and the Chocolate Factory,2005,115.0,"Adventure,Comedy,Family",6.7,576720,1
tt0467406,Juno,2007,96.0,"Comedy,Drama",7.4,574691,1
tt2179136,American Sniper,2014,133.0,"Action,Biography,Drama",7.3,574606,1
tt0800080,The Incredible Hulk,2008,112.0,"Action,Sci-Fi",6.6,574310,1
tt0458525,X-Men Origins: Wolverine,2009,107.0,"Action,Sci-Fi",6.5,573172,1
tt0047396,Rear Window,1954,112.0,"Drama,Mystery,Thriller",8.4,572604,1
tt0087469,Indiana Jones and the Temple of Doom,1984,118.0,"Action,Adventure",7.5,572579,1
tt0425112,Hot Fuzz,2007,121.0,"Action,Comedy,Mystery",7.8,571512,1
tt0268380,Ice Age,2002,81.0,"Adventure,Animation,Comedy",7.5,570597,1
tt0206634,Children of Men,2006,109.0,"Drama,Sci-Fi,Thriller",7.9,570330,1
tt1790864,The Maze Runner,2014,113.0,"Action,Mystery,Sci-Fi",6.8,570187,1
tt0458352,The Devil Wears Prada,2006,109.0,"Comedy,Drama",7.0,569230,1
tt0099487,Edward Scissorhands,1990,105.0,"Drama,Fantasy,Romance",7.8,569097,1
tt1229238,Mission: Impossible - Ghost Protocol,2011,132.0,"Action,Adventure,Thriller",7.4,568608,1
tt1979320,Rush,2013,123.0,"Biography,Drama,Sport",8.1,565052,1
tt0449059,Little Miss Sunshine,2006,101.0,"Comedy,Drama",7.8,564340,1
tt1663662,Pacific Rim,2013,131.0,"Action,Adventure,Sci-Fi",6.9,562979,1
tt0298148,Shrek 2,2004,93.0,"Adventure,Animation,Comedy",7.4,561884,1
tt2245084,Big Hero 6,2014,102.0,"Action,Adventure,Animation",7.8,560283,1
tt0092099,Top Gun,1986,109.0,"Action,Drama",7.0,559505,1
tt0289879,The Butterfly Effect,2004,113.0,"Drama,Sci-Fi,Thriller",7.6,559467,1
tt1477834,Aquaman,2018,143.0,"Action,Adventure,Fantasy",6.8,558523,1
tt0038650,It's a Wonderful Life,1946,130.0,"Drama,Family,Fantasy",8.6,557972,1
tt9419884,Doctor Strange in the Multiverse of Madness,2022,126.0,"Action,Adventure,Fantasy",6.8,556171,1
tt0289043,28 Days Later,2002,113.0,"Drama,Horror,Sci-Fi",7.5,554054,1
tt0057012,Dr. Strangelove or: How I Learned to Stop Worrying and Love the Bomb,1964,95.0,"Comedy,War",8.3,553505,1
tt0398286,Tangled,2010,100.0,"Adventure,Animation,Comedy",7.7,552246,1
tt1951265,The Hunger Games: Mockingjay - Part 1,2014,123.0,"Action,Adventure,Sci-Fi",6.6,552120,1
tt0790636,Dallas Buyers Club,2013,117.0,"Biography,Drama",7.9,551651,1
tt0119116,The Fifth Element,1997,126.0,"Action,Adventure,Sci-Fi",7.6,550237,1
tt1677720,Ready Player One,2018,140.0,"Action,Adventure,Sci-Fi",7.4,549256,1
tt2527338,Star Wars: Episode IX - The Rise of Skywalker,2019,141.0,"Action,Adventure,Fantasy",6.3,549229,1
tt3397884,Sicario,2015,121.0,"Action,Crime,Drama",7.7,547022,1
tt9362722,Spider-Man: Across the Spider-Verse,2023,140.0,"Action,Adventure,Animation",8.5,546922,1
tt0317219,Cars,2006,116.0,"Adventure,Animation,Comedy",7.3,545922,1
tt1596363,The Big Short,2015,130.0,"Biography,Comedy,Drama",7.8,545902,1
tt12593682,Bullet Train,2022,127.0,"Action,Comedy,Thriller",7.3,545121,1
tt3183660,Fantastic Beasts and Where to Find Them,2016,132.0,"Adventure,Family,Fantasy",7.2,544364,1
tt0448157,Hancock,2008,92.0,"Action,Comedy,Drama",6.4,542726,1
tt0362227,The Terminal,2004,128.0,"Comedy,Drama,Romance",7.4,540484,1
tt1895587,Spotlight,2015,129.0,"Biography,Crime,Drama",8.1,539509,1
tt0335266,Lost in Translation,2003,102.0,"Comedy,Drama",7.7,533760,1
tt0084787,The Thing,1982,109.0,"Horror,Mystery,Sci-Fi",8.2,532882,1
tt1291584,Warrior,2011,140.0,"Action,Drama,Sport",8.1,532588,1
tt1099212,Twilight,2008,122.0,"Drama,Fantasy,Romance",5.4,532524,1
tt1568346,The Girl with the Dragon Tattoo,2011,158.0,"Crime,Drama,Mystery",7.8,531980,1
tt1454029,The Help,2011,146.0,Drama,8.1,531895,1
tt11564570,Glass Onion,2022,139.0,"Comedy,Crime,Drama",7.1,531366,1
tt1723121,We're the Millers,2013,110.0,"Comedy,Crime",7.0,529236,1
tt0327056,Mystic River,2003,138.0,"Crime,Drama,Mystery",7.9,529085,1
tt1430132,The Wolverine,2013,126.0,"Action,Sci-Fi,Thriller",6.7,528337,1
tt0099088,Back to the Future Part III,1990,118.0,"Adventure,Comedy,Sci-Fi",7.5,525005,1
tt0139654,Training Day,2001,122.0,"Crime,Drama,Thriller",7.8,523411,1
tt0117060,Mission: Impossible,1996,110.0,"Action,Adventure,Thriller",7.2,522102,1
tt1535109,Captain Phillips,2013,134.0,"Action,Biography,Crime",7.8,522010,1
tt1840309,Divergent,2014,139.0,"Action,Adventure,Drama",6.6,521786,1
tt1800241,American Hustle,2013,138.0,"Crime,Drama",7.2,521225,1
tt0347149,Howl's Moving Castle,2004,119.0,"Adventure,Animation,Family",8.2,519662,1
tt31193180,Sinners,2025,137.0,Horror,7.5,517420,1
tt0367882,Indiana Jones and the Kingdom of the Crystal Skull,2008,122.0,"Action,Adventure",6.2,517043,1
tt0372183,The Bourne Supremacy,2004,108.0,"Action,Mystery,Thriller",7.7,516953,1
tt0319262,The Day After Tomorrow,2004,124.0,"Action,Adventure,Sci-Fi",6.5,516400,1
tt0387564,Saw,2004,103.0,"Horror,Mystery,Thriller",7.6,515563,1
tt1210166,Moneyball,2011,133.0,"Biography,Drama,Sport",7.6,515337,1
tt2103281,Dawn of the Planet of the Apes,2014,130.0,"Action,Adventure,Drama",7.6,514368,1
tt0407304,War of the Worlds,2005,117.0,"Action,Adventure,Sci-Fi",6.6,512041,1
tt12042730,Project Hail Mary,2026,156.0,"Adventure,Comedy,Drama",8.2,512037,1
tt1408101,Star Trek Into Darkness,2013,132.0,"Action,Adventure,Sci-Fi",7.7,512030,1
tt9764362,The Menu,2022,107.0,"Comedy,Horror,Thriller",7.1,511739,1
tt2283362,Jumanji: Welcome to the Jungle,2017,119.0,"Action,Adventure,Comedy",6.9,510052,1
tt2980516,The Theory of Everything,2014,123.0,"Biography,Drama,Romance",7.7,510045,1
tt0217505,Gangs of New York,2002,167.0,"Crime,Drama",7.5,509447,1
tt0974015,Justice League,2017,120.0,Sci-Fi,6.0,508739,1
tt0101414,Beauty and the Beast,1991,84.0,"Animation,Family,Fantasy",8.0,508658,1
tt0325710,The Last Samurai,2003,154.0,"Action,Drama",7.8,508435,1
tt0120616,The Mummy,1999,124.0,"Action,Adventure,Fantasy",7.1,507165,1
tt0405422,The 40-Year-Old Virgin,2005,116.0,"Comedy,Romance",7.1,506608,1
tt0093773,Predator,1987,107.0,"Action,Adventure,Horror",7.8,505295,1
tt1515091,Sherlock Holmes: A Game of Shadows,2011,129.0,"Action,Adventure,Mystery",7.4,504725,1
tt0103639,Aladdin,1992,90.0,"Adventure,Animation,Comedy",8.0,504477,1
tt1772341,Wreck-It Ralph,2012,101.0,"Adventure,Animation,Comedy",7.7,504202,1
tt1355644,Passengers,2016,116.0,"Drama,Romance,Sci-Fi",7.0,503832,1
tt5095030,Ant-Man and the Wasp,2018,118.0,"Action,Adventure,Comedy",7.0,503738,1
tt0070047,The Exorcist,1973,122.0,Horror,8.1,503150,1
tt0830515,Quantum of Solace,2008,106.0,"Action,Adventure,Mystery",6.5,501912,1
tt2379713,Spectre,2015,148.0,"Action,Adventure,Thriller",6.8,500536,1
tt0446029,Scott Pilgrim vs. the World,2010,112.0,"Action,Comedy,Fantasy",7.5,499980,1
tt0887912,The Hurt Locker,2008,131.0,"Drama,Thriller,War",7.5,499051,1
tt9376612,Shang-Chi and the Legend of the Ten Rings,2021,132.0,"Action,Adventure,Fantasy",7.3,498338,1
tt3385516,X-Men: Apocalypse,2016,144.0,"Action,Adventure,Sci-Fi",6.8,497198,1
tt0780536,In Bruges,2008,107.0,"Comedy,Crime,Drama",7.9,497000,1
tt0942385,Tropic Thunder,2008,107.0,"Action,Comedy,War",7.1,496042,1
tt0033467,Citizen Kane,1941,119.0,"Drama,Mystery",8.2,495771,1
tt6264654,Free Guy,2021,115.0,"Action,Adventure,Comedy",7.1,495596,1
tt8772262,Midsommar,2019,148.0,"Drama,Horror,Mystery",7.1,494984,1
tt1259521,The Cabin in the Woods,2011,95.0,"Horror,Mystery,Thriller",7.0,494533,1
tt1535108,Elysium,2013,109.0,"Action,Drama,Sci-Fi",6.6,494307,1
tt0092005,Stand by Me,1986,89.0,"Adventure,Drama",8.1,493024,1
tt2382320,No Time to Die,2021,163.0,"Action,Adventure,Thriller",7.3,492974,1
tt2584384,Jojo Rabbit,2019,108.0,"Comedy,Drama,War",7.9,492866,1
tt0765429,American Gangster,2007,157.0,"Biography,Crime,Drama",7.8,491969,1
tt0377092,Mean Girls,2004,97.0,Comedy,7.1,491440,1
tt1499658,Horrible Bosses,2011,98.0,"Comedy,Crime",6.9,490650,1
tt0093779,The Princess Bride,1987,98.0,"Adventure,Comedy,Family",8.0,489828,1
tt0087332,Ghostbusters,1984,105.0,"Action,Comedy,Fantasy",7.8,489648,1
tt0382625,The Da Vinci Code,2006,149.0,"Mystery,Thriller",6.7,489319,1
tt0119698,Princess Mononoke,1997,133.0,"Adventure,Animation,Fantasy",8.3,489166,1
tt1187043,3 Idiots,2009,170.0,"Comedy,Drama",8.4,487994,1
tt1637688,In Time,2011,109.0,"Action,Sci-Fi,Thriller",6.7,487576,1
tt6146586,John Wick: Chapter 3 - Parabellum,2019,130.0,"Action,Crime,Thriller",7.4,486566,1
tt3480822,Black Widow,2021,134.0,"Action,Adventure,Sci-Fi",6.6,486448,1
tt0351283,Madagascar,2005,86.0,"Adventure,Animation,Comedy",7.0,486072,1
tt1217209,Brave,2012,93.0,"Action,Adventure,Animation",7.1,484285,1
tt3170832,Room,2015,118.0,"Drama,Thriller",8.1,483751,1
tt6791350,Guardians of the Galaxy Vol. 3,2023,150.0,"Action,Adventure,Comedy",7.9,483604,1
tt0120591,Armageddon,1998,151.0,"Action,Adventure,Sci-Fi",6.7,482841,1
tt0443453,Borat,2006,84.0,Comedy,7.4,482106,1
tt0119567,The Lost World: Jurassic Park,1997,129.0,"Action,Adventure,Sci-Fi",6.6,481900,1
tt0319061,Big Fish,2003,125.0,"Adventure,Drama,Fantasy",7.9,479354,1
tt5580390,The Shape of Water,2017,123.0,"Drama,Fantasy,Romance",7.3,479297,1
tt12361974,Zack Snyder's Justice League,2021,242.0,"Adventure,Fantasy,Sci-Fi",7.9,478487,4
tt1302006,The Irishman,2019,209.0,"Biography,Crime,Drama",7.8,477966,4
tt0088847,The Breakfast Club,1985,97.0,"Comedy,Drama",7.8,476273,1
tt0119174,The Game,1997,129.0,"Drama,Mystery,Thriller",7.7,475944,1
tt0091763,Platoon,1986,120.0,"Drama,War",8.0,475887,1
tt0110475,The Mask,1994,101.0,"Comedy,Crime,Fantasy",7.0,475652,1
tt0083866,E.T. the Extra-Terrestrial,1982,115.0,"Adventure,Family,Sci-Fi",7.9,475598,1
tt0315327,Bruce Almighty,2003,101.0,"Comedy,Fantasy",6.8,474479,1
tt0360717,King Kong,2005,187.0,"Action,Adventure,Romance",7.2,473528,1
tt1605783,Midnight in Paris,2011,94.0,"Comedy,Fantasy,Romance",7.6,473448,1
tt0369339,Collateral,2004,120.0,"Action,Crime,Drama",7.5,472527,1
tt0086879,Amadeus,1984,160.0,"Biography,Drama,Music",8.4,472120,1
tt0163651,American Pie,1999,95.0,Comedy,7.0,472043,1
tt0105695,Unforgiven,1992,130.0,"Drama,Western",8.2,471659,1
tt1014759,Alice in Wonderland,2010,108.0,"Adventure,Family,Fantasy",6.4,471587,1
tt0032138,The Wizard of Oz,1939,102.0,"Adventure,Family,Fantasy",8.1,471531,1
tt10648342,Thor: Love and Thunder,2022,118.0,"Action,Adventure,Comedy",6.1,471225,1
tt0455944,The Equalizer,2014,132.0,"Action,Crime,Thriller",7.3,471077,1
tt0217869,Unbreakable,2000,106.0,"Drama,Mystery,Sci-Fi",7.3,470537,1
tt0831387,Godzilla,2014,123.0,"Action,Adventure,Sci-Fi",6.4,467543,1
tt7784604,Hereditary,2018,127.0,"Drama,Horror,Mystery",7.3,466866,1
tt1690953,Despicable Me 2,2013,98.0,"Adventure,Animation,Comedy",7.3,464476,1
tt6334354,The Suicide Squad,2021,132.0,"Action,Adventure,Comedy",7.2,464126,1
tt0232500,The Fast and the Furious,2001,106.0,"Action,Crime,Thriller",6.8,463966,1
tt0375679,Crash,2004,112.0,"Crime,Drama,Thriller",7.7,463784,1
tt8367814,The Gentlemen,2019,113.0,"Action,Comedy,Crime",7.8,463428,1
tt0052357,Vertigo,1958,128.0,"Mystery,Romance,Thriller",8.2,461705,1
tt0363771,"The Chronicles of Narnia: The Lion, the Witch and the Wardrobe",2005,143.0,"Adventure,Family,Fantasy",6.9,461345,1
tt0104431,Home Alone 2: Lost in New York,1992,120.0,"Adventure,Comedy,Crime",6.9,460641,1
tt1399103,Transformers: Dark of the Moon,2011,154.0,"Action,Adventure,Comedy",6.2,459368,1
tt0099674,The Godfather Part III,1990,162.0,"Crime,Drama",7.5,459366,1
tt0147800,10 Things I Hate About You,1999,97.0,"Comedy,Drama,Romance",7.4,458812,1
tt0265086,Black Hawk Down,2001,144.0,"Action,Drama,History",7.7,458350,1
tt1245492,This Is the End,2013,107.0,"Adventure,Comedy,Fantasy",6.6,458330,1
tt17526714,The Substance,2024,141.0,"Drama,Horror,Sci-Fi",7.2,457984,1
tt1055369,Transformers: Revenge of the Fallen,2009,149.0,"Action,Adventure,Sci-Fi",6.0,457554,1
tt2948372,Soul,2020,100.0,"Adventure,Animation,Comedy",8.0,456036,1
tt0840361,The Town,2010,125.0,"Crime,Drama,Thriller",7.5,452256,1
tt1517451,A Star Is Born,2018,136.0,"Drama,Music,Romance",7.6,451985,1
tt0117571,Scream,1996,111.0,"Horror,Mystery",7.4,451787,1
tt0118971,The Devil's Advocate,1997,144.0,"Drama,Fantasy,Mystery",7.5,450617,1
tt2381249,Mission: Impossible - Rogue Nation,2015,131.0,"Action,Adventure,Thriller",7.4,449053,1
tt3521164,Moana,2016,107.0,"Adventure,Animation,Comedy",7.6,448721,1
tt1060277,Cloverfield,2008,85.0,"Action,Horror,Sci-Fi",7.0,446935,1
tt1282140,Easy A,2010,92.0,"Comedy,Drama,Romance",7.0,446827,1
tt0109686,Dumb and Dumber,1994,107.0,Comedy,7.3,446707,1
tt0405094,The Lives of Others,2006,137.0,"Drama,Mystery,Thriller",8.4,446171,1
tt0361862,The Machinist,2004,101.0,"Drama,Thriller",7.6,445286,1
tt2294449,22 Jump Street,2014,112.0,"Action,Comedy,Crime",7.0,444686,1
tt2820852,Furious 7,2015,137.0,"Action,Thriller",7.1,443632,1
tt1905041,Fast & Furious 6,2013,130.0,"Action,Adventure,Crime",7.0,443380,1
tt0349903,Ocean's Twelve,2004,125.0,"Crime,Thriller",6.5,440533,1
tt2194499,About Time,2013,123.0,"Comedy,Drama,Fantasy",7.8,440238,1
tt0181852,Terminator 3: Rise of the Machines,2003,109.0,"Action,Sci-Fi",6.3,439772,1
tt30144839,One Battle After Another,2025,161.0,"Crime,Thriller",7.6,439001,1
tt5950044,Superman,2025,129.0,"Action,Adventure,Sci-Fi",7.0,438222,1
tt0096283,My Neighbor Totoro,1988,86.0,"Adventure,Animation,Comedy",8.1,438030,1
tt0337978,Live Free or Die Hard,2007,128.0,"Action,Thriller",7.1,437353,1
tt1596343,Fast Five,2011,130.0,"Action,Crime,Thriller",7.3,437190,1
tt0120663,Eyes Wide Shut,1999,159.0,"Drama,Mystery,Thriller",7.5,436194,1
tt0079470,Monty Python's Life of Brian,1979,94.0,Comedy,8.0,435424,1
tt0120912,Men in Black II,2002,88.0,"Action,Adventure,Comedy",6.2,435189,1
tt0096895,Batman,1989,126.0,Crime,7.5,434956,1
tt9032400,Eternals,2021,156.0,"Action,Adventure,Fantasy",6.2,434401,1
tt0166924,Mulholland Drive,2001,147.0,"Drama,Mystery,Thriller",7.9,432749,1
tt0112864,Die Hard with a Vengeance,1995,128.0,"Action,Adventure,Thriller",7.6,432623,1
tt0230600,The Others,2001,104.0,"Horror,Mystery,Thriller",7.6,430697,1
tt0493464,Wanted,2008,110.0,"Action,Crime,Thriller",6.7,430650,1
tt0119094,Face/Off,1997,138.0,"Action,Crime,Sci-Fi",7.3,430376,1
tt1453405,Monsters University,2013,104.0,"Adventure,Animation,Comedy",7.2,429823,1
tt0454848,Inside Man,2006,129.0,"Crime,Drama,Mystery",7.6,428030,1
tt0317919,Mission: Impossible III,2006,126.0,"Action,Adventure,Thriller",6.9,427909,1
tt1587310,Maleficent,2014,97.0,"Adventure,Drama,Family",6.9,427309,1
tt2582846,The Fault in Our Stars,2014,126.0,"Drama,Romance",7.6,427224,1
tt1542344,127 Hours,2010,94.0,"Biography,Drama",7.5,427130,1
tt33764258,The Odyssey,2026,172.0,"Action,Adventure,Fantasy",8.5,426461,1
tt0111257,Speed,1994,116.0,"Action,Adventure,Thriller",7.3,426191,1
tt2737304,Bird Box,2018,124.0,"Horror,Mystery,Sci-Fi",6.6,426174,1
tt1190080,2012,2009,158.0,"Action,Adventure,Sci-Fi",5.9,425481,1
tt0328107,Man on Fire,2004,146.0,"Action,Crime,Drama",7.7,424886,1
tt1706620,Snowpiercer,2013,126.0,"Action,Drama,Sci-Fi",7.1,424405,1
tt4912910,Mission: Impossible - Fallout,2018,147.0,"Action,Adventure,Thriller",7.7,423587,1
tt1632708,Friends with Benefits,2011,109.0,"Comedy,Romance",6.5,422925,1
tt3799694,The Nice Guys,2016,116.0,"Action,Comedy,Crime",7.4,422856,1
tt0094721,Beetlejuice,1988,92.0,"Comedy,Fantasy",7.4,421451,1
tt0388795,Brokeback Mountain,2005,134.0,"Drama,Romance",7.7,420965,1
tt14230458,Poor Things,2023,141.0,"Comedy,Drama,Romance",7.7,420955,1
tt1490017,The Lego Movie,2014,100.0,"Action,Adventure,Animation",7.7,420193,1
tt1951266,The Hunger Games: Mockingjay - Part 2,2015,137.0,"Action,Adventure,Sci-Fi",6.6,419890,1
tt0091042,Ferris Bueller's Day Off,1986,103.0,Comedy,7.8,419579,1
tt0343660,50 First Dates,2004,99.0,"Comedy,Drama,Romance",6.8,419500,1
tt0113497,Jumanji,1995,104.0,"Adventure,Comedy,Family",7.1,418207,1
tt10366206,John Wick: Chapter 4,2023,169.0,"Action,Crime,Thriller",7.6,417936,1
tt0286106,Signs,2002,106.0,"Drama,Mystery,Sci-Fi",6.8,417560,1
tt0448115,Shazam!,2019,132.0,"Action,Adventure,Comedy",7.0,417336,1
tt0120755,Mission: Impossible II,2000,123.0,"Action,Adventure,Thriller",6.1,417333,1
tt2106476,The Hunt,2012,115.0,Drama,8.3,416265,1
tt0477347,Night at the Museum,2006,108.0,"Adventure,Comedy,Family",6.5,415079,1
tt0162661,Sleepy Hollow,1999,105.0,"Fantasy,Horror,Mystery",7.3,414987,1
tt1409024,Men in Black 3,2012,106.0,"Action,Adventure,Comedy",6.8,414874,1
tt0107688,The Nightmare Before Christmas,1993,76.0,"Adventure,Animation,Family",7.9,414530,1
tt3778644,Solo: A Star Wars Story,2018,135.0,"Action,Adventure,Sci-Fi",6.9,413824,1
tt0081398,Raging Bull,1980,129.0,"Biography,Drama,Sport",8.1,413069,1
tt0360486,Constantine,2005,121.0,"Action,Fantasy,Horror",7.0,412061,1
tt0338751,The Aviator,2004,170.0,"Biography,Drama",7.5,411964,1
tt0087843,Once Upon a Time in America,1984,229.0,"Crime,Drama",8.3,411161,4
tt0100405,Pretty Woman,1990,119.0,"Comedy,Romance",7.1,410555,1
tt0964517,The Fighter,2010,116.0,"Action,Biography,Drama",7.8,410517,1
tt0317740,The Italian Job,2003,111.0,"Action,Crime,Thriller",7.0,409874,1
tt0099423,Die Hard 2,1990,124.0,"Action,Thriller",7.2,409289,1
tt0408236,Sweeney Todd: The Demon Barber of Fleet Street,2007,116.0,"Drama,Horror,Musical",7.3,408649,1
tt1068680,Yes Man,2008,104.0,"Comedy,Romance",6.8,407725,1
tt0119396,Jackie Brown,1997,154.0,"Crime,Drama,Thriller",7.5,407407,1
tt0443543,The Illusionist,2006,110.0,"Drama,Fantasy,Mystery",7.5,406338,1
tt1646971,How to Train Your Dragon 2,2014,102.0,"Action,Adventure,Animation",7.8,406170,1
tt0298130,The Ring,2002,115.0,"Horror,Mystery",7.1,405625,1
tt4649466,Kingsman: The Golden Circle,2017,141.0,"Action,Adventure,Comedy",6.7,405034,1
tt0047478,Seven Samurai,1954,207.0,"Action,Drama",8.6,404794,4
tt0357413,Anchorman: The Legend of Ron Burgundy,2004,94.0,Comedy,7.1,404161,1
tt0363163,Downfall,2004,156.0,"Biography,Drama,History",8.2,403109,1
tt7888964,Nobody,2021,92.0,"Action,Crime,Drama",7.4,402458,1
tt5311514,Your Name.,2016,106.0,"Animation,Drama,Fantasy",8.4,402144,1
tt1041829,The Proposal,2009,108.0,"Comedy,Drama,Romance",6.8,402099,1
tt0478311,Knocked Up,2007,129.0,"Comedy,Romance",6.9,401884,1
tt2140479,The Accountant,2016,128.0,"Action,Crime,Drama",7.3,401482,1
tt0396269,Wedding Crashers,2005,119.0,"Comedy,Romance",7.0,401445,1
tt1907668,Flight,2012,138.0,"Drama,Thriller",7.3,400140,1
tt9114286,Black Panther: Wakanda Forever,2022,161.0,"Action,Adventure,Drama",6.6,398962,1
tt6857112,Us,2019,116.0,"Horror,Mystery,Thriller",6.8,398625,1
tt1182345,Moon,2009,97.0,"Drama,Mystery,Sci-Fi",7.8,397773,1
tt6208148,Snow White,2025,109.0,"Adventure,Family,Fantasy",2.2,397750,1
tt2798920,Annihilation,2018,115.0,"Adventure,Drama,Horror",6.8,397557,1
tt0438488,Terminator Salvation,2009,115.0,"Action,Adventure,Sci-Fi",6.5,394800,1
tt0790724,Jack Reacher,2012,130.0,"Action,Thriller",7.0,394489,1
tt0395169,Hotel Rwanda,2004,121.0,"Biography,Drama,History",8.1,394208,1
tt0095327,Grave of the Fireflies,1988,88.0,"Animation,Drama,War",8.5,393798,1
tt26581740,Weapons,2025,128.0,"Horror,Mystery",7.4,392804,1
tt0389860,Click,2006,107.0,"Comedy,Drama,Fantasy",6.5,391564,1
tt0878804,The Blind Side,2009,129.0,"Biography,Drama,Sport",7.6,390657,1
tt1790809,Pirates of the Caribbean: Dead Men Tell No Tales,2017,129.0,"Action,Adventure,Fantasy",6.5,390237,1
tt0496806,Ocean's Thirteen,2007,122.0,"Crime,Thriller",6.9,389586,1
tt1104001,Tron: Legacy,2010,125.0,"Action,Adventure,Sci-Fi",6.8,389218,1
tt0125439,Notting Hill,1999,124.0,"Comedy,Drama,Romance",7.2,389055,1
tt0077416,The Deer Hunter,1978,183.0,"Drama,War",8.1,388638,1
tt1179933,10 Cloverfield Lane,2016,103.0,"Drama,Horror,Sci-Fi",7.2,388326,1
tt1371111,Cloud Atlas,2012,172.0,"Drama,Mystery,Sci-Fi",7.3,387973,1
tt16311594,F1: The Movie,2025,155.0,"Drama,Sport",7.6,386985,1
tt0064116,Once Upon a Time in the West,1968,145.0,"Drama,Western",8.5,386917,1
tt4881806,Jurassic World: Fallen Kingdom,2018,128.0,"Action,Adventure,Sci-Fi",6.2,386175,1
tt1748122,Moonrise Kingdom,2012,94.0,"Adventure,Comedy,Drama",7.7,384586,1
tt0100802,Total Recall,1990,113.0,"Action,Adventure,Sci-Fi",7.5,384117,1
tt0433035,Real Steel,2011,127.0,"Action,Drama,Sci-Fi",7.1,383665,1
tt0117500,The Rock,1996,136.0,"Action,Adventure,Thriller",7.4,383589,1
tt1065073,Boyhood,2014,165.0,"Comedy,Drama",7.9,383290,1
tt1650062,Super 8,2011,112.0,"Action,Sci-Fi,Thriller",7.0,382785,1
tt0112471,Before Sunrise,1995,101.0,"Comedy,Drama,Romance",8.1,382717,1
tt1320253,The Expendables,2010,103.0,"Action,Adventure,Thriller",6.4,382339,1
tt0414387,Pride & Prejudice,2005,129.0,"Drama,Romance",7.8,381726,1
tt0212338,Meet the Parents,2000,108.0,"Comedy,Romance",7.0,381272,1
tt0368891,National Treasure,2004,131.0,"Action,Adventure,Mystery",6.9,380748,1
tt0110148,Interview with the Vampire: The Vampire Chronicles,1994,123.0,"Drama,Fantasy,Horror",7.5,379869,1
tt0887883,Burn After Reading,2008,96.0,"Comedy,Crime,Drama",7.0,379290,1
tt0071315,Chinatown,1974,130.0,"Drama,Mystery,Thriller",8.1,379183,1
tt2788710,The Interview,2014,112.0,"Action,Adventure,Comedy",6.5,379155,1
tt0884328,The Mist,2007,126.0,"Horror,Sci-Fi,Thriller",7.1,378997,1
tt1403865,True Grit,2010,110.0,"Drama,Western",7.6,378686,1
tt0822854,Shooter,2007,124.0,"Action,Drama,Thriller",7.2,378556,1
tt3731562,Kong: Skull Island,2017,118.0,"Action,Adventure,Fantasy",6.7,377938,1
tt0120667,Fantastic Four,2005,106.0,"Action,Adventure,Fantasy",5.7,377740,1
tt3606756,Incredibles 2,2018,118.0,"Action,Adventure,Animation",7.5,376400,1
tt0359950,The Secret Life of Walter Mitty,2013,114.0,"Adventure,Comedy,Drama",7.3,376126,1
tt0105323,Scent of a Woman,1992,156.0,Drama,8.0,375088,1
tt0910936,Pineapple Express,2008,111.0,"Action,Comedy,Crime",6.9,374915,1
tt0163025,Jurassic Park III,2001,92.0,"Action,Adventure,Sci-Fi",6.0,374874,1
tt7653254,Marriage Story,2019,137.0,"Drama,Romance",7.9,374507,1
tt1231583,Due Date,2010,95.0,"Comedy,Drama",6.5,374409,1
tt0116367,From Dusk Till Dawn,1996,108.0,"Action,Crime,Horror",7.2,373262,1
tt0167190,Hellboy,2004,122.0,"Action,Adventure,Fantasy",6.9,372528,1
tt0213149,Pearl Harbor,2001,183.0,"Action,Drama,Romance",6.3,372067,1
tt1645170,The Dictator,2012,83.0,Comedy,6.5,371866,1
tt1591095,Insidious,2010,103.0,"Horror,Mystery,Thriller",6.8,370996,1
tt0053125,North by Northwest,1959,136.0,"Adventure,Drama,Mystery",8.3,370952,1
tt0120601,Being John Malkovich,1999,113.0,"Comedy,Drama,Fantasy",7.7,370820,1
tt0209163,The Mummy Returns,2001,130.0,"Action,Adventure,Fantasy",6.4,370408,1
tt0457939,The Holiday,2006,136.0,"Comedy,Romance",7.0,370077,1
tt1951261,The Hangover Part III,2013,100.0,"Comedy,Crime",5.9,367653,1
tt4925292,Lady Bird,2017,94.0,"Comedy,Drama",7.4,367515,1
tt0463854,28 Weeks Later,2007,100.0,"Horror,Sci-Fi",6.8,367411,1
tt0119528,Liar Liar,1997,86.0,"Comedy,Fantasy",6.9,365732,1
tt0462538,The Simpsons Movie,2007,87.0,"Adventure,Animation,Comedy",7.3,364997,1
tt3110958,Now You See Me 2,2016,129.0,"Action,Adventure,Comedy",6.4,364962,1
tt0238380,Equilibrium,2002,107.0,"Action,Drama,Sci-Fi",7.3,364388,1
tt1707386,Les Misérables,2012,158.0,"Drama,Musical,Romance",7.5,364336,1
tt0413267,Shrek the Third,2007,93.0,"Adventure,Animation,Comedy",6.1,364196,1
tt5726616,Call Me by Your Name,2017,132.0,"Drama,Romance",7.8,363542,1
tt1037705,The Book of Eli,2010,118.0,"Action,Adventure,Drama",6.8,363513,1
tt0472043,Apocalypto,2006,139.0,"Action,Adventure,Drama",7.9,363320,1
tt1302011,Kung Fu Panda 2,2011,90.0,"Action,Adventure,Animation",7.3,362540,1
tt1193138,Up in the Air,2009,109.0,"Comedy,Drama,Romance",7.4,362324,1
tt2771200,Beauty and the Beast,2017,129.0,"Adventure,Family,Fantasy",7.1,361979,1
tt0399295,Lord of War,2005,122.0,"Crime,Drama",7.6,361949,1
tt4034228,Manchester by the Sea,2016,137.0,Drama,7.8,361760,1
tt0332379,School of Rock,2003,109.0,"Comedy,Music",7.2,361215,1
tt7349950,It: Chapter Two,2019,169.0,"Drama,Fantasy,Horror",6.5,361183,1
tt5727208,Uncut Gems,2019,135.0,"Crime,Drama,Thriller",7.4,360720,1
tt0119008,Donnie Brasco,1997,127.0,"Biography,Crime,Drama",7.7,359746,1
tt0320661,Kingdom of Heaven,2005,144.0,"Action,Adventure,Drama",7.3,359717,1
tt1638355,The Man from U.N.C.L.E.,2015,116.0,"Action,Adventure,Comedy",7.2,359425,1
tt2322441,Fifty Shades of Grey,2015,125.0,"Drama,Romance,Thriller",4.2,358905,1
tt7991608,Red Notice,2021,118.0,"Action,Comedy,Thriller",6.3,358673,1
tt4263482,The Witch,2015,92.0,"Drama,Fantasy,Horror",7.0,358016,1
tt0031381,Gone with the Wind,1939,238.0,"Drama,Romance,War",8.2,357940,4
tt0109040,Ace Ventura: Pet Detective,1994,86.0,Comedy,6.9,357240,1
tt0094226,The Untouchables,1987,119.0,"Crime,Drama,Thriller",7.8,356113,1
tt1306980,50/50,2011,100.0,"Comedy,Drama,Romance",7.6,355905,1
tt4975722,Moonlight,2016,111.0,Drama,7.4,355099,1
tt0103644,Alien³,1992,114.0,"Action,Horror,Sci-Fi",6.4,354996,1
tt0190590,"O Brother, Where Art Thou?",2000,107.0,"Adventure,Comedy,Crime",7.7,354817,1
tt0298203,8 Mile,2002,110.0,"Drama,Music",7.2,354445,1
tt1981677,Pitch Perfect,2012,112.0,"Comedy,Music,Romance",7.1,353395,1
tt0381849,3:10 to Yuma,2007,122.0,"Action,Crime,Drama",7.6,353143,1
tt2109248,Transformers: Age of Extinction,2014,165.0,"Action,Adventure,Comedy",5.6,352725,1
tt0056592,To Kill a Mockingbird,1962,129.0,"Crime,Drama",8.2,352644,1
tt0175880,Magnolia,1999,188.0,Drama,8.0,352235,1
tt1485796,The Greatest Showman,2017,105.0,"Biography,Drama,Musical",7.5,352150,1
tt0103776,Batman Returns,1992,126.0,"Action,Crime,Fantasy",7.1,352108,1
tt0386588,Hitch,2005,118.0,"Comedy,Romance",6.6,351333,1
tt0970179,Hugo,2011,126.0,"Adventure,Drama,Family",7.5,350959,1
tt9243946,El Camino,2019,122.0,"Crime,Drama,Thriller",7.3,350740,1
tt0129387,There's Something About Mary,1998,119.0,"Comedy,Romance",7.1,350561,1
tt0278504,Insomnia,2002,118.0,"Drama,Mystery,Thriller",7.2,350225,1
tt0120762,Mulan,1998,87.0,"Adventure,Animation,Comedy",7.7,349999,1
tt0119177,Gattaca,1997,106.0,"Drama,Sci-Fi,Thriller",7.7,349962,1
tt0106977,The Fugitive,1993,130.0,"Action,Crime,Drama",7.8,349482,1
tt0120201,Starship Troopers,1997,129.0,"Action,Adventure,Sci-Fi",7.3,349232,1
tt0319343,Elf,2003,97.0,"Adventure,Comedy,Family",7.1,348640,1
tt1197624,Law Abiding Citizen,2009,109.0,"Action,Crime,Drama",7.4,348315,1
tt2316204,Alien: Covenant,2017,122.0,"Horror,Sci-Fi,Thriller",6.4,348156,1
tt2004420,Neighbors,2014,97.0,Comedy,6.3,347939,1
tt3065204,The Conjuring 2,2016,134.0,"Horror,Mystery,Thriller",7.3,347905,1
tt0453467,Deja Vu,2006,126.0,"Action,Crime,Sci-Fi",7.1,347654,1
tt1028532,Hachi: A Dog's Tale,2009,93.0,"Biography,Drama,Family",8.1,347133,1
tt3682448,Bridge of Spies,2015,142.0,"Drama,History,Thriller",7.6,346703,1
tt0056172,Lawrence of Arabia,1962,227.0,"Adventure,Biography,Drama",8.3,344988,4
tt1016150,All Quiet on the Western Front,2022,148.0,"Drama,History,War",7.8,344429,1
tt0944835,Salt,2010,100.0,"Action,Thriller",6.5,344403,1
tt0838283,Step Brothers,2008,98.0,Comedy,6.9,344178,1
tt0399201,The Island,2005,136.0,"Action,Sci-Fi,Thriller",6.8,343956,1
tt1790885,Zero Dark Thirty,2012,157.0,"Drama,History,Thriller",7.4,343645,1
tt0212720,A.I. Artificial Intelligence,2001,146.0,"Adventure,Drama,Sci-Fi",7.2,342072,1
tt0118880,Con Air,1997,115.0,"Action,Crime,Thriller",6.9,342068,1
tt0077651,Halloween,1978,91.0,"Horror,Thriller",7.7,341947,1
tt2674426,Me Before You,2016,110.0,"Drama,Romance",7.4,341795,1
tt0112384,Apollo 13,1995,140.0,"Adventure,Drama,History",7.7,341659,1
tt4550098,Nocturnal Animals,2016,116.0,"Drama,Thriller",7.4,341558,1
tt0425210,Lucky Number Slevin,2006,110.0,"Crime,Drama,Thriller",7.7,340784,1
tt1245526,RED,2010,111.0,"Action,Comedy,Crime",7.0,340539,1
tt0120623,A Bug's Life,1998,95.0,"Adventure,Animation,Comedy",7.2,340472,1
tt0293662,The Transporter,2002,92.0,"Action,Crime,Thriller",6.8,340190,1
tt0195714,Final Destination,2000,98.0,"Horror,Thriller",6.7,339709,1
tt0119822,As Good as It Gets,1997,139.0,"Comedy,Drama,Romance",7.7,339634,1
tt1013752,Fast & Furious,2009,107.0,"Action,Thriller",6.5,339361,1
tt0489099,Jumper,2008,88.0,"Action,Adventure,Sci-Fi",6.1,339327,1
tt2277860,Finding Dory,2016,97.0,"Adventure,Animation,Comedy",7.2,338876,1
tt3076658,Creed,2015,133.0,"Action,Drama,Sport",7.6,338867,1
tt1397280,Taken 2,2012,92.0,"Action,Crime,Thriller",6.2,338703,1
tt2397535,Predestination,2014,97.0,"Action,Drama,Sci-Fi",7.4,338525,1
tt0265666,The Royal Tenenbaums,2001,110.0,"Comedy,Drama",7.6,338397,1
tt3464902,The Lobster,2015,119.0,"Drama,Romance,Sci-Fi",7.1,337175,1
tt0463985,The Fast and the Furious: Tokyo Drift,2006,104.0,"Action,Crime,Thriller",6.1,337009,1
tt1152836,Public Enemies,2009,140.0,"Biography,Crime,Drama",6.9,336629,1
tt1028528,Death Proof,2007,127.0,"Drama,Thriller",7.0,336297,1
tt1764651,The Expendables 2,2012,103.0,"Action,Adventure,Thriller",6.6,335995,1
tt0170016,How the Grinch Stole Christmas,2000,104.0,"Comedy,Family,Fantasy",6.4,335473,1
tt0120611,Blade,1998,120.0,"Action,Horror,Sci-Fi",7.1,334499,1
tt4123430,Fantastic Beasts: The Crimes of Grindelwald,2018,134.0,"Adventure,Family,Fantasy",6.5,334231,1
tt4160708,Don't Breathe,2016,88.0,"Crime,Horror,Thriller",7.1,334217,1
tt0120812,Rush Hour,1998,98.0,"Action,Comedy,Crime",7.1,333910,1
tt0175142,Scary Movie,2000,88.0,Comedy,6.3,333685,1
tt1312221,Frankenstein,2025,149.0,"Drama,Fantasy,Horror",7.4,333418,1
tt1598778,Contagion,2011,106.0,"Drama,Thriller",6.8,333350,1
tt0783233,Atonement,2007,123.0,"Drama,Mystery,Romance",7.8,332690,1
tt1125849,The Wrestler,2008,109.0,"Drama,Sport",7.9,332338,1
tt9603212,Mission: Impossible - Dead Reckoning Part One,2023,163.0,"Action,Adventure,Thriller",7.6,331760,1
tt0121164,Corpse Bride,2005,77.0,"Animation,Comedy,Drama",7.4,331242,1
tt1253863,300: Rise of an Empire,2014,102.0,"Action,Adventure,Drama",6.2,331060,1
tt0449467,Babel,2006,143.0,Drama,7.4,330559,1
tt37287335,Obsession,2025,109.0,"Horror,Romance,Thriller",7.8,330292,1
tt1194173,The Bourne Legacy,2012,135.0,"Action,Adventure,Thriller",6.6,329818,1
tt1001526,Megamind,2010,95.0,"Action,Adventure,Animation",7.3,329664,1
tt0089218,The Goonies,1985,114.0,"Adventure,Comedy,Family",7.7,329607,1
tt3450958,War for the Planet of the Apes,2017,140.0,"Action,Adventure,Drama",7.4,329441,1
tt0077631,Grease,1978,110.0,"Comedy,Musical,Romance",7.2,329018,1
tt8228288,The Platform,2019,94.0,"Horror,Mystery,Sci-Fi",7.0,328751,1
tt0322259,2 Fast 2 Furious,2003,107.0,"Action,Crime,Thriller",6.0,328678,1
tt0251127,How to Lose a Guy in 10 Days,2003,116.0,"Comedy,Romance",6.6,328500,1
tt0808151,Angels & Demons,2009,138.0,"Mystery,Thriller",6.7,327836,1
tt1478338,Bridesmaids,2011,125.0,Comedy,6.8,327795,1
tt8332922,A Quiet Place Part II,2020,97.0,"Drama,Horror,Sci-Fi",7.2,327743,1
tt1979376,Toy Story 4,2019,100.0,"Adventure,Animation,Comedy",7.6,327525,1
tt0814314,Seven Pounds,2008,123.0,"Drama,Mystery,Thriller",7.6,327361,1
tt0437086,Alita: Battle Angel,2019,122.0,"Action,Adventure,Sci-Fi",7.3,326501,1
tt12037194,Furiosa: A Mad Max Saga,2024,148.0,"Action,Adventure,Sci-Fi",7.4,326061,1
tt1091191,Lone Survivor,2013,121.0,"Action,Biography,Drama",7.5,325927,1
tt1259571,The Twilight Saga: New Moon,2009,130.0,"Adventure,Drama,Fantasy",4.8,325549,1
tt3263904,Sully,2016,96.0,"Biography,Drama,History",7.4,325266,1
tt7975244,Jumanji: The Next Level,2019,123.0,"Action,Adventure,Comedy",6.6,323998,1
tt3402236,Murder on the Orient Express,2017,114.0,"Comedy,Crime,Drama",6.5,323961,1
tt1192628,Rango,2011,107.0,"Action,Adventure,Animation",7.3,323400,1
tt0800039,Forgetting Sarah Marshall,2008,111.0,"Comedy,Drama,Romance",7.1,321727,1
tt10954984,Nope,2022,130.0,"Horror,Mystery,Sci-Fi",6.8,321725,1
tt0185937,The Blair Witch Project,1999,81.0,"Horror,Mystery",6.5,321380,1
tt1922777,Sinister,2012,110.0,"Horror,Mystery,Thriller",6.8,321200,1
tt0438097,Ice Age: The Meltdown,2006,91.0,"Adventure,Animation,Comedy",6.8,321169,1
tt0120669,Fear and Loathing in Las Vegas,1998,118.0,"Adventure,Comedy,Drama",7.4,321135,1
tt0104257,A Few Good Men,1992,138.0,"Drama,Thriller",7.8,320656,1
tt0196229,Zoolander,2001,90.0,Comedy,6.5,319905,1
tt0095765,Cinema Paradiso,1988,174.0,"Drama,Romance",8.5,319688,1
tt0473075,Prince of Persia: The Sands of Time,2010,116.0,"Action,Adventure,Fantasy",6.5,319291,1
tt0107614,Mrs. Doubtfire,1993,125.0,"Comedy,Drama,Family",7.1,319234,1
tt5362988,Wind River,2017,107.0,"Crime,Drama,Mystery",7.7,319096,1
tt0381681,Before Sunset,2004,80.0,"Drama,Romance",8.1,318763,1
tt0837562,Hotel Transylvania,2012,91.0,"Animation,Comedy,Family",7.1,318492,1
tt6139732,Aladdin,2019,128.0,"Adventure,Comedy,Family",6.9,318356,1
tt0112442,Bad Boys,1995,119.0,"Action,Comedy,Crime",6.8,318172,1
tt1375670,Grown Ups,2010,102.0,Comedy,6.0,317991,1
tt7349662,BlacKkKlansman,2018,135.0,"Biography,Comedy,Crime",7.5,316936,1
tt0181875,Almost Famous,2000,122.0,"Adventure,Comedy,Drama",7.9,316933,1
tt0379786,Serenity,2005,119.0,"Action,Adventure,Sci-Fi",7.8,316877,1
tt0450385,1408,2007,104.0,"Fantasy,Horror,Mystery",6.8,316677,1
tt1735898,Snow White and the Huntsman,2012,127.0,"Action,Adventure,Drama",6.1,316506,1
tt0258000,Panic Room,2002,112.0,"Crime,Drama,Thriller",6.8,316458,1
tt0118884,Contact,1997,150.0,"Drama,Mystery,Sci-Fi",7.5,316422,1
tt0203009,Moulin Rouge!,2001,127.0,"Drama,Musical,Romance",7.5,316348,1
tt0212985,Hannibal,2001,131.0,"Crime,Drama,Thriller",6.8,315875,1
tt0187393,The Patriot,2000,165.0,"Action,Drama,War",7.2,315855,1
tt0116695,Jerry Maguire,1996,139.0,"Comedy,Drama,Romance",7.3,315048,1
tt0097757,The Little Mermaid,1989,83.0,"Adventure,Animation,Family",7.6,314668,1
tt1213663,The World's End,2013,109.0,"Action,Comedy,Sci-Fi",6.9,314609,1
tt1343727,Dredd,2012,95.0,"Action,Crime,Sci-Fi",7.1,314282,1
tt7126948,Wonder Woman 1984,2020,151.0,"Action,Adventure,Fantasy",5.3,313860,1
tt0120804,Resident Evil,2002,100.0,"Action,Horror,Sci-Fi",6.6,313714,1
tt0289765,Red Dragon,2002,124.0,"Crime,Drama,Thriller",7.2,313569,1
tt2361509,The Intern,2015,121.0,"Comedy,Drama",7.1,313562,1
tt5700672,Train to Busan,2016,118.0,"Action,Horror,Thriller",7.6,313174,1
tt0452623,Gone Baby Gone,2007,114.0,"Crime,Drama,Mystery",7.6,312951,1
tt1386588,The Other Guys,2010,107.0,"Action,Comedy,Crime",6.7,312498,1
tt0099348,Dances with Wolves,1990,181.0,"Adventure,Drama,Western",8.0,312474,1
tt0187078,Gone in 60 Seconds,2000,118.0,"Action,Crime,Thriller",6.5,312073,1
tt5537002,Killers of the Flower Moon,2023,206.0,"Crime,Drama,History",7.5,312060,4
tt1817273,The Place Beyond the Pines,2012,140.0,"Crime,Drama,Thriller",7.3,312022,1
tt4046784,Maze Runner: The Scorch Trials,2015,131.0,"Action,Adventure,Sci-Fi",6.3,311721,1
tt0093870,RoboCop,1987,102.0,"Action,Crime,Sci-Fi",7.6,311434,1
tt0116483,Happy Gilmore,1996,92.0,"Comedy,Sport",7.0,311373,1
tt0259711,Vanilla Sky,2001,136.0,"Fantasy,Mystery,Romance",6.9,311300,1
tt0151804,Office Space,1999,89.0,Comedy,7.6,311090,1
tt0795421,Mamma Mia!,2008,108.0,"Comedy,Musical,Romance",6.5,310983,1
tt1133985,Green Lantern,2011,114.0,"Action,Adventure,Sci-Fi",5.5,310866,1
tt9218128,Gladiator II,2024,148.0,"Adventure,Drama",6.4,310088,1
tt7097896,Venom: Let There Be Carnage,2021,97.0,"Action,Adventure,Crime",5.9,309662,1
tt1340138,Terminator Genisys,2015,126.0,"Action,Adventure,Sci-Fi",6.3,309435,1
tt0432283,Fantastic Mr. Fox,2009,87.0,"Adventure,Animation,Comedy",7.9,309288,1
tt0338526,Van Helsing,2004,131.0,"Action,Adventure,Fantasy",6.1,309215,1
tt13833688,The Whale,2022,117.0,Drama,7.6,309007,1
tt0118749,Boogie Nights,1997,155.0,Drama,7.9,308697,1
tt2302755,Olympus Has Fallen,2013,119.0,"Action,Thriller",6.5,308492,1
tt7984734,The Lighthouse,2019,109.0,"Drama,Fantasy,Horror",7.4,308011,1
tt6443346,Black Adam,2022,125.0,"Action,Adventure,Fantasy",6.1,307552,1
tt3040964,The Jungle Book,2016,106.0,"Action,Adventure,Animation",7.3,307518,1
tt0800320,Clash of the Titans,2010,106.0,"Action,Adventure,Fantasy",5.8,307166,1
tt0053291,Some Like It Hot,1959,121.0,"Comedy,Music,Romance",8.2,306733,1
tt6823368,Glass,2019,129.0,"Drama,Fantasy,Horror",6.6,306636,1
tt2005151,War Dogs,2016,114.0,"Biography,Comedy,Crime",7.1,306402,1
tt1464335,Uncharted,2022,116.0,"Action,Adventure",6.3,306302,1
tt10838180,The Matrix Resurrections,2021,148.0,"Action,Sci-Fi",5.6,305904,1
tt11138512,The Northman,2022,137.0,"Action,Adventure,Drama",7.0,305040,1
tt0070735,The Sting,1973,129.0,"Comedy,Crime,Drama",8.2,304863,1
tt0083944,First Blood,1982,93.0,"Action,Adventure,Thriller",7.7,304657,1
tt0327597,Coraline,2009,100.0,"Animation,Drama,Family",7.8,304598,1
tt0348150,Superman Returns,2006,154.0,"Action,Adventure,Sci-Fi",6.1,304528,1
tt0061722,The Graduate,1967,106.0,"Comedy,Drama,Romance",8.0,303512,1
tt0183649,Phone Booth,2002,81.0,"Crime,Thriller",7.1,303465,1
tt28607951,Anora,2024,139.0,"Comedy,Drama,Romance",7.4,303400,1
tt0290002,Meet the Fockers,2004,115.0,"Comedy,Romance",6.4,303201,1
tt3235888,It Follows,2014,100.0,"Horror,Mystery,Thriller",6.8,303195,1
tt0059578,For a Few Dollars More,1965,132.0,"Drama,Western",8.2,303023,1
tt0111503,True Lies,1994,141.0,"Action,Comedy,Thriller",7.3,302801,1
tt0320691,Underworld,2003,121.0,"Action,Fantasy,Thriller",7.0,302735,1
tt0119643,Meet Joe Black,1998,178.0,"Drama,Fantasy,Romance",7.2,302434,1
tt0257044,Road to Perdition,2002,117.0,"Crime,Drama,Thriller",7.6,302397,1
tt0486576,Fantastic Four: Rise of the Silver Surfer,2007,92.0,"Action,Adventure,Fantasy",5.6,302002,1
tt1650554,Kick-Ass 2,2013,103.0,"Action,Comedy,Crime",6.5,301560,1
tt6718170,The Super Mario Bros. Movie,2023,92.0,"Adventure,Animation,Comedy",7.0,301176,1
tt0401729,John Carter,2012,132.0,"Action,Adventure,Sci-Fi",6.6,300816,1
tt2953050,Encanto,2021,102.0,"Animation,Comedy,Family",7.2,300643,1
tt3228774,Cruella,2021,134.0,"Adventure,Comedy,Crime",7.3,300330,1
tt0486655,Stardust,2007,127.0,"Adventure,Fantasy,Romance",7.6,300186,1
tt0411477,Hellboy II: The Golden Army,2008,120.0,"Action,Adventure,Fantasy",7.0,300022,1
tt0432348,Saw II,2005,93.0,"Horror,Mystery",6.6,299471,1
tt11813216,The Banshees of Inisherin,2022,114.0,"Comedy,Drama",7.6,299137,1
tt20969586,Thunderbolts*,2025,127.0,"Action,Adventure,Crime",7.1,298639,1
tt0368447,The Village,2004,108.0,"Drama,Mystery,Thriller",6.6,298619,1
tt0093409,Lethal Weapon,1987,109.0,"Action,Crime,Thriller",7.6,298117,1
tt0955308,Robin Hood,2010,140.0,"Action,Adventure,Drama",6.6,298033,1
tt0803096,Warcraft,2016,123.0,"Action,Adventure,Fantasy",6.7,297576,1
tt2381941,Focus,2015,105.0,"Comedy,Crime,Drama",6.6,296870,1
tt0190332,"Crouching Tiger, Hidden Dragon",2000,120.0,"Action,Adventure,Drama",7.8,296787,1
tt0309698,Identity,2003,90.0,"Mystery,Thriller",7.3,296433,1
tt1077368,Dark Shadows,2012,113.0,"Comedy,Fantasy,Horror",6.2,295835,1
tt0215750,Enemy at the Gates,2001,131.0,"Action,Drama,War",7.5,295268,1
tt1855199,End of Watch,2012,109.0,"Action,Crime,Drama",7.6,294995,1
tt6105098,The Lion King,2019,118.0,"Adventure,Animation,Drama",6.8,294822,1
tt0286716,Hulk,2003,138.0,"Action,Sci-Fi",5.7,294551,1
tt0059742,The Sound of Music,1965,174.0,"Biography,Drama,Family",8.1,294170,1
tt0117381,Primal Fear,1996,129.0,"Crime,Drama,Mystery",7.7,294156,1
tt0102057,Hook,1991,142.0,"Adventure,Comedy,Family",6.8,294039,1
tt0118583,Alien: Resurrection,1997,109.0,"Action,Horror,Sci-Fi",6.2,293948,1
tt0087800,A Nightmare on Elm Street,1984,91.0,Horror,7.4,293866,1
tt0072890,Dog Day Afternoon,1975,125.0,"Biography,Crime,Drama",8.0,293738,1
tt18412256,Alien: Romulus,2024,119.0,"Horror,Sci-Fi,Thriller",7.1,293508,1
tt1564367,Just Go with It,2011,117.0,"Comedy,Romance",6.4,293399,1
tt4846340,Hidden Figures,2016,127.0,"Biography,Drama,History",7.8,293043,1
tt8936646,Extraction,2020,116.0,"Action,Crime,Thriller",6.8,293040,1
tt0075686,Annie Hall,1977,93.0,"Comedy,Romance",7.9,292460,1
tt0250494,Legally Blonde,2001,96.0,"Comedy,Romance",6.5,291742,1
tt0080339,Airplane!,1980,88.0,Comedy,7.7,291612,1
tt0172156,Bad Boys II,2003,147.0,"Action,Comedy,Crime",6.6,290329,1
tt0363547,Dawn of the Dead,2004,101.0,"Action,Horror",7.2,290181,1
tt1931533,Seven Psychopaths,2012,110.0,"Comedy,Crime,Drama",7.1,289959,1
tt0082096,Das Boot,1981,149.0,"Drama,War",8.3,289955,1
tt0448134,Sunshine,2007,107.0,"Sci-Fi,Thriller",7.2,289871,1
tt2293640,Minions,2015,91.0,"Adventure,Animation,Comedy",6.4,289302,1
tt1051906,The Invisible Man,2020,124.0,"Drama,Horror,Mystery",7.1,289202,1
tt0844471,Cloudy with a Chance of Meatballs,2009,90.0,"Adventure,Animation,Comedy",6.9,289199,1
tt2024469,Non-Stop,2014,106.0,"Action,Mystery,Thriller",6.9,288880,1
tt0252866,American Pie 2,2001,108.0,Comedy,6.5,288846,1
tt1080016,Ice Age: Dawn of the Dinosaurs,2009,94.0,"Adventure,Animation,Comedy",6.9,288765,1
tt0243155,Bridget Jones's Diary,2001,97.0,"Comedy,Drama,Romance",6.8,288696,1
tt0221027,Blow,2001,124.0,"Biography,Crime,Drama",7.5,288689,1
tt0364725,Dodgeball: A True Underdog Story,2004,92.0,"Comedy,Sport",6.7,288666,1
tt0113189,GoldenEye,1995,130.0,"Action,Adventure,Thriller",7.2,288318,1
tt3281548,Little Women,2019,135.0,"Drama,Romance",7.7,287615,1
tt0027977,Modern Times,1936,87.0,"Comedy,Drama,Romance",8.5,287218,1
tt0443272,Lincoln,2012,150.0,"Biography,Drama,History",7.3,286724,1
tt20215234,Conclave,2024,120.0,"Drama,Thriller",7.4,286252,1
tt1823672,Chappie,2015,120.0,"Action,Crime,Drama",6.8,285499,1
tt1673434,The Twilight Saga: Breaking Dawn - Part 2,2012,115.0,"Adventure,Drama,Fantasy",5.6,285111,1
tt0045152,Singin' in the Rain,1952,103.0,"Comedy,Musical,Romance",8.3,285091,1
tt10676052,The Fantastic Four: First Steps,2025,115.0,"Action,Adventure,Sci-Fi",6.8,285048,1
tt1325004,The Twilight Saga: Eclipse,2010,124.0,"Action,Adventure,Drama",5.1,284913,1
tt7713068,Birds of Prey and the Fantabulous Emancipation of One Harley Quinn,2020,109.0,"Action,Comedy,Crime",6.1,284833,1
tt1092026,Paul,2011,104.0,"Adventure,Comedy,Sci-Fi",6.9,284698,1
tt1385826,The Adjustment Bureau,2011,106.0,"Crime,Drama,Mystery",7.0,284527,1
tt0118688,Batman & Robin,1997,125.0,"Action,Sci-Fi",3.8,284462,1
tt0112462,Batman Forever,1995,121.0,"Action,Adventure",5.5,284345,1
tt0080678,The Elephant Man,1980,124.0,"Biography,Drama",8.2,283663,1
tt2935510,Ad Astra,2019,123.0,"Adventure,Drama,Mystery",6.5,283533,1
tt0092890,Dirty Dancing,1987,100.0,"Drama,Music,Romance",7.1,283479,1
tt2704998,Game Night,2018,100.0,"Action,Adventure,Comedy",6.9,283009,1
tt0119282,Hercules,1997,93.0,"Action,Adventure,Animation",7.3,282922,1
tt0478087,21,2008,123.0,"Crime,Drama,Thriller",6.8,282547,1
tt0358273,Walk the Line,2005,136.0,"Biography,Drama,Music",7.8,282139,1
tt0497465,Vicky Cristina Barcelona,2008,96.0,"Comedy,Drama,Romance",7.1,282083,1
tt1798684,Southpaw,2015,124.0,"Action,Drama,Sport",7.3,281597,1
tt0112697,Clueless,1995,97.0,"Comedy,Romance",6.9,281399,1
tt2582782,Hell or High Water,2016,102.0,"Crime,Drama,Thriller",7.6,280861,1
tt0396171,Perfume: The Story of a Murderer,2006,147.0,"Crime,Drama,Fantasy",7.5,280554,1
tt1148204,Orphan,2009,123.0,"Horror,Mystery,Thriller",7.0,280014,1
tt1832382,A Separation,2011,123.0,Drama,8.3,279786,1
tt1706593,Chronicle,2012,84.0,"Drama,Sci-Fi,Thriller",7.0,279498,1
tt5442430,Life,2017,104.0,"Horror,Sci-Fi,Thriller",6.6,279444,1
tt0057115,The Great Escape,1963,172.0,"Adventure,Drama,Thriller",8.2,279428,1
tt0479884,Crank,2006,88.0,"Action,Crime,Thriller",6.9,279226,1
tt0765443,Eastern Promises,2007,100.0,"Crime,Drama,Thriller",7.6,279137,1
tt1959490,Noah,2014,138.0,"Action,Adventure,Drama",5.8,278358,1
tt0429493,The A-Team,2010,118.0,"Action,Adventure,Crime",6.7,278241,1
tt2126355,San Andreas,2015,114.0,"Action,Adventure,Thriller",6.1,278125,1
tt4630562,The Fate of the Furious,2017,136.0,"Action,Crime,Thriller",6.6,277628,1
tt1649418,The Gray Man,2022,122.0,"Action,Mystery,Thriller",6.5,277571,1
tt1386703,Total Recall,2012,118.0,"Action,Adventure,Sci-Fi",6.2,277409,1
tt0914798,The Boy in the Striped Pajamas,2008,94.0,"Drama,War",7.7,277323,1
tt1401152,Unknown,2011,113.0,"Action,Mystery,Thriller",6.8,277280,1
tt2906216,Dungeons & Dragons: Honor Among Thieves,2023,134.0,"Action,Adventure,Comedy",7.2,277120,1
tt1436562,Rio,2011,96.0,"Adventure,Animation,Comedy",6.9,276836,1
tt0087363,Gremlins,1984,106.0,"Comedy,Fantasy,Horror",7.3,276711,1
tt10954600,Ant-Man and the Wasp: Quantumania,2023,124.0,"Action,Adventure,Comedy",6.0,276707,1
tt0985699,Valkyrie,2008,121.0,"Drama,History,Thriller",7.1,276574,1
tt11866324,Prey,2022,100.0,"Action,Adventure,Horror",7.1,276523,1
tt1032755,RocknRolla,2008,114.0,"Action,Crime,Thriller",7.2,276482,1
tt0120660,Enemy of the State,1998,132.0,"Action,Thriller",7.3,276468,1
tt0399146,A History of Violence,2005,96.0,"Action,Crime,Drama",7.4,276391,1
tt0335345,The Passion of the Christ,2004,127.0,Drama,7.3,276368,1
tt0824747,Changeling,2008,141.0,"Biography,Crime,Drama",7.7,276213,1
tt0107818,Philadelphia,1993,125.0,Drama,7.7,276176,1
tt1324999,The Twilight Saga: Breaking Dawn - Part 1,2011,117.0,"Adventure,Drama,Fantasy",5.0,276127,1
tt0435625,The Descent,2005,99.0,"Adventure,Horror,Thriller",7.2,276119,1
tt0486822,Disturbia,2007,105.0,"Crime,Drama,Mystery",6.8,276086,1
tt3079380,Spy,2015,120.0,"Action,Comedy",7.0,276004,1
tt1601913,The Grey,2011,117.0,"Action,Adventure,Drama",6.7,275773,1
tt0118655,Austin Powers: International Man of Mystery,1997,89.0,"Adventure,Comedy",7.0,275570,1
tt0976051,The Reader,2008,124.0,"Drama,Mystery,Romance",7.6,275196,1
tt0134119,The Talented Mr. Ripley,1999,139.0,"Crime,Drama,Thriller",7.4,274995,1
tt0825232,The Bucket List,2007,97.0,"Adventure,Comedy,Drama",7.3,274423,1
tt0479952,Madagascar: Escape 2 Africa,2008,89.0,"Adventure,Animation,Comedy",6.7,274390,1
tt0098635,When Harry Met Sally...,1989,95.0,"Comedy,Drama,Romance",7.7,274274,1
tt5040012,Nosferatu,2024,132.0,"Fantasy,Horror,Mystery",7.1,274228,1
tt0087538,The Karate Kid,1984,126.0,"Action,Drama,Family",7.4,273971,1
tt1179904,Paranormal Activity,2007,86.0,"Horror,Mystery",6.3,273930,1
tt2908446,The Divergent Series: Insurgent,2015,119.0,"Action,Adventure,Romance",6.2,273539,1
tt0338348,The Polar Express,2004,100.0,"Adventure,Animation,Family",6.6,273374,1
tt0353969,Memories of Murder,2003,131.0,"Crime,Drama,Mystery",8.1,273233,1
tt17279496,Civil War,2024,109.0,"Action,Thriller,War",7.0,273062,1
tt0898367,The Road,2009,111.0,"Drama,Thriller",7.2,272971,1
tt0052618,Ben-Hur,1959,212.0,"Adventure,Drama",8.1,272927,4
tt0259324,Ghost Rider,2007,110.0,"Action,Fantasy,Thriller",5.3,272913,1
tt14849194,The Holdovers,2023,133.0,"Comedy,Drama",7.9,272713,1
tt0245712,Amores Perros,2000,154.0,"Drama,Thriller",8.0,272551,1
tt1684562,The Fall Guy,2024,126.0,"Action,Comedy,Drama",6.8,272414,1
tt1189340,The Lincoln Lawyer,2011,118.0,"Crime,Drama,Mystery",7.3,272182,1
tt2321549,The Babadook,2014,94.0,"Drama,Horror,Mystery",6.8,272179,1
tt1211956,Escape Plan,2013,115.0,"Action,Thriller",6.7,272096,1
tt2660888,Star Trek Beyond,2016,122.0,"Action,Adventure,Sci-Fi",7.0,271460,1
tt0120855,Tarzan,1999,88.0,"Adventure,Animation,Comedy",7.3,271445,1
tt1440129,Battleship,2012,131.0,"Action,Adventure,Sci-Fi",5.8,271324,1
tt0163978,The Beach,2000,119.0,"Adventure,Drama,Romance",6.6,270723,1
tt0108550,What's Eating Gilbert Grape,1993,118.0,Drama,7.7,270700,1
tt7144666,The Black Phone,2021,103.0,"Horror,Mystery,Thriller",6.9,270416,1
tt5109784,Mother!,2017,121.0,"Drama,Horror,Mystery",6.6,270222,1
tt5034838,Godzilla vs. Kong,2021,113.0,"Action,Sci-Fi,Thriller",6.3,270196,1
tt17351924,Saltburn,2023,130.0,"Drama,Thriller",7.0,270189,1
tt0103874,Dracula,1992,128.0,"Fantasy,Horror,Romance",7.4,270123,1
tt1243957,The Tourist,2010,103.0,"Action,Crime,Thriller",6.0,269932,1
tt0110632,Natural Born Killers,1994,119.0,"Crime,Romance",7.2,269606,1
tt0465234,National Treasure: Book of Secrets,2007,124.0,"Action,Adventure,Mystery",6.5,269011,1
tt15791034,Barbarian,2022,102.0,"Horror,Mystery,Thriller",7.0,268496,1
tt3741834,Lion,2016,118.0,"Biography,Drama",8.0,268406,1
tt0100157,Misery,1990,107.0,"Drama,Thriller",7.8,268391,1
tt1649419,The Impossible,2012,114.0,"Drama,History,Thriller",7.5,266432,1
tt1731141,Ender's Game,2013,114.0,"Action,Adventure,Sci-Fi",6.6,266207,1
tt0265208,The Girl Next Door,2004,109.0,"Comedy,Drama,Romance",6.7,266188,1
tt0134847,Pitch Black,2000,109.0,"Horror,Sci-Fi,Thriller",7.0,265659,1
tt0183505,"Me, Myself & Irene",2000,116.0,Comedy,6.6,265322,1
tt0129167,The Iron Giant,1999,86.0,"Action,Adventure,Animation",8.1,264428,1
tt1959563,The Hitman's Bodyguard,2017,118.0,"Action,Comedy,Crime",6.9,264331,1
tt1424381,Predators,2010,107.0,"Action,Adventure,Sci-Fi",6.4,264292,1
tt0145660,Austin Powers: The Spy Who Shagged Me,1999,95.0,"Action,Adventure,Comedy",6.7,264273,1
tt2637276,Ted 2,2015,115.0,Comedy,6.3,264227,1
tt3704428,Elvis,2022,159.0,"Biography,Drama,Music",7.3,264120,1
tt1212450,Lawless,2012,116.0,"Biography,Crime,Drama",7.2,263812,1
tt5164214,Ocean's Eight,2018,110.0,"Comedy,Crime,Thriller",6.3,263802,1
tt0144117,The Boondock Saints,1999,108.0,"Action,Crime,Thriller",7.6,263683,1
tt0448011,Knowing,2009,121.0,"Mystery,Sci-Fi,Thriller",6.2,263625,1
tt0123755,Cube,1997,90.0,"Horror,Mystery,Sci-Fi",7.1,263355,1
tt5580036,"I, Tonya",2017,119.0,"Biography,Comedy,Drama",7.5,263288,1
tt0266915,Rush Hour 2,2001,90.0,"Action,Comedy,Crime",6.7,263228,1
tt0043014,Sunset Boulevard,1950,110.0,"Drama,Film-Noir",8.4,263224,1
tt0108399,True Romance,1993,119.0,"Crime,Drama,Romance",7.9,262892,1
tt0117509,Romeo + Juliet,1996,120.0,"Drama,Romance",6.7,262867,1
tt0094737,Big,1988,104.0,"Comedy,Drama,Fantasy",7.3,262866,1
tt2184339,The Purge,2013,85.0,"Horror,Sci-Fi,Thriller",5.8,262828,1
tt0384537,Silent Hill,2006,125.0,"Horror,Mystery",6.5,262705,1
tt0978764,Sucker Punch,2011,110.0,"Action,Adventure,Fantasy",6.1,262693,1
tt7798634,Ready or Not,2019,95.0,"Comedy,Horror,Mystery",6.9,262580,1
tt1216475,Cars 2,2011,106.0,"Adventure,Animation,Comedy",6.2,262502,1
tt2463208,The Adam Project,2022,106.0,"Action,Adventure,Comedy",6.7,261407,1
tt1636826,Project X,2012,88.0,"Comedy,Thriller",6.7,261038,1
tt5083738,The Favourite,2018,119.0,"Biography,Comedy,Drama",7.5,260712,1
tt1033575,The Descendants,2011,115.0,"Comedy,Drama",7.3,260606,1
tt0116996,Mars Attacks!,1996,106.0,"Comedy,Sci-Fi",6.4,260501,1
tt0063522,Rosemary's Baby,1968,137.0,"Drama,Horror",8.0,260323,1
tt6806448,Fast & Furious Presents: Hobbs & Shaw,2019,137.0,"Action,Adventure,Thriller",6.4,260210,1
tt1289401,Ghostbusters,2016,117.0,"Action,Comedy,Fantasy",6.8,260136,1
tt0032553,The Great Dictator,1940,125.0,"Comedy,Drama,War",8.4,259841,1
tt4196776,Jason Bourne,2016,123.0,"Action,Thriller",6.6,259562,1
tt0414993,The Fountain,2006,97.0,"Drama,Mystery,Romance",7.1,259255,1
tt0485947,Mr. Nobody,2009,141.0,"Drama,Fantasy,Romance",7.7,258923,1
tt0099653,Ghost,1990,126.0,"Drama,Fantasy,Romance",7.1,258724,1
tt0374900,Napoleon Dynamite,2004,96.0,Comedy,7.0,258721,1
tt12299608,Mickey 17,2025,137.0,"Adventure,Comedy,Fantasy",6.7,258712,1
tt22022452,Inside Out 2,2024,96.0,"Adventure,Animation,Comedy",7.5,258666,1
tt0311113,Master and Commander: The Far Side of the World,2003,138.0,"Action,Adventure,Drama",7.5,258616,1
tt9620292,Promising Young Woman,2020,113.0,"Crime,Drama,Mystery",7.5,258188,1
tt0299658,Chicago,2002,113.0,"Comedy,Crime,Musical",7.2,258166,1
tt0462499,Rambo,2008,92.0,"Action,Thriller",7.0,258058,1
tt0302886,Old School,2003,88.0,Comedy,7.0,257865,1
tt1255953,Incendies,2010,131.0,"Drama,Mystery,War",8.3,257509,1
tt0983193,The Adventures of Tintin,2011,107.0,"Action,Adventure,Animation",7.3,257009,1
tt9777666,The Tomorrow War,2021,138.0,"Action,Adventure,Drama",6.6,256891,1
tt1588173,Warm Bodies,2013,98.0,"Action,Comedy,Horror",6.8,256628,1
tt1411238,No Strings Attached,2011,108.0,"Comedy,Romance",6.2,256564,1
tt0117665,Sleepers,1996,147.0,"Crime,Drama,Thriller",7.5,256558,1
tt1655442,The Artist,2011,100.0,"Comedy,Drama,Romance",7.8,256193,1
tt1262426,Wicked,2024,160.0,"Fantasy,Musical,Romance",7.3,256139,1
tt14364480,Wake Up Dead Man,2025,144.0,"Comedy,Crime,Drama",7.3,256118,1
tt0083907,The Evil Dead,1981,85.0,Horror,7.3,256036,1
tt0058461,A Fistful of Dollars,1964,99.0,"Drama,Western",7.9,256008,1
tt2229499,Don Jon,2013,90.0,"Comedy,Drama,Romance",6.5,256004,1
tt0408306,Munich,2005,164.0,"Drama,History,Thriller",7.5,255189,1
tt0758752,Love & Other Drugs,2010,112.0,"Comedy,Drama,Romance",6.7,254924,1
tt0187738,Blade II,2002,117.0,"Action,Horror,Sci-Fi",6.7,254654,1
tt0481499,The Croods,2013,98.0,"Adventure,Animation,Comedy",7.1,254332,1
tt1210819,The Lone Ranger,2013,150.0,"Action,Adventure,Drama",6.4,254299,1
tt7846844,Enola Holmes,2020,123.0,"Adventure,Crime,Drama",6.7,254287,1
tt1464540,I Am Number Four,2011,111.0,"Action,Adventure,Sci-Fi",6.1,253847,1
tt0142342,Big Daddy,1999,93.0,"Comedy,Drama",6.5,253592,1
tt0079817,Rocky II,1979,119.0,"Drama,Sport",7.3,253395,1
tt2883512,Chef,2014,114.0,"Adventure,Comedy,Drama",7.3,253394,1
tt0315733,21 Grams,2003,124.0,"Crime,Drama,Thriller",7.6,253294,1
tt0117998,Twister,1996,113.0,"Action,Adventure,Thriller",6.6,253201,1
tt0296572,The Chronicles of Riddick,2004,119.0,"Action,Adventure,Sci-Fi",6.6,253189,1
tt0430922,Role Models,2008,99.0,Comedy,6.8,253136,1
tt3553976,Captain Fantastic,2016,118.0,"Adventure,Comedy,Drama",7.8,252696,1
tt0210945,Remember the Titans,2000,113.0,"Biography,Comedy,Drama",7.8,252574,1
tt0376541,Closer,2004,104.0,"Drama,Romance",7.1,252195,1
tt0337563,13 Going on 30,2004,98.0,"Comedy,Fantasy,Romance",6.4,252007,1
tt0120917,The Emperor's New Groove,2000,78.0,"Adventure,Animation,Comedy",7.4,251966,1
tt0758774,Body of Lies,2008,128.0,"Action,Drama,Thriller",7.0,251739,1
tt0439572,The Flash,2023,144.0,"Action,Adventure,Fantasy",6.6,251151,1
tt0212346,Miss Congeniality,2000,109.0,"Action,Comedy,Crime",6.4,251056,1
tt0112281,Ace Ventura: When Nature Calls,1995,90.0,"Adventure,Comedy,Crime",6.4,251027,1
tt0373469,Kiss Kiss Bang Bang,2005,103.0,"Comedy,Crime,Mystery",7.4,250941,1
tt1599348,Safe House,2012,115.0,"Action,Thriller",6.7,250696,1
tt0397892,Bolt,2008,96.0,"Adventure,Animation,Comedy",6.8,250578,1
tt2334879,White House Down,2013,131.0,"Action,Drama,Thriller",6.3,250324,1
tt8041270,Jurassic World: Dominion,2022,147.0,"Action,Adventure,Sci-Fi",5.6,250313,1
tt1234721,RoboCop,2014,117.0,"Action,Crime,Sci-Fi",6.1,250211,1
tt0050212,The Bridge on the River Kwai,1957,161.0,"Adventure,Drama,War",8.1,250150,1
tt0106519,Carlito's Way,1993,144.0,"Crime,Drama,Thriller",7.9,250039,1
tt1972591,King Arthur: Legend of the Sword,2017,126.0,"Action,Adventure,Drama",6.7,249200,1
tt0195685,Erin Brockovich,2000,131.0,"Biography,Drama",7.5,248985,1
tt2719848,Everest,2015,121.0,"Adventure,Biography,Drama",7.1,248975,1
tt0892791,Shrek Forever After,2010,93.0,"Adventure,Animation,Comedy",6.4,248834,1
tt0101540,Cape Fear,1991,128.0,"Crime,Drama,Thriller",7.3,248805,1
tt10272386,The Father,2020,97.0,"Drama,Mystery",8.2,248678,1
tt0089927,Rocky IV,1985,91.0,"Drama,Sport",6.9,248577,1
tt0097958,National Lampoon's Christmas Vacation,1989,97.0,Comedy,7.5,248485,1
tt2209764,Transcendence,2014,119.0,"Drama,Sci-Fi,Thriller",6.2,248314,1
tt2404435,The Magnificent Seven,2016,132.0,"Action,Adventure,Drama",6.9,248083,1
tt0090756,Blue Velvet,1986,120.0,"Crime,Drama,Mystery",7.7,248055,1
tt0128853,You've Got Mail,1998,119.0,"Comedy,Drama,Romance",6.7,247804,1
tt5606664,Doctor Sleep,2019,152.0,"Drama,Fantasy,Horror",7.3,247383,1
tt15474916,Smile,2022,115.0,"Horror,Mystery,Thriller",6.5,247259,1
tt5074352,Dangal,2016,161.0,"Action,Biography,Drama",8.3,247055,1
tt0083987,Gandhi,1982,191.0,"Biography,Drama,History",8.0,246820,1
tt0356150,EuroTrip,2004,92.0,Comedy,6.6,246806,1
tt0275847,Lilo & Stitch,2002,85.0,"Adventure,Animation,Comedy",7.4,246543,1
tt0420223,Stranger Than Fiction,2006,113.0,"Comedy,Drama,Fantasy",7.5,246538,1
tt0079501,Mad Max,1979,88.0,"Action,Adventure,Sci-Fi",6.8,246529,1
tt0067992,Willy Wonka & the Chocolate Factory,1971,100.0,"Adventure,Comedy,Family",7.8,246324,1
tt0103772,Basic Instinct,1992,127.0,"Drama,Mystery,Romance",7.1,246187,1
tt1667889,Ice Age: Continental Drift,2012,88.0,"Adventure,Animation,Comedy",6.5,245847,1
tt12747748,Leave the World Behind,2023,138.0,"Drama,Mystery,Thriller",6.4,245803,1
tt4555426,Darkest Hour,2017,125.0,"Biography,Drama,History",7.4,245238,1
tt0479143,Rocky Balboa,2006,102.0,"Drama,Sport",7.1,245143,1
tt1220719,Ip Man,2008,106.0,"Action,Biography,Drama",8.0,244910,1
tt1305806,The Secret in Their Eyes,2009,129.0,"Drama,Mystery,Romance",8.2,244685,1
tt10293406,The Power of the Dog,2021,126.0,"Drama,Western",6.8,244557,1
tt0138097,Shakespeare in Love,1998,123.0,"Comedy,Drama,History",7.1,244036,1
tt0305224,Anger Management,2003,106.0,Comedy,6.3,243700,1
tt1365519,Tomb Raider,2018,119.0,"Action,Adventure,Fantasy",6.3,243673,1
tt2316411,Enemy,2013,91.0,"Drama,Mystery,Thriller",6.8,243564,1
tt0409847,Cowboys & Aliens,2011,119.0,"Action,Drama,Sci-Fi",6.0,243385,1
tt1142988,The Ugly Truth,2009,96.0,"Comedy,Romance",6.4,243051,1
tt0133152,Planet of the Apes,2001,120.0,"Action,Adventure,Sci-Fi",5.7,242922,1
tt4513678,Ghostbusters: Afterlife,2021,124.0,"Adventure,Comedy,Fantasy",7.0,242859,1
tt22084616,Spider-Man: Brand New Day,2026,145.0,"Action,Adventure,Sci-Fi",8.1,242859,1
tt1980209,Pain & Gain,2013,129.0,"Action,Biography,Comedy",6.4,242679,1
tt0120655,Dogma,1999,130.0,"Adventure,Comedy,Drama",7.3,242300,1
tt0246460,Die Another Day,2002,133.0,"Action,Adventure,Thriller",6.1,242150,1
tt0050825,Paths of Glory,1957,88.0,"Drama,War",8.4,241989,1
tt11083552,Wrath of Man,2021,119.0,"Action,Crime,Thriller",7.1,241935,1
tt0094898,Coming to America,1988,117.0,"Comedy,Romance",7.1,241792,1
tt1489889,Central Intelligence,2016,107.0,"Action,Comedy,Crime",6.3,241719,1
tt0287978,Daredevil,2003,103.0,"Action,Crime,Drama",5.3,241560,1
tt0109445,Clerks,1994,92.0,Comedy,7.7,241500,1
tt4729430,Klaus,2019,96.0,"Adventure,Animation,Comedy",8.2,241372,1
tt1139797,Let the Right One In,2008,114.0,"Drama,Fantasy,Horror",7.8,241331,1
tt0097428,Ghostbusters II,1989,108.0,"Action,Comedy,Fantasy",6.6,241154,1
tt1219827,Ghost in the Shell,2017,107.0,"Action,Crime,Drama",6.3,241134,1
tt0499448,The Chronicles of Narnia: Prince Caspian,2008,150.0,"Action,Adventure,Family",6.5,241095,1
tt3011894,Wild Tales,2014,122.0,"Comedy,Drama,Thriller",8.1,240847,1
tt1124035,The Ides of March,2011,101.0,"Drama,Thriller",7.1,240429,1
tt0207201,What Women Want,2000,127.0,"Comedy,Fantasy,Romance",6.5,240231,1
tt0416320,Match Point,2005,124.0,"Drama,Romance,Thriller",7.6,240127,1
tt0425061,Get Smart,2008,110.0,"Action,Adventure,Comedy",6.5,239783,1
tt0029583,Snow White and the Seven Dwarfs,1937,83.0,"Adventure,Animation,Family",7.6,239769,1
tt0120082,Scream 2,1997,120.0,"Horror,Mystery",6.4,239543,1
tt0064115,Butch Cassidy and the Sundance Kid,1969,110.0,"Adventure,Biography,Crime",8.0,239363,1
tt9603208,Mission: Impossible - The Final Reckoning,2025,169.0,"Action,Adventure,Thriller",7.1,239038,1
tt1272878,2 Guns,2013,109.0,"Action,Comedy,Crime",6.7,238893,1
tt2709768,The Secret Life of Pets,2016,86.0,"Adventure,Animation,Comedy",6.5,238457,1
tt0838221,The Darjeeling Limited,2007,91.0,"Adventure,Comedy,Drama",7.2,238196,1
tt0488120,Fracture,2007,113.0,"Crime,Drama,Thriller",7.2,238077,1
tt0075860,Close Encounters of the Third Kind,1977,138.0,"Drama,Sci-Fi",7.6,238052,1
tt0959337,Revolutionary Road,2008,119.0,"Drama,Romance",7.3,238038,1
tt6499752,Upgrade,2018,100.0,"Action,Sci-Fi,Thriller",7.5,237266,1
tt0427944,Thank You for Smoking,2005,92.0,"Comedy,Drama",7.5,236568,1
tt17009710,Anatomy of a Fall,2023,151.0,"Crime,Drama,Mystery",7.6,236343,1
tt0295178,Austin Powers in Goldmember,2002,94.0,"Action,Adventure,Comedy",6.3,236207,1
tt0172493,"Girl, Interrupted",1999,127.0,"Biography,Drama",7.3,236140,1
tt1462764,Indiana Jones and the Dial of Destiny,2023,154.0,"Action,Adventure,Sci-Fi",6.5,236061,1
tt28015403,Heretic,2024,111.0,"Horror,Thriller",7.0,236043,1
tt15097216,Jai Bhim,2021,164.0,"Crime,Drama",8.6,235853,1
tt1398426,Straight Outta Compton,2015,147.0,"Biography,Drama,History",7.8,235602,1
tt3532216,American Made,2017,115.0,"Action,Comedy,Crime",7.2,235598,1
tt0986264,Like Stars on Earth,2007,162.0,"Drama,Family",8.3,235344,1
tt1605630,American Reunion,2012,113.0,Comedy,6.7,235116,1
tt29623480,The Wild Robot,2024,102.0,"Adventure,Animation,Family",8.1,234874,1
tt0370263,Alien vs. Predator,2004,101.0,"Action,Adventure,Horror",5.7,234634,1
tt0096438,Who Framed Roger Rabbit,1988,104.0,"Adventure,Animation,Comedy",7.7,234451,1
tt1077258,Planet Terror,2007,105.0,"Action,Comedy,Horror",7.0,234438,1
tt0086960,Beverly Hills Cop,1984,105.0,"Action,Comedy,Crime",7.4,234081,1
tt0974661,17 Again,2009,102.0,"Comedy,Drama,Fantasy",6.4,233716,1
tt0099810,The Hunt for Red October,1990,135.0,"Action,Adventure,Thriller",7.5,233389,1
tt0109506,The Crow,1994,102.0,"Action,Crime,Drama",7.5,232949,1
tt1127180,Drag Me to Hell,2009,99.0,Horror,6.6,232718,1
tt1899353,The Raid: Redemption,2011,101.0,"Action,Crime,Thriller",7.6,232694,1
tt0281358,A Walk to Remember,2002,101.0,"Drama,Romance",7.3,232588,1
tt0339291,A Series of Unfortunate Events,2004,108.0,"Adventure,Comedy,Family",6.8,232577,1
tt3766354,The Equalizer 2,2018,121.0,"Action,Crime,Mystery",6.7,232523,1
tt0181865,Traffic,2000,147.0,"Crime,Drama,Thriller",7.5,231714,1
tt6565702,X-Men: Dark Phoenix,2019,113.0,"Action,Adventure,Sci-Fi",5.7,231714,1
tt3741700,Godzilla: King of the Monsters,2019,132.0,"Action,Adventure,Fantasy",6.0,231710,1
tt1078912,Night at the Museum: Battle of the Smithsonian,2009,105.0,"Adventure,Comedy,Family",6.0,231686,1
tt0084602,Rocky III,1982,99.0,"Drama,Sport",6.9,231676,1
tt1132620,The Girl with the Dragon Tattoo,2009,152.0,"Crime,Drama,Mystery",7.8,231645,1
tt10366460,CODA,2021,111.0,"Comedy,Drama,Music",8.0,231619,1
tt1291150,Teenage Mutant Ninja Turtles,2014,101.0,"Action,Adventure,Comedy",5.8,231607,1
tt0146316,Lara Croft: Tomb Raider,2001,100.0,"Action,Adventure,Fantasy",5.8,231502,1
tt1655441,The Age of Adaline,2015,112.0,"Drama,Fantasy,Romance",7.2,231352,1
tt23468450,Longlegs,2024,101.0,"Crime,Horror,Mystery",6.5,231339,1
tt4779682,The Meg,2018,113.0,"Action,Adventure,Horror",5.7,231314,1
tt0080455,The Blues Brothers,1980,133.0,"Adventure,Comedy,Crime",7.9,231208,1
tt0117705,Space Jam,1996,88.0,"Adventure,Animation,Comedy",6.5,231062,1
tt0328828,American Wedding,2003,96.0,Comedy,6.3,230615,1
tt0113247,La haine,1995,98.0,"Crime,Drama",8.1,230514,1
tt0074285,Carrie,1976,98.0,Horror,7.4,230490,1
tt0489270,Saw III,2006,108.0,"Horror,Mystery,Thriller",6.2,230108,1
tt0094625,Akira,1988,124.0,"Action,Animation,Drama",8.0,230107,1
tt3915174,Puss in Boots: The Last Wish,2022,102.0,"Action,Adventure,Animation",7.9,230032,1
tt1321870,Gangster Squad,2013,113.0,"Action,Crime,Drama",6.7,229880,1
tt10288566,Another Round,2020,117.0,"Comedy,Drama",7.7,229781,1
tt23289160,Godzilla Minus One,2023,124.0,"Action,Adventure,Drama",7.6,229582,1
tt0452608,Death Race,2008,105.0,"Action,Sci-Fi,Thriller",6.4,229543,1
tt1155076,The Karate Kid,2010,140.0,"Action,Drama,Family",6.3,229468,1
tt0870154,Jungle Cruise,2021,127.0,"Action,Adventure,Comedy",6.5,229383,1
tt0960144,You Don't Mess with the Zohan,2008,113.0,"Action,Comedy",5.6,229348,1
tt1560220,Zombieland: Double Tap,2019,99.0,"Action,Comedy,Horror",6.6,228797,1
tt2234155,The Internship,2013,119.0,Comedy,6.3,228756,1
tt1700841,Sausage Party,2016,89.0,"Adventure,Animation,Comedy",6.1,228697,1
tt0102685,Point Break,1991,122.0,"Action,Crime,Thriller",7.3,228597,1
tt0106856,Falling Down,1993,113.0,"Crime,Drama,Thriller",7.5,228518,1
tt0333766,Garden State,2004,102.0,"Comedy,Drama,Romance",7.4,228382,1
tt0094012,Spaceballs,1987,96.0,"Adventure,Comedy,Sci-Fi",7.1,228339,1
tt0118929,Dark City,1998,100.0,"Fantasy,Mystery,Sci-Fi",7.5,228044,1
tt1428538,Hansel & Gretel: Witch Hunters,2013,88.0,"Action,Fantasy,Horror",6.1,227941,1
tt1120985,Blue Valentine,2010,112.0,"Drama,Romance",7.3,227866,1
tt0949731,The Happening,2008,91.0,"Adventure,Drama,Sci-Fi",5.0,227825,1
tt1340800,Tinker Tailor Soldier Spy,2011,127.0,"Drama,Mystery,Thriller",7.0,227695,1
tt13560574,X,2022,105.0,"Horror,Mystery,Thriller",6.5,227533,1
tt0388482,Transporter 2,2005,87.0,"Action,Thriller",6.3,227299,1
tt12801262,Luca,2021,95.0,"Adventure,Animation,Comedy",7.4,226974,1
tt1155056,"I Love You, Man",2009,105.0,"Comedy,Romance",7.0,226728,1
tt0091064,The Fly,1986,96.0,"Drama,Horror,Sci-Fi",7.6,226726,1
tt1136617,The Killer,2023,118.0,"Action,Adventure,Crime",6.7,226690,1
tt0418763,Jarhead,2005,125.0,"Biography,Drama,War",7.0,226661,1
tt0431308,P.S. I Love You,2007,126.0,"Comedy,Drama,Romance",7.0,226627,1
tt0461770,Enchanted,2007,107.0,"Adventure,Animation,Comedy",7.1,226480,1
tt8178634,RRR,2022,187.0,"Action,Adventure,Drama",7.8,226463,1
tt0120630,Chicken Run,2000,84.0,"Adventure,Animation,Comedy",7.1,226410,1
tt0114898,Waterworld,1995,135.0,"Action,Adventure,Sci-Fi",6.3,226356,1
tt3569230,Legend,2015,132.0,"Biography,Crime,Drama",6.9,226173,1
tt1013743,Knight and Day,2010,109.0,"Action,Adventure,Comedy",6.3,226006,1
tt0118571,Air Force One,1997,124.0,"Action,Crime,Drama",6.6,225527,1
tt2338151,PK,2014,153.0,"Comedy,Drama,Musical",8.1,225416,1
tt10548174,28 Years Later,2025,115.0,"Horror,Sci-Fi,Thriller",6.6,224923,1
tt0095705,The Naked Gun: From the Files of Police Squad!,1988,85.0,"Comedy,Crime",7.6,224868,1
tt1284575,Bad Teacher,2011,92.0,"Comedy,Romance",5.7,224359,1
tt0158983,"South Park: Bigger, Longer & Uncut",1999,81.0,"Animation,Comedy,Fantasy",7.7,224235,1
tt2345759,The Mummy,2017,110.0,"Action,Adventure,Fantasy",5.4,224213,1
tt0829150,Dracula Untold,2014,92.0,"Action,Drama,Fantasy",6.3,224191,1
tt1606378,A Good Day to Die Hard,2013,98.0,"Action,Thriller",5.2,224113,1
tt0102798,Robin Hood: Prince of Thieves,1991,143.0,"Action,Adventure,Drama",6.9,223783,1
tt0363988,Secret Window,2004,96.0,"Drama,Mystery,Thriller",6.5,223163,1
tt0318627,Resident Evil: Apocalypse,2004,94.0,"Action,Horror,Sci-Fi",6.1,223145,1
tt10638522,Talk to Me,2022,95.0,"Horror,Thriller",7.1,223111,1
tt0088846,Brazil,1985,132.0,"Drama,Sci-Fi,Thriller",7.8,222811,1
tt4520988,Frozen II,2019,103.0,"Adventure,Animation,Comedy",6.8,222690,1
tt2267968,Kung Fu Panda 3,2016,95.0,"Action,Adventure,Animation",7.1,222528,1
tt0053604,The Apartment,1960,125.0,"Comedy,Drama,Romance",8.3,222445,1
tt1046173,G.I. Joe: The Rise of Cobra,2009,118.0,"Action,Adventure,Sci-Fi",5.7,222424,1
tt0481369,The Number 23,2007,98.0,"Crime,Mystery,Thriller",6.4,222328,1
tt0183790,A Knight's Tale,2001,132.0,"Action,Adventure,Drama",7.0,222178,1
tt0139134,Cruel Intentions,1999,97.0,"Drama,Romance",6.8,222091,1
tt1623205,Oz the Great and Powerful,2013,130.0,"Adventure,Family,Fantasy",6.3,222088,1
tt0362270,The Life Aquatic with Steve Zissou,2004,119.0,"Action,Adventure,Comedy",7.2,222041,1
tt0143145,The World Is Not Enough,1999,128.0,"Action,Adventure,Thriller",6.4,221908,1
tt0056869,The Birds,1963,119.0,"Drama,Horror,Mystery",7.6,221706,1
tt2406566,Atomic Blonde,2017,115.0,"Action,Adventure,Thriller",6.7,221599,1
tt0293429,Mortal Kombat,2021,110.0,"Action,Adventure,Fantasy",6.1,221541,1
tt9770150,Nomadland,2020,107.0,Drama,7.3,221366,1
tt0111282,Stargate,1994,121.0,"Action,Adventure,Sci-Fi",7.0,221164,1
tt0309593,Final Destination 2,2003,90.0,"Horror,Thriller",6.2,221088,1
tt1469304,Baywatch,2017,116.0,"Action,Comedy,Crime",5.5,220978,1
tt15671028,No Hard Feelings,2023,103.0,"Comedy,Romance",6.3,220839,1
tt2334873,Blue Jasmine,2013,98.0,"Comedy,Drama,Romance",7.3,220767,1
tt2094766,Assassin's Creed,2016,115.0,"Action,Adventure,Sci-Fi",5.6,220682,1
tt1872194,The Judge,2014,141.0,"Crime,Drama,Mystery",7.4,220577,1
tt1277953,Madagascar 3: Europe's Most Wanted,2012,93.0,"Adventure,Animation,Comedy",6.8,220574,1
tt0756683,The Man from Earth,2007,87.0,"Drama,Fantasy,Mystery",7.8,220482,1
tt0477080,Unstoppable,2010,98.0,"Action,Thriller",6.8,220439,1
tt0387808,Idiocracy,2006,84.0,"Adventure,Comedy,Sci-Fi",6.5,220342,1
tt0114148,Pocahontas,1995,81.0,"Adventure,Animation,Drama",6.7,219546,1
tt1038988,REC,2007,78.0,"Horror,Mystery,Thriller",7.4,219541,1
tt0058150,Goldfinger,1964,110.0,"Action,Adventure,Thriller",7.7,219405,1
tt7322224,Triangle of Sadness,2022,147.0,"Comedy,Drama",7.2,219397,1
tt2873282,Red Sparrow,2018,140.0,"Action,Drama,Thriller",6.6,219284,1
tt0401855,Underworld: Evolution,2006,106.0,"Action,Fantasy,Thriller",6.7,218968,1
tt12300742,Bugonia,2025,118.0,"Comedy,Crime,Sci-Fi",7.4,218955,1
tt1213641,First Man,2018,141.0,"Biography,Drama,History",7.3,218909,1
tt1111422,The Taking of Pelham 123,2009,106.0,"Action,Crime,Thriller",6.4,218554,1
tt1723811,Shame,2011,101.0,Drama,7.2,218471,1
tt0106677,Dazed and Confused,1993,103.0,Comedy,7.6,218372,1
tt0375063,Sideways,2004,127.0,"Comedy,Drama,Romance",7.5,218250,1
tt0371724,The Hitchhiker's Guide to the Galaxy,2005,109.0,"Adventure,Comedy,Sci-Fi",6.7,218198,1
tt5715874,The Killing of a Sacred Deer,2017,121.0,"Drama,Horror,Mystery",7.0,217994,1
tt0308644,Finding Neverland,2004,106.0,"Biography,Drama,Family",7.6,217953,1
tt0130827,Run Lola Run,1998,80.0,"Action,Crime,Thriller",7.6,217907,1
tt9484998,Palm Springs,2020,90.0,"Comedy,Fantasy,Mystery",7.4,217899,1
tt0021749,City Lights,1931,87.0,"Comedy,Drama,Romance",8.5,217819,1
tt1815862,After Earth,2013,100.0,"Action,Adventure,Drama",4.8,217596,1
tt0814255,Percy Jackson & the Olympians: The Lightning Thief,2010,118.0,"Adventure,Family,Fantasy",5.9,217535,1
tt1288558,Evil Dead,2013,91.0,"Horror,Thriller",6.5,217523,1
tt0432021,Resident Evil: Extinction,2007,94.0,"Action,Horror,Sci-Fi",6.2,217505,1
tt0120347,Tomorrow Never Dies,1997,119.0,"Action,Adventure,Thriller",6.5,217380,1
tt0050976,The Seventh Seal,1957,96.0,"Drama,Fantasy",8.1,217136,1
tt0119081,Event Horizon,1997,96.0,"Horror,Sci-Fi,Thriller",6.6,216928,1
tt1458175,The Next Three Days,2010,133.0,"Action,Crime,Drama",7.3,216337,1
tt4857264,The Invisible Guest,2016,106.0,"Crime,Drama,Mystery",8.0,216302,1
tt2446042,Taken 3,2014,108.0,"Action,Crime,Thriller",6.0,216297,1
tt0366551,Harold & Kumar Go to White Castle,2004,88.0,"Adventure,Comedy",7.0,216195,1
tt0415306,Talladega Nights: The Ballad of Ricky Bobby,2006,108.0,"Comedy,Sport",6.6,216165,1
tt3470600,Sing,2016,108.0,"Animation,Comedy,Family",7.1,215949,1
tt0993842,Hanna,2011,111.0,"Action,Adventure,Drama",6.7,215645,1
tt0366548,Happy Feet,2006,108.0,"Adventure,Animation,Comedy",6.4,215452,1
tt0307453,Shark Tale,2004,90.0,"Adventure,Animation,Comedy",6.0,215394,1
tt1606389,The Vow,2012,104.0,"Drama,Romance",6.8,215282,1
tt3416742,What We Do in the Shadows,2014,86.0,"Comedy,Horror,Thriller",7.6,215266,1
tt0061852,The Jungle Book,1967,78.0,"Adventure,Animation,Comedy",7.6,215045,1
tt0072271,The Texas Chain Saw Massacre,1974,83.0,Horror,7.4,215016,1
tt7405458,A Man Called Otto,2022,126.0,"Comedy,Drama",7.5,214906,1
tt0116209,The English Patient,1996,162.0,"Drama,Romance,War",7.4,214896,1
tt4873118,The Covenant,2023,123.0,"Action,Drama,Thriller",7.5,214892,1
tt0082694,The Road Warrior,1981,96.0,"Action,Adventure,Sci-Fi",7.6,214700,1
tt7657566,Death on the Nile,2022,127.0,"Crime,Drama,Mystery",6.3,214485,1
tt0120685,Godzilla,1998,139.0,"Action,Sci-Fi,Thriller",5.5,214440,1
tt6450804,Terminator: Dark Fate,2019,128.0,"Action,Adventure,Sci-Fi",6.2,214307,1
tt0268126,Adaptation.,2002,115.0,"Comedy,Drama",7.6,214183,1
tt0448694,Puss in Boots,2011,90.0,"Action,Adventure,Animation",6.6,213985,1
tt5104604,Isle of Dogs,2018,101.0,"Adventure,Animation,Comedy",7.8,213875,1
tt0120863,The Thin Red Line,1998,170.0,"Drama,History,War",7.6,213444,1
tt0398165,The Longest Yard,2005,113.0,"Comedy,Crime,Sport",6.4,213408,1
tt3631112,The Girl on the Train,2016,112.0,"Crime,Drama,Mystery",6.5,213257,1
tt8106534,6 Underground,2019,128.0,"Action,Thriller",6.1,213017,1
tt32916440,Marty Supreme,2025,149.0,"Comedy,Drama,Sport",7.6,212960,1
tt7556122,The Old Guard,2020,125.0,"Action,Fantasy,Thriller",6.7,212305,1
tt2557490,A Million Ways to Die in the West,2014,116.0,"Comedy,Western",6.1,211821,1
tt0106308,Army of Darkness,1992,81.0,"Comedy,Horror",7.4,211748,1
tt0120746,The Mask of Zorro,1998,136.0,"Action,Adventure,Comedy",6.8,211705,1
tt0142688,The Ninth Gate,1999,133.0,"Mystery,Thriller",6.7,211614,1
tt2066051,Rocketman,2019,121.0,"Biography,Drama,Music",7.3,211469,1
tt0241303,Chocolat,2000,121.0,"Drama,Romance",7.2,211300,1
tt4701182,Bumblebee,2018,114.0,"Action,Adventure,Sci-Fi",6.7,211121,1
tt1446192,Rise of the Guardians,2012,97.0,"Action,Adventure,Animation",7.2,211086,1
tt2239822,Valerian and the City of a Thousand Planets,2017,136.0,"Action,Adventure,Fantasy",6.4,211044,1
tt3104988,Crazy Rich Asians,2018,120.0,"Comedy,Drama,Romance",6.9,210990,1
tt0117913,A Time to Kill,1996,149.0,"Crime,Drama,Thriller",7.5,210961,1
tt0063442,Planet of the Apes,1968,112.0,"Adventure,Sci-Fi",8.0,210859,1
tt0106697,Demolition Man,1993,115.0,"Action,Sci-Fi,Thriller",6.7,210770,1
tt1465522,Tucker and Dale vs Evil,2010,89.0,"Comedy,Horror",7.5,210758,1
tt5519340,Bright,2017,117.0,"Action,Fantasy,Thriller",6.3,210721,1
tt0352248,Cinderella Man,2005,144.0,"Biography,Drama,Romance",8.0,210553,1
tt1935859,Miss Peregrine's Home for Peculiar Children,2016,127.0,"Adventure,Drama,Family",6.7,210433,1
tt0985694,Machete,2010,105.0,"Action,Crime,Thriller",6.6,210227,1
tt0096754,The Abyss,1989,140.0,"Adventure,Drama,Mystery",7.5,210207,1
tt0112851,Desperado,1995,104.0,"Action,Crime,Drama",7.1,209778,1
tt1527186,Melancholia,2011,135.0,"Drama,Sci-Fi",7.1,209648,1
tt0122690,Ronin,1998,122.0,"Action,Crime,Thriller",7.2,209497,1
tt4244994,The Last Duel,2021,152.0,"Drama,History,Thriller",7.3,209466,1
tt0128445,Rushmore,1998,93.0,"Comedy,Drama,Romance",7.6,209420,1
tt10640346,Babylon,2022,189.0,"Comedy,Drama",7.1,209261,1
tt0108160,Sleepless in Seattle,1993,105.0,"Comedy,Drama,Romance",6.8,209144,1
tt0104691,The Last of the Mohicans,1992,112.0,"Action,Adventure,Drama",7.6,209050,1
tt0375912,Layer Cake,2004,105.0,"Crime,Drama,Thriller",7.2,209039,1
tt0266308,Battle Royale,2000,114.0,"Action,Drama,Thriller",7.5,208555,1
tt0078346,Superman,1978,143.0,"Action,Adventure,Sci-Fi",7.4,208458,1
tt5848272,Ralph Breaks the Internet,2018,112.0,"Adventure,Animation,Comedy",7.0,208454,1
tt4276820,The Founder,2016,115.0,"Biography,Drama",7.2,208193,1
tt0160127,Charlie's Angels,2000,98.0,"Action,Adventure,Comedy",5.7,207714,1
tt0072684,Barry Lyndon,1975,185.0,"Adventure,Drama,War",8.1,207511,1
tt4016934,The Handmaiden,2016,145.0,"Drama,Romance,Thriller",8.1,207416,1
tt2333784,The Expendables 3,2014,126.0,"Action,Adventure,Thriller",6.1,207360,1
tt0810819,The Danish Girl,2015,119.0,"Biography,Drama",7.1,207225,1
tt0120647,Deep Impact,1998,120.0,"Action,Drama,Sci-Fi",6.3,207017,1
tt0455590,The Last King of Scotland,2006,123.0,"Biography,Drama,History",7.6,206880,1
tt1488555,The Change-Up,2011,112.0,"Comedy,Fantasy",6.3,206867,1
tt1070874,The Trial of the Chicago 7,2020,129.0,"Drama,History,Thriller",7.7,206712,1
tt2053463,Side Effects,2013,106.0,"Crime,Drama,Mystery",7.0,206617,1
tt0046912,Dial M for Murder,1954,105.0,"Crime,Drama,Mystery",8.1,206527,1
tt1661199,Cinderella,2015,105.0,"Adventure,Drama,Family",6.9,206518,1
tt1757678,Avatar: Fire and Ash,2025,197.0,"Action,Adventure,Drama",7.2,205985,4
tt0054698,Breakfast at Tiffany's,1961,115.0,"Comedy,Drama,Romance",7.5,205940,1
tt0450278,Hostel,2005,94.0,Horror,5.9,205930,1
tt0443680,The Assassination of Jesse James by the Coward Robert Ford,2007,160.0,"Biography,Crime,Drama",7.5,205861,1
tt4209788,Molly's Game,2017,140.0,"Biography,Crime,Drama",7.4,205448,1
tt0327084,Over the Hedge,2006,83.0,"Adventure,Animation,Comedy",6.7,205067,1
tt2226417,Insidious: Chapter 2,2013,106.0,"Horror,Mystery,Thriller",6.6,204757,1
tt1646987,Wrath of the Titans,2012,99.0,"Action,Adventure,Fantasy",5.7,204702,1
tt0385752,The Golden Compass,2007,113.0,"Adventure,Family,Fantasy",6.1,204510,1
tt0244244,Swordfish,2001,99.0,"Action,Crime,Thriller",6.5,204357,1
tt0107207,In the Name of the Father,1993,133.0,"Biography,Crime,Drama",8.1,204284,1
tt31036941,Jurassic World: Rebirth,2025,133.0,"Action,Adventure,Sci-Fi",5.8,204135,1
tt3062096,Inferno,2016,121.0,"Action,Adventure,Crime",6.2,203958,1
tt11858890,The Creator,2023,133.0,"Action,Adventure,Drama",6.7,203943,1
tt2231461,Rampage,2018,107.0,"Action,Adventure,Sci-Fi",6.1,203928,1
tt0100403,Predator 2,1990,108.0,"Action,Horror,Sci-Fi",6.3,203890,1
tt0272152,K-PAX,2001,120.0,"Drama,Mystery,Sci-Fi",7.4,203824,1
tt1355683,Black Mass,2015,123.0,"Biography,Crime,Drama",6.8,203365,1
tt1229340,Anchorman 2: The Legend Continues,2013,119.0,Comedy,6.3,203235,1
tt0978762,Mary and Max,2009,92.0,"Animation,Comedy,Drama",8.1,202961,1
tt1560747,The Master,2012,138.0,Drama,7.1,202955,1
tt0359013,Blade: Trinity,2004,113.0,"Action,Horror,Sci-Fi",5.8,202865,1
tt0389722,30 Days of Night,2007,113.0,"Horror,Thriller",6.6,202771,1
tt1059786,Eagle Eye,2008,118.0,"Action,Mystery,Thriller",6.6,202721,1
tt0097733,Lethal Weapon 2,1989,114.0,"Action,Crime,Thriller",7.3,202715,1
tt0101272,The Addams Family,1991,99.0,"Comedy,Fantasy",7.0,202684,1
tt1617661,Jupiter Ascending,2015,127.0,"Action,Adventure,Romance",5.3,202667,1
tt0017136,Metropolis,1927,150.0,"Drama,Sci-Fi",8.2,202647,1
tt0993840,Army of the Dead,2021,148.0,"Action,Adventure,Crime",5.8,202425,1
tt0145681,The Bone Collector,1999,118.0,"Crime,Drama,Mystery",6.7,202096,1
tt2023587,Mama,2013,100.0,"Fantasy,Horror,Thriller",6.2,201956,1
tt0293564,Rush Hour 3,2007,91.0,"Action,Comedy,Crime",6.3,201781,1
tt9639470,Last Night in Soho,2021,116.0,"Drama,Horror,Mystery",7.0,201713,1
tt1860357,Deepwater Horizon,2016,107.0,"Action,Drama,History",7.1,201575,1
tt0110322,Legends of the Fall,1994,133.0,"Drama,Romance,War",7.5,201520,1
tt1628841,Independence Day: Resurgence,2016,120.0,"Action,Adventure,Sci-Fi",5.2,201483,1
tt1596350,This Means War,2012,103.0,"Action,Comedy,Romance",6.3,201462,1
tt1935179,Mud,2012,130.0,"Adventure,Drama",7.3,201066,1
tt1964418,Tomorrowland,2015,130.0,"Action,Adventure,Family",6.4,200688,1
tt0146882,High Fidelity,2000,113.0,"Comedy,Drama,Music",7.4,200596,1
tt1596365,The Woman in Black,2012,95.0,"Drama,Fantasy,Horror",6.4,200311,1
tt0092067,Castle in the Sky,1986,124.0,"Adventure,Animation,Family",8.0,200107,1
tt1809398,Unbroken,2014,137.0,"Biography,Drama,Sport",7.2,200067,1
tt0058331,Mary Poppins,1964,139.0,"Comedy,Family,Fantasy",7.8,199991,1
tt0389790,Bee Movie,2007,91.0,"Adventure,Animation,Comedy",6.1,199889,1
tt0092991,Evil Dead II,1987,84.0,"Comedy,Horror",7.6,199666,1
tt1231587,Hot Tub Time Machine,2010,99.0,"Comedy,Sci-Fi",6.4,199665,1
tt0276751,About a Boy,2002,101.0,"Comedy,Drama,Romance",7.1,199660,1
tt0257106,Scary Movie 2,2001,83.0,"Comedy,Horror",5.4,199566,1
tt12584954,Twisters,2024,122.0,"Action,Adventure,Thriller",6.5,199423,1
tt5884052,Pokémon: Detective Pikachu,2019,104.0,"Adventure,Comedy,Family",6.5,199196,1
tt0272338,Punch-Drunk Love,2002,95.0,"Comedy,Drama,Romance",7.3,199183,1
tt0918940,The Legend of Tarzan,2016,110.0,"Action,Adventure,Drama",6.2,199152,1
tt1502397,Bad Boys for Life,2020,124.0,"Action,Comedy,Crime",6.5,199002,1
tt0381707,White Chicks,2004,109.0,"Comedy,Crime",6.0,198920,1
tt0087544,Nausicaä of the Valley of the Wind,1984,117.0,"Adventure,Animation,Sci-Fi",8.0,198874,1
tt2543472,Wonder,2017,113.0,"Drama,Family",7.9,198736,1
tt5814060,The Nun,2018,96.0,"Horror,Mystery,Thriller",5.4,198715,1
tt3322940,Annabelle,2014,99.0,"Horror,Mystery,Thriller",5.5,198437,1
tt0055254,One Hundred and One Dalmatians,1961,79.0,"Adventure,Animation,Comedy",7.3,198321,1
tt0042876,Rashomon,1950,88.0,"Crime,Drama,Mystery",8.1,198261,1
tt0117008,Matilda,1996,98.0,"Comedy,Family,Fantasy",7.0,198260,1
tt6856242,The King's Man,2021,131.0,"Action,Adventure,Thriller",6.3,198170,1
tt0200465,The Bank Job,2008,111.0,"Crime,Thriller",7.2,198037,1
tt16419074,Air,2023,111.0,"Drama,Sport",7.4,197979,1
tt21382296,Carry-On,2024,119.0,"Action,Crime,Thriller",6.5,197975,1
tt1033643,What Happens in Vegas,2008,99.0,"Comedy,Romance",6.1,197818,1
tt0089880,Rambo: First Blood Part II,1985,96.0,"Action,Adventure,Thriller",6.5,197703,1
tt0462322,Grindhouse,2007,191.0,"Horror,Thriller",7.5,197591,1
tt0055928,Dr. No,1962,110.0,"Action,Adventure,Thriller",7.2,197448,1
tt0454841,The Hills Have Eyes,2006,107.0,"Horror,Thriller",6.4,197155,1
tt1001508,He's Just Not That Into You,2009,129.0,"Comedy,Drama,Romance",6.4,197107,1
tt0061512,Cool Hand Luke,1967,127.0,"Crime,Drama",8.0,197068,1
tt0041959,The Third Man,1949,104.0,"Drama,Film-Noir,Mystery",8.1,196919,1
tt4116284,The Lego Batman Movie,2017,104.0,"Action,Adventure,Animation",7.3,196750,1
tt6166392,Wonka,2023,116.0,"Adventure,Comedy,Family",6.9,196531,1
tt0084516,Poltergeist,1982,114.0,"Horror,Thriller",7.3,196488,1
tt0454945,She's the Man,2006,105.0,"Comedy,Romance,Sport",6.4,195830,1
tt0103074,Thelma & Louise,1991,130.0,"Adventure,Crime,Drama",7.6,195773,1
tt3794354,Sonic the Hedgehog,2020,99.0,"Action,Adventure,Comedy",6.5,195771,1
tt4500922,Maze Runner: The Death Cure,2018,143.0,"Action,Adventure,Sci-Fi",6.3,195295,1
tt0299977,Hero,2002,94.0,"Action,Adventure,Drama",7.9,195144,1
tt3393786,Jack Reacher: Never Go Back,2016,118.0,"Action,Thriller",6.2,194938,1
tt2170439,Horrible Bosses 2,2014,108.0,"Comedy,Crime",6.3,194917,1
tt4123432,Fantastic Beasts: The Secrets of Dumbledore,2022,142.0,"Adventure,Fantasy",6.2,194857,1
tt0393162,Coach Carter,2005,136.0,"Biography,Drama,Sport",7.4,194851,1
tt1502712,Fantastic Four,2015,100.0,"Action,Adventure,Animation",4.3,194831,1
tt0295701,xXx,2002,124.0,"Action,Adventure,Drama",5.9,194802,1
tt0108358,Tombstone,1993,130.0,"Biography,Drama,History",7.8,194518,1
tt7668870,Searching,2018,102.0,"Drama,Mystery,Thriller",7.6,194419,1
tt5052474,Sicario: Day of the Soldado,2018,122.0,"Action,Crime,Drama",7.1,194236,1
tt2191701,Grown Ups 2,2013,101.0,Comedy,5.4,194054,1
tt0398808,Bridge to Terabithia,2007,96.0,"Drama,Family,Fantasy",7.2,193924,1
tt1583421,G.I. Joe: Retaliation,2013,110.0,"Action,Adventure,Sci-Fi",5.7,193886,1
tt0087182,Dune,1984,137.0,"Action,Adventure,Sci-Fi",6.2,193803,1
tt0988595,27 Dresses,2008,111.0,"Comedy,Romance",6.1,193778,1
tt0120484,The Waterboy,1998,90.0,"Comedy,Sport",6.2,193712,1
tt0138704,Pi,1998,84.0,"Drama,Horror,Mystery",7.3,193549,1
tt1262416,Scream 4,2011,111.0,"Horror,Mystery",6.3,193540,1
tt0478304,The Tree of Life,2011,139.0,"Drama,Fantasy",6.8,193219,1
tt0380510,The Lovely Bones,2009,135.0,"Drama,Fantasy,Thriller",6.6,193189,1
tt9620288,King Richard,2021,144.0,"Biography,Drama,Sport",7.5,193157,1
tt0311429,The League of Extraordinary Gentlemen,2003,110.0,"Action,Adventure,Fantasy",5.8,192994,1
tt0177789,Galaxy Quest,1999,102.0,"Adventure,Comedy,Sci-Fi",7.4,192953,1
tt0093894,The Running Man,1987,101.0,"Action,Sci-Fi,Thriller",6.6,192949,1
tt0140352,The Insider,1999,157.0,"Biography,Drama,History",7.8,192908,1
tt0040522,Bicycle Thieves,1948,89.0,Drama,8.2,192880,1
tt1618434,Murder Mystery,2019,97.0,"Crime,Mystery,Romance",6.1,192675,1
tt0120744,The Man in the Iron Mask,1998,132.0,"Action,Adventure,Drama",6.5,192055,1
tt7160372,The Zone of Interest,2023,105.0,"Drama,History,War",7.3,191843,1
tt7040874,A Simple Favor,2018,117.0,"Comedy,Crime,Mystery",6.7,191557,1
tt1217613,Battle Los Angeles,2011,116.0,"Action,Adventure,Sci-Fi",5.7,191374,1
tt0307901,25th Hour,2002,135.0,Drama,7.6,191258,1
tt0097814,Kiki's Delivery Service,1989,103.0,"Animation,Family,Fantasy",7.8,191069,1
tt1226229,Get Him to the Greek,2010,109.0,"Comedy,Music",6.3,191017,1
tt0115798,The Cable Guy,1996,96.0,"Comedy,Drama,Thriller",6.2,191007,1
tt0109707,Ed Wood,1994,127.0,"Biography,Comedy,Drama",7.8,190821,1
tt0118694,In the Mood for Love,2000,98.0,"Drama,Romance",8.0,190795,1
tt0892782,Monsters vs. Aliens,2009,94.0,"Action,Adventure,Animation",6.4,190787,1
tt11245972,Scream,2022,114.0,"Horror,Mystery,Thriller",6.3,190585,1
tt3359350,Road House,2024,121.0,"Action,Drama,Thriller",6.2,190189,1
tt14513804,Captain America: Brave New World,2025,118.0,"Action,Adventure,Sci-Fi",5.6,190179,1
tt0215129,Road Trip,2000,93.0,Comedy,6.5,190060,1
tt0177971,The Perfect Storm,2000,130.0,"Action,Adventure,Drama",6.5,189821,1
tt1821694,RED 2,2013,116.0,"Action,Comedy,Crime",6.6,189761,1
tt0104714,Lethal Weapon 3,1992,118.0,"Action,Crime,Thriller",6.7,189708,1
tt13287846,Napoleon,2023,158.0,"Action,Adventure,Biography",6.3,189668,1
tt2404463,The Heat,2013,117.0,"Action,Comedy,Crime",6.6,189651,1
tt0780521,The Princess and the Frog,2009,97.0,"Adventure,Animation,Comedy",7.2,189616,1
tt5109280,Raya and the Last Dragon,2021,107.0,"Action,Adventure,Animation",7.3,189540,1
tt0088944,Commando,1985,90.0,"Action,Adventure,Thriller",6.7,189249,1
tt1220634,Resident Evil: Afterlife,2010,96.0,"Action,Horror,Sci-Fi",5.8,189248,1
tt0106489,A Bronx Tale,1993,121.0,"Crime,Drama",7.8,188936,1
tt0042332,Cinderella,1950,74.0,"Animation,Family,Fantasy",7.3,188917,1
tt27543632,The Housemaid,2025,131.0,"Drama,Mystery,Thriller",6.7,188745,1
tt10545296,The Hunger Games: The Ballad of Songbirds & Snakes,2023,157.0,"Action,Adventure,Drama",6.6,188705,1
tt7146812,Onward,2020,102.0,"Adventure,Animation,Comedy",7.3,188632,1
tt3371366,Transformers: The Last Knight,2017,154.0,"Action,Adventure,Comedy",5.2,188612,1
tt0970416,The Day the Earth Stood Still,2008,104.0,"Adventure,Drama,Sci-Fi",5.5,188397,1
tt5308322,Happy Death Day,2017,96.0,"Comedy,Horror,Mystery",6.6,188390,1
tt0876563,Ponyo,2008,101.0,"Adventure,Animation,Comedy",7.6,188309,1
tt5363618,Sound of Metal,2019,120.0,"Drama,Music",7.7,188283,1
tt1502407,Halloween,2018,106.0,"Crime,Drama,Horror",6.5,188280,1
tt2080374,Steve Jobs,2015,122.0,"Biography,Drama",7.2,188096,1
tt0159097,The Virgin Suicides,1999,97.0,"Drama,Romance",7.2,188063,1
tt2369135,Need for Speed,2014,132.0,"Action,Crime,Drama",6.4,187943,1
tt1528100,Exodus: Gods and Kings,2014,150.0,"Action,Adventure,Drama",6.0,187906,1
tt2209418,Before Midnight,2013,109.0,"Drama,Romance",7.9,187805,1
tt0134084,Scream 3,2000,116.0,"Horror,Mystery",5.7,187753,1
tt1411250,Riddick,2013,119.0,"Action,Adventure,Sci-Fi",6.4,187661,1
tt0465494,Hitman,2007,89.0,"Action,Crime,Thriller",6.2,187626,1
tt11315808,Joker: Folie à Deux,2024,138.0,"Drama,Musical,Thriller",5.2,187393,1
tt0414982,Final Destination 3,2006,93.0,"Horror,Thriller",5.9,187384,1
tt26584495,Companion,2025,97.0,"Sci-Fi,Thriller",6.9,187330,1
tt1007028,Zack and Miri Make a Porno,2008,101.0,"Comedy,Romance",6.5,187308,1
tt0445934,Blades of Glory,2007,93.0,"Comedy,Sport",6.3,187292,1
tt0074958,Network,1976,121.0,Drama,8.1,187220,1
tt4178092,The Gift,2015,108.0,"Drama,Mystery,Thriller",7.0,187154,1
tt0120188,Three Kings,1999,114.0,"Action,Adventure,Comedy",7.1,187092,1
tt1013753,Milk,2008,128.0,"Biography,Drama,History",7.5,186765,1
tt1129442,Transporter 3,2008,104.0,"Action,Thriller",6.1,186735,1
tt0274166,Johnny English,2003,87.0,"Action,Adventure,Comedy",6.3,186726,1
tt8079248,Yesterday,2019,116.0,"Comedy,Fantasy,Music",6.8,186690,1
tt0408790,Flightplan,2005,98.0,"Drama,Mystery,Thriller",6.3,186400,1
tt6412452,The Ballad of Buster Scruggs,2018,133.0,"Comedy,Drama,Musical",7.2,186387,1
tt0116583,The Hunchback of Notre Dame,1996,91.0,"Animation,Drama,Family",7.0,186137,1
tt0372588,Team America: World Police,2004,98.0,"Action,Comedy",7.2,185932,1
tt10954652,Old,2021,108.0,"Drama,Mystery,Thriller",5.8,185777,1
tt0986263,Surrogates,2009,89.0,"Action,Sci-Fi,Thriller",6.3,185541,1
tt0073629,The Rocky Horror Picture Show,1975,100.0,"Comedy,Horror,Musical",7.4,185288,1
tt3469046,Despicable Me 3,2017,90.0,"Adventure,Animation,Comedy",6.3,185275,1
tt0247638,The Princess Diaries,2001,115.0,"Comedy,Family,Romance",6.4,185133,1
tt0465538,Michael Clayton,2007,119.0,"Crime,Drama,Mystery",7.2,184933,1
tt15314262,The Beekeeper,2024,105.0,"Action,Crime,Thriller",6.3,184691,1
tt0346491,Alexander,2004,175.0,"Action,Biography,Drama",5.6,184616,1
tt1253864,Immortals,2011,110.0,"Action,Drama,Fantasy",6.0,184586,1
tt7740496,Nightmare Alley,2021,150.0,"Crime,Drama,Thriller",7.0,184200,1
tt8760708,M3GAN,2022,102.0,"Horror,Sci-Fi,Thriller",6.3,184185,1
tt0086465,Trading Places,1983,116.0,Comedy,7.5,184118,1
tt0472399,The Mechanic,2011,93.0,"Action,Crime,Thriller",6.5,184090,1
tt0022100,M,1931,99.0,"Crime,Mystery,Thriller",8.3,184010,1
tt0109831,Four Weddings and a Funeral,1994,117.0,"Comedy,Drama,Romance",7.1,183874,1
tt0349683,King Arthur,2004,126.0,"Action,Adventure,Drama",6.3,183735,1
tt0105793,Wayne's World,1992,94.0,"Comedy,Music",7.0,183398,1
tt16426418,Challengers,2024,131.0,"Comedy,Drama,Romance",7.0,183322,1
tt5433138,F9: The Fast Saga,2021,143.0,"Action,Crime,Thriller",5.2,183132,1
tt1242460,We Need to Talk About Kevin,2011,112.0,"Drama,Mystery,Thriller",7.4,183073,1
tt0102138,JFK,1991,189.0,"Drama,History,Thriller",8.0,183072,1
tt0036775,Double Indemnity,1944,107.0,"Crime,Drama,Film-Noir",8.3,182843,1
tt0119345,I Know What You Did Last Summer,1997,101.0,"Horror,Mystery",5.9,182573,1
tt0330793,The Punisher,2004,124.0,"Action,Crime,Drama",6.4,182532,1
tt2120120,Pixels,2015,105.0,"Action,Adventure,Comedy",5.6,182529,1
tt0832266,"Definitely, Maybe",2008,112.0,"Comedy,Drama,Romance",7.1,182493,1
tt0938283,The Last Airbender,2010,103.0,"Action,Adventure,Family",3.9,182474,1
tt2386490,How to Train Your Dragon: The Hidden World,2019,104.0,"Action,Adventure,Animation",7.4,182386,1
tt0066999,Dirty Harry,1971,102.0,"Action,Crime,Thriller",7.7,182380,1
tt4172430,13 Hours,2016,144.0,"Action,Drama,History",7.3,181917,1
tt7984766,The King,2019,140.0,"Biography,Drama,History",7.3,181913,1
tt10888594,Radhe,2021,109.0,"Action,Thriller",1.8,181878,1
tt1189073,The Skin I Live In,2011,120.0,"Drama,Mystery,Thriller",7.6,181836,1
tt3300542,London Has Fallen,2016,99.0,"Action,Thriller",5.9,181805,1
tt0859163,The Mummy: Tomb of the Dragon Emperor,2008,112.0,"Action,Adventure,Fantasy",5.3,181720,1
tt0093748,"Planes, Trains & Automobiles",1987,93.0,"Comedy,Drama",7.6,181706,1
tt13433802,A Quiet Place: Day One,2024,99.0,"Drama,Horror,Sci-Fi",6.2,181696,1
tt2848292,Pitch Perfect 2,2015,115.0,"Comedy,Music",6.4,181587,1
tt0122151,Lethal Weapon 4,1998,127.0,"Action,Crime,Thriller",6.6,181584,1
tt10028196,Laal Singh Chaddha,2022,159.0,"Comedy,Drama,Romance",5.6,181540,1
tt0072431,Young Frankenstein,1974,106.0,Comedy,8.0,181367,1
tt3640424,Allied,2016,124.0,"Action,Drama,Romance",7.1,181283,1
tt11291274,The Unbearable Weight of Massive Talent,2022,107.0,"Action,Comedy,Crime",7.0,181074,1
tt1563738,One Day,2011,107.0,"Drama,Romance",7.0,181058,1
tt1335975,47 Ronin,2013,128.0,"Action,Drama,Fantasy",6.2,180768,1
tt1279935,Date Night,2010,88.0,"Comedy,Crime,Romance",6.3,180627,1
tt0442933,Beowulf,2007,115.0,"Action,Adventure,Animation",6.3,180576,1
tt4776998,The Promise,2016,133.0,"Action,Adventure,Drama",6.1,180527,1
tt0047296,On the Waterfront,1954,108.0,"Crime,Drama,Thriller",8.1,180437,1
tt6628394,Bad Times at the El Royale,2018,141.0,"Crime,Drama,Mystery",7.1,180307,1
tt0085334,A Christmas Story,1983,93.0,"Comedy,Family",7.9,180043,1
tt5971474,The Little Mermaid,2023,135.0,"Adventure,Family,Fantasy",7.2,179933,1
tt10731256,Don't Worry Darling,2022,123.0,"Drama,Mystery,Thriller",6.3,179807,1
tt0458481,Sin City: A Dame to Kill For,2014,102.0,"Action,Adventure,Crime",6.5,179720,1
tt0093437,The Lost Boys,1987,97.0,"Comedy,Horror",7.2,179632,1
tt6155172,Roma,2018,135.0,Drama,7.6,179436,1
tt0322330,Freaky Friday,2003,97.0,"Comedy,Family,Fantasy",6.4,179310,1
tt9421570,The Guilty,2021,90.0,"Crime,Drama,Thriller",6.3,179093,1
tt0980970,The Chronicles of Narnia: The Voyage of the Dawn Treader,2010,113.0,"Adventure,Family,Fantasy",6.3,178959,1
tt13320622,The Lost City,2022,112.0,"Action,Adventure,Comedy",6.1,178856,1
tt26047818,Anyone But You,2023,103.0,"Comedy,Romance",6.1,178740,1
tt0097523,"Honey, I Shrunk the Kids",1989,93.0,"Adventure,Comedy,Family",6.5,178687,1
tt13654226,The Gorge,2025,128.0,"Action,Adventure,Horror",6.7,178630,1
tt3567288,The Visit,2015,94.0,"Horror,Mystery,Thriller",6.3,178462,1
tt26657236,Backrooms,2026,110.0,"Horror,Sci-Fi,Thriller",6.8,178437,1
tt0099077,Awakenings,1990,121.0,"Biography,Drama",7.8,178307,1
tt0890870,Saw IV,2007,93.0,"Horror,Mystery,Thriller",5.9,178290,1
tt2049403,Beetlejuice Beetlejuice,2024,105.0,"Comedy,Fantasy,Horror",6.6,178236,1
tt0266987,Spy Game,2001,126.0,"Action,Crime,Thriller",7.1,178086,1
tt5439796,Logan Lucky,2017,118.0,"Action,Comedy,Crime",7.0,177990,1
tt0498380,Letters from Iwo Jima,2006,141.0,"Action,Adventure,Drama",7.8,177911,1
tt1980929,Begin Again,2013,104.0,"Comedy,Drama,Music",7.4,177815,1
tt2866360,Coherence,2013,89.0,"Mystery,Sci-Fi,Thriller",7.2,177746,1
tt0963966,The Sorcerer's Apprentice,2010,109.0,"Action,Adventure,Family",6.1,177630,1
tt1139328,The Ghost Writer,2010,128.0,"Crime,Drama,Mystery",7.2,177440,1
tt0285823,Once Upon a Time in Mexico,2003,102.0,"Action,Crime,Thriller",6.3,177336,1
tt0099938,Kindergarten Cop,1990,111.0,"Action,Comedy,Crime",6.3,177323,1
tt1462758,Buried,2010,95.0,"Drama,Mystery,Thriller",7.0,177256,1
tt1131734,Jennifer's Body,2009,102.0,"Comedy,Horror",5.6,176996,1
tt13238346,Past Lives,2023,105.0,"Drama,Romance",7.8,176892,1
tt16277242,Society of the Snow,2023,144.0,"Adventure,Biography,Drama",7.8,176865,1
tt0306047,Scary Movie 3,2003,84.0,Comedy,5.6,176804,1
tt0358082,Robots,2005,91.0,"Adventure,Animation,Comedy",6.4,176667,1
tt0822832,Marley & Me,2008,115.0,"Drama,Family",7.0,176613,1
tt0080761,Friday the 13th,1980,95.0,"Horror,Mystery,Thriller",6.4,176548,1
tt8097030,Turning Red,2022,100.0,"Action,Adventure,Animation",6.9,176496,1
tt2140373,Saving Mr. Banks,2013,125.0,"Biography,Comedy,Drama",7.5,176439,1
tt11214590,House of Gucci,2021,158.0,"Biography,Crime,Drama",6.6,176432,1
tt6266538,Vice,2018,132.0,"Biography,Comedy,Drama",7.2,176283,1
tt0113568,Ghost in the Shell,1995,83.0,"Action,Animation,Crime",7.9,176206,1
tt13345606,Evil Dead Rise,2023,96.0,Horror,6.5,176151,1
tt0120783,The Parent Trap,1998,128.0,"Adventure,Comedy,Drama",6.7,176058,1
tt0834001,Underworld: Rise of the Lycans,2009,92.0,"Action,Fantasy,Thriller",6.5,176032,1
tt23849204,12th Fail,2023,147.0,"Biography,Drama",8.7,176021,1
tt0435705,Next,2007,96.0,"Action,Sci-Fi,Thriller",6.2,175982,1
tt0765010,Brothers,2009,105.0,"Drama,Thriller,War",7.1,175820,1
tt12263384,Extraction II,2023,122.0,"Action,Crime,Thriller",7.0,175729,1
tt0094291,Wall Street,1987,126.0,"Crime,Drama",7.3,175682,1
tt7737786,Greenland,2020,119.0,"Action,Adventure,Thriller",6.4,175372,1
tt1091722,Adventureland,2009,107.0,"Comedy,Drama,Romance",6.8,175279,1
tt1057500,Invictus,2009,134.0,"Biography,Drama,History",7.3,175278,1
tt0082198,Conan the Barbarian,1982,129.0,"Adventure,Fantasy",6.9,175215,1
tt0033870,The Maltese Falcon,1941,100.0,"Crime,Drama,Film-Noir",7.9,175130,1
tt0424136,Hard Candy,2005,104.0,"Drama,Thriller",7.0,175047,1
tt11378946,Michael,2026,127.0,"Biography,Drama,History",7.4,174945,1
tt0082340,Escape from New York,1981,99.0,"Action,Adventure,Sci-Fi",7.1,174860,1
tt0120888,The Wedding Singer,1998,97.0,"Comedy,Music,Romance",6.9,174772,1
tt0107362,Last Action Hero,1993,130.0,"Action,Adventure,Comedy",6.5,174658,1
tt2278871,Blue Is the Warmest Colour,2013,180.0,"Drama,Romance",7.6,174430,1
tt1568911,War Horse,2011,146.0,"Adventure,Drama,History",7.2,174390,1
tt0120891,Wild Wild West,1999,106.0,"Action,Comedy,Sci-Fi",4.9,174367,1
tt3774114,Snowden,2016,134.0,"Biography,Crime,Drama",7.3,174127,1
tt0032910,Pinocchio,1940,88.0,"Adventure,Animation,Comedy",7.4,174092,1
tt5108870,Morbius,2022,104.0,"Action,Adventure,Horror",5.1,173971,1
tt0397535,Memoirs of a Geisha,2005,145.0,"Drama,Romance",7.3,173874,1
tt2975578,The Purge: Anarchy,2014,103.0,"Action,Horror,Sci-Fi",6.4,173860,1
tt0107120,Hocus Pocus,1993,96.0,"Comedy,Family,Fantasy",6.9,173621,1
tt1267297,Hercules,2014,98.0,"Action,Adventure,Fantasy",6.0,173592,1
tt6343314,Creed II,2018,130.0,"Action,Drama,Sport",7.1,173438,1
tt6294822,The Post,2017,116.0,"Biography,Drama,History",7.2,173419,1
tt0340855,Monster,2003,109.0,"Biography,Crime,Drama",7.3,173023,1
tt2042568,Inside Llewyn Davis,2013,104.0,"Drama,Music",7.4,172915,1
tt1441395,Under the Skin,2013,108.0,"Drama,Horror,Mystery",6.3,172886,1
tt0120681,From Hell,2001,122.0,"Crime,Horror,Mystery",6.7,172781,1
tt0128442,Rounders,1998,121.0,"Crime,Drama",7.3,172754,1
tt3521126,The Disaster Artist,2017,104.0,"Biography,Comedy,Drama",7.3,172697,1
tt0116922,Lost Highway,1997,134.0,"Drama,Mystery,Thriller",7.6,172657,1
tt7069210,The Conjuring: The Devil Made Me Do It,2021,112.0,"Horror,Mystery,Thriller",6.2,172654,1
tt7395114,The Devil All the Time,2020,138.0,"Crime,Drama,Thriller",7.1,172647,1
tt0385002,Green Street Hooligans,2005,109.0,"Crime,Drama,Sport",7.4,172541,1
tt0053285,Sleeping Beauty,1959,75.0,"Adventure,Animation,Family",7.2,172347,1
tt5140878,Annabelle: Creation,2017,109.0,"Horror,Mystery,Thriller",6.5,172286,1
tt0088323,The NeverEnding Story,1984,102.0,"Adventure,Drama,Family",7.3,172113,1
tt0120587,Antz,1998,83.0,"Adventure,Animation,Comedy",6.5,172023,1
tt11389872,Kingdom of the Planet of the Apes,2024,145.0,"Action,Adventure,Drama",6.8,171604,1
tt0464141,The Orphanage,2007,105.0,"Drama,Horror,Mystery",7.4,171492,1
tt5022702,Hush,2016,82.0,"Horror,Thriller",6.6,171432,1
tt10698680,K.G.F: Chapter 2,2022,166.0,"Action,Crime,Drama",8.2,171412,1
tt14961016,I'm Still Here,2024,137.0,"Biography,Drama,History",8.1,171103,1
tt1600196,The Drop,2014,106.0,"Crime,Drama,Mystery",7.0,171041,1
tt0430105,Four Brothers,2005,109.0,"Action,Crime,Drama",6.8,170618,1
tt2554274,Crimson Peak,2015,119.0,"Drama,Horror,Mystery",6.5,170578,1
tt26753003,Trap,2024,105.0,"Crime,Horror,Mystery",5.8,170432,1
tt2692904,Locke,2013,85.0,Drama,7.1,170392,1
tt9619824,Final Destination: Bloodlines,2025,110.0,"Horror,Thriller",6.7,170332,1
tt7959026,The Mule,2018,116.0,"Crime,Drama,Thriller",7.0,170316,1
tt0122933,Analyze This,1999,103.0,"Comedy,Crime",6.7,170230,1
tt0101507,Boyz n the Hood,1991,112.0,"Crime,Drama",7.8,170200,1
tt1638002,"Love, Rosie",2014,102.0,"Comedy,Romance",7.1,170197,1
tt8847712,The French Dispatch,2021,107.0,"Comedy,Drama,Romance",7.1,170150,1
tt0805564,Lars and the Real Girl,2007,106.0,"Comedy,Drama,Romance",7.3,170125,1
tt0120768,The Negotiator,1998,140.0,"Action,Crime,Drama",7.3,170068,1
tt0120102,Seven Years in Tibet,1997,136.0,"Adventure,Biography,Drama",7.1,169635,1
tt0990407,The Green Hornet,2011,119.0,"Action,Comedy,Crime",5.8,169485,1
tt1714206,The Spectacular Now,2013,95.0,"Drama,Romance",7.0,169349,1
tt10676048,The Marvels,2023,105.0,"Action,Adventure,Sci-Fi",5.4,169228,1
tt1611224,Abraham Lincoln: Vampire Hunter,2012,105.0,"Action,Fantasy,Horror",5.9,169125,1
tt1188729,Pandorum,2009,108.0,"Action,Horror,Mystery",6.7,169005,1
tt0090728,Big Trouble in Little China,1986,99.0,"Action,Adventure,Comedy",7.2,169005,1
tt0112508,Billy Madison,1995,89.0,Comedy,6.4,168880,1
tt0276919,Dogville,2003,171.0,"Crime,Drama",8.0,168605,1
tt15789038,Elemental,2023,101.0,"Adventure,Animation,Comedy",7.0,168444,1
tt0307987,Bad Santa,2003,92.0,"Comedy,Crime,Drama",7.0,168391,1
tt4566758,Mulan,2020,115.0,"Action,Adventure,Drama",5.8,168379,1
tt1496025,Underworld: Awakening,2012,88.0,"Action,Fantasy,Thriller",6.3,168327,1
tt0119738,My Best Friend's Wedding,1997,105.0,"Comedy,Drama,Romance",6.4,168299,1
tt0043274,Alice in Wonderland,1951,75.0,"Adventure,Animation,Comedy",7.3,168280,1
tt1121931,Crank: High Voltage,2009,96.0,"Action,Thriller",6.1,168278,1
tt1588170,I Saw the Devil,2010,144.0,"Action,Thriller",7.8,168098,1
tt3289956,The Autopsy of Jane Doe,2016,86.0,"Horror,Mystery,Thriller",6.8,167992,1
tt0100814,Tremors,1990,96.0,"Comedy,Horror",7.2,167668,1
tt0079417,Kramer vs. Kramer,1979,105.0,Drama,7.8,167643,1
tt0421239,Red Eye,2005,85.0,Thriller,6.4,167261,1
tt0473705,State of Play,2009,127.0,"Crime,Drama,Mystery",7.1,167204,1
tt0261392,Jay and Silent Bob Strike Back,2001,104.0,Comedy,6.8,167183,1
tt0046183,Peter Pan,1953,77.0,"Adventure,Animation,Family",7.2,167177,1
tt1314655,Devil,2010,80.0,"Horror,Mystery,Thriller",6.3,167148,1
tt0452694,The Time Traveler's Wife,2009,107.0,"Drama,Fantasy,Romance",7.1,167058,1
tt0093105,"Good Morning, Vietnam",1987,121.0,"Biography,Comedy,Drama",7.3,167039,1
tt12844910,Pathaan,2023,146.0,"Action,Adventure,Thriller",5.8,167008,1
tt0350258,Ray,2004,152.0,"Biography,Drama,Music",7.7,166902,1
tt0095159,A Fish Called Wanda,1988,108.0,"Comedy,Crime",7.5,166847,1
tt8009428,Hustle,2022,117.0,"Comedy,Drama,Sport",7.3,166672,1
tt1488589,Guillermo del Toro's Pinocchio,2022,117.0,"Adventure,Animation,Drama",7.6,166643,1
tt0034492,Bambi,1942,69.0,"Adventure,Animation,Drama",7.3,166570,1
tt13143964,Borat Subsequent Moviefilm,2020,95.0,Comedy,6.6,166497,1
tt31227572,Predator: Badlands,2025,107.0,"Action,Adventure,Sci-Fi",7.2,166471,1
tt0410297,The Lake House,2006,99.0,"Drama,Fantasy,Romance",6.8,166385,1
tt0091369,Labyrinth,1986,101.0,"Adventure,Family,Fantasy",7.3,166374,1
tt0096256,They Live,1988,94.0,"Action,Horror,Sci-Fi",7.2,166315,1
tt0071230,Blazing Saddles,1974,93.0,"Comedy,Western",7.7,166279,1
tt3566834,A Minecraft Movie,2025,101.0,"Action,Adventure,Comedy",5.6,166215,1
tt0040746,Rope,1948,80.0,"Crime,Drama,Mystery",7.9,166212,1
tt0079116,Escape from Alcatraz,1979,112.0,"Biography,Crime,Drama",7.5,166168,1
tt5177120,The Ministry of Ungentlemanly Warfare,2024,122.0,"Action,Comedy,War",6.8,166029,1
tt0373074,Kung Fu Hustle,2004,99.0,"Action,Comedy,Fantasy",7.7,166015,1
tt1403981,Remember Me,2010,113.0,"Drama,Romance",7.1,165537,1
tt21823606,A Real Pain,2024,90.0,"Comedy,Drama",7.0,165385,1
tt0280590,Mr. Deeds,2002,96.0,"Comedy,Romance",5.8,165153,1
tt2510894,Hotel Transylvania 2,2015,89.0,"Adventure,Animation,Comedy",6.6,165086,1
tt0159365,Cold Mountain,2003,154.0,"Adventure,Drama,Romance",7.2,165031,1
tt0290673,Irreversible,2002,97.0,"Crime,Drama,Mystery",7.3,164935,1
tt17024450,The Equalizer 3,2023,109.0,"Action,Crime,Thriller",6.8,164934,1
tt1727388,The Way Way Back,2013,103.0,"Comedy,Drama",7.4,164786,1
tt0989757,Dear John,2010,108.0,"Drama,Romance,War",6.3,164699,1
tt3829266,The Predator,2018,107.0,"Action,Adventure,Sci-Fi",5.3,164301,1
tt0780571,Mr. Brooks,2007,120.0,"Crime,Drama,Mystery",7.2,164278,1
tt0413099,Evan Almighty,2007,96.0,"Comedy,Family,Fantasy",5.5,164078,1
tt1615147,Margin Call,2011,107.0,"Drama,Thriller",7.1,164063,1
tt0369441,Fun with Dick and Jane,2005,90.0,"Comedy,Crime",6.2,164058,1
tt0120794,The Prince of Egypt,1998,99.0,"Adventure,Animation,Drama",7.3,163976,1
tt0051201,Witness for the Prosecution,1957,116.0,"Crime,Drama,Mystery",8.4,163792,1
tt2854926,Tag,2018,100.0,"Action,Comedy",6.5,163634,1
tt5776858,Phantom Thread,2017,130.0,"Drama,Romance",7.4,163602,1
tt0324216,The Texas Chainsaw Massacre,2003,98.0,Horror,6.2,163566,1
tt0100507,Rocky V,1990,104.0,"Drama,Sport",5.4,163549,1
tt0106918,The Firm,1993,154.0,"Crime,Drama,Mystery",6.9,163448,1
tt0048280,Lady and the Tramp,1955,76.0,"Adventure,Animation,Comedy",7.3,163418,1
tt0089530,Mad Max: Beyond Thunderdome,1985,107.0,"Action,Adventure,Sci-Fi",6.2,163296,1
tt18925334,Pearl,2022,103.0,"Drama,Horror,Thriller",7.0,163276,1
tt0277027,I Am Sam,2001,132.0,Drama,7.6,163250,1
tt1488606,Triple Frontier,2019,125.0,"Action,Adventure,Thriller",6.5,163122,1
tt11271038,Licorice Pizza,2021,133.0,"Comedy,Drama,Romance",7.1,162826,1
tt1568338,Man on a Ledge,2012,102.0,"Action,Crime,Thriller",6.6,162722,1
tt16366836,Venom: The Last Dance,2024,110.0,"Action,Fantasy,Horror",6.0,162659,1
tt0335438,Starsky & Hutch,2004,101.0,"Comedy,Crime",6.1,162635,1
tt2283336,Men in Black: International,2019,114.0,"Action,Adventure,Comedy",5.6,162255,1
tt8999762,The Brutalist,2024,216.0,Drama,7.2,162124,4
tt0032976,Rebecca,1940,130.0,"Drama,Mystery,Romance",8.0,161937,1
tt0762107,I Now Pronounce You Chuck & Larry,2007,115.0,"Comedy,Romance",5.9,161919,1
tt0093822,Raising Arizona,1987,94.0,"Comedy,Crime",7.3,161903,1
tt1389137,We Bought a Zoo,2011,124.0,"Comedy,Drama,Family",7.0,161899,1
tt0164912,Stuart Little,1999,84.0,"Adventure,Comedy,Family",6.0,161814,1
tt5886046,Escape Room,2019,99.0,"Action,Adventure,Horror",6.4,161738,1
tt2203939,The Other Woman,2014,109.0,"Comedy,Romance",6.0,161664,1
tt1034303,Defiance,2008,137.0,"Action,Drama,History",7.1,161647,1
tt2222042,Love and Monsters,2020,109.0,"Action,Adventure,Comedy",6.9,161631,1
tt1764234,Killing Them Softly,2012,97.0,"Crime,Drama,Thriller",6.2,161462,1
tt0245844,The Count of Monte Cristo,2002,131.0,"Action,Adventure,Drama",7.7,161423,1
tt0088258,This Is Spinal Tap,1984,82.0,"Comedy,Music",7.9,161364,1
tt14948432,Red One,2024,123.0,"Action,Adventure,Comedy",6.2,161354,1
tt4481414,Gifted,2017,101.0,Drama,7.6,161341,1
tt3874544,The Boss Baby,2017,97.0,"Adventure,Animation,Comedy",6.3,161132,1
tt7181546,Ballerina,2025,124.0,"Action,Adventure,Crime",6.8,161066,1
tt1334260,Never Let Me Go,2010,103.0,"Drama,Romance",7.1,161033,1
tt0104952,My Cousin Vinny,1992,119.0,"Comedy,Crime",7.6,160998,1
tt2034800,The Great Wall,2016,103.0,"Action,Adventure,Fantasy",5.9,160857,1
tt0277434,We Were Soldiers,2002,138.0,"Action,Drama,History",7.2,160813,1
tt0112642,Casper,1995,100.0,"Comedy,Family,Fantasy",6.2,160782,1
tt0257076,S.W.A.T.,2003,117.0,"Action,Adventure,Crime",6.1,160695,1
tt1758830,This Is 40,2012,134.0,"Comedy,Drama,Romance",6.2,160653,1
tt0301357,Good Bye Lenin!,2003,121.0,"Comedy,Drama,Romance",7.7,160634,1
tt9411972,Where the Crawdads Sing,2022,125.0,"Drama,Mystery,Romance",7.2,160525,1
tt0091203,Highlander,1986,110.0,"Action,Adventure,Fantasy",7.0,160432,1
tt0057076,From Russia with Love,1963,115.0,"Action,Adventure,Thriller",7.3,160360,1
tt1390411,In the Heart of the Sea,2015,122.0,"Action,Adventure,Biography",6.9,160342,1
tt9893250,I Care a Lot,2020,118.0,"Comedy,Crime,Drama",6.4,160231,1
tt1855325,Resident Evil: Retribution,2012,95.0,"Action,Horror,Sci-Fi",5.3,160206,1
tt1086772,Blended,2014,117.0,"Comedy,Romance",6.5,159915,1
tt0451079,Horton Hears a Who!,2008,86.0,"Adventure,Animation,Comedy",6.8,159737,1
tt0465602,Shoot 'Em Up,2007,86.0,"Action,Comedy,Thriller",6.6,159723,1
tt0103855,The Bodyguard,1992,129.0,"Drama,Music,Romance",6.4,159688,1
tt1019452,A Serious Man,2009,106.0,"Comedy,Drama",7.0,159397,1
tt0889583,Brüno,2009,81.0,Comedy,5.9,159359,1
tt2381111,Brooklyn,2015,117.0,"Drama,Romance",7.5,159310,1
tt0391198,The Grudge,2004,91.0,"Horror,Mystery,Thriller",5.9,159252,1
tt0482606,The Strangers,2008,86.0,"Horror,Mystery,Thriller",6.1,158733,1
tt1399683,Winter's Bone,2010,100.0,"Crime,Drama,Mystery",7.1,158622,1
tt0046250,Roman Holiday,1953,118.0,"Comedy,Drama,Romance",8.0,158509,1
tt0475394,Smokin' Aces,2006,109.0,"Action,Comedy,Crime",6.6,158444,1
tt0443274,Vantage Point,2008,90.0,"Action,Drama,Thriller",6.6,158429,1
tt0312004,Wallace & Gromit: The Curse of the Were-Rabbit,2005,85.0,"Adventure,Animation,Comedy",7.5,158383,1
tt0263488,Jeepers Creepers,2001,90.0,"Horror,Mystery",6.3,158369,1
tt1109624,Paddington,2014,95.0,"Adventure,Comedy,Family",7.3,158335,1
tt4846232,Good Time,2017,102.0,"Crime,Drama,Thriller",7.3,158334,1
tt0472033,9,2009,79.0,"Action,Adventure,Animation",7.0,158308,1
tt0471042,Tower Heist,2011,104.0,"Action,Comedy,Crime",6.2,158290,1
tt1054606,The Imaginarium of Doctor Parnassus,2009,123.0,"Adventure,Comedy,Fantasy",6.7,158175,1
tt1058017,The Invention of Lying,2009,100.0,"Comedy,Fantasy,Romance",6.4,158123,1
tt8244784,The Hunt,2020,90.0,"Action,Horror,Thriller",6.6,157719,1
tt0385880,Monster House,2006,91.0,"Animation,Comedy,Family",6.7,157565,1
tt0079944,Stalker,1979,162.0,"Drama,Sci-Fi",8.0,157557,1
tt1648190,The Dark Tower,2017,95.0,"Action,Adventure,Drama",5.6,156965,1
tt2561572,Get Hard,2015,100.0,"Comedy,Crime,Drama",6.0,156672,1
tt1939659,Carrie,2013,100.0,"Drama,Horror,Thriller",5.8,156639,1
tt23561236,American Fiction,2023,117.0,"Comedy,Drama",7.5,156607,1
tt1351685,Jack the Giant Slayer,2013,114.0,"Action,Adventure,Fantasy",6.3,156455,1
tt0387131,The Constant Gardener,2005,129.0,"Drama,Mystery,Romance",7.3,156454,1
tt3606752,Cars 3,2017,102.0,"Adventure,Animation,Comedy",6.7,156226,1
tt2631186,Baahubali: The Beginning,2015,159.0,"Action,Drama",8.0,155992,1
tt1100089,Foxcatcher,2014,134.0,"Biography,Drama,History",7.0,155741,1
tt4698684,Hunt for the Wilderpeople,2016,101.0,"Adventure,Comedy,Drama",7.8,155521,1
tt0905372,The Thing,2011,103.0,"Horror,Mystery,Sci-Fi",6.3,155510,1
tt2101441,Spring Breakers,2012,94.0,"Crime,Drama,Thriller",5.3,155447,1
tt0251160,John Q,2002,116.0,"Crime,Drama,Thriller",7.1,155439,1
tt0256380,Shallow Hal,2001,114.0,"Comedy,Drama,Fantasy",6.0,155423,1
tt0093177,Hellraiser,1987,94.0,"Horror,Thriller",6.9,155309,1
tt4062536,Green Room,2015,95.0,"Horror,Thriller",6.9,155214,1
tt1259528,Den of Thieves,2018,140.0,"Action,Crime,Drama",7.0,155148,1
tt17663992,Scream VI,2023,122.0,"Horror,Mystery,Thriller",6.4,155060,1
tt4052882,The Shallows,2016,86.0,"Drama,Horror,Thriller",6.3,155009,1
tt2096672,Dumb and Dumber To,2014,109.0,Comedy,5.6,154849,1
tt2402927,Carol,2015,118.0,"Drama,Romance",7.3,154726,1
tt0120784,Payback,1999,100.0,"Action,Crime,Drama",7.0,154675,1
tt2180411,Into the Woods,2014,125.0,"Adventure,Comedy,Drama",5.9,154630,1
tt1571234,Mortal Engines,2018,128.0,"Action,Adventure,Fantasy",6.1,154583,1
tt0815236,She's Out of My League,2010,104.0,"Comedy,Romance",6.4,154249,1
tt0089881,Ran,1985,160.0,"Action,Drama,War",8.2,153958,1
tt0097441,Glory,1989,122.0,"Biography,Drama,History",7.8,153889,1
tt4786282,Lights Out,2016,81.0,"Horror,Mystery",6.3,153828,1
tt0253556,Reign of Fire,2002,101.0,"Action,Adventure,Fantasy",6.2,153778,1
tt0242423,"Dude, Where's My Car?",2000,83.0,"Comedy,Mystery,Sci-Fi",5.5,153648,1
tt1622979,Final Destination 5,2011,92.0,"Horror,Thriller",5.9,153407,1
tt0079522,Manhattan,1979,96.0,"Comedy,Drama,Romance",7.8,153368,1
tt0249462,Billy Elliot,2000,110.0,"Drama,Music",7.7,153364,1
tt1915581,Magic Mike,2012,110.0,"Comedy,Drama,Music",6.1,153278,1
tt2446980,Joy,2015,124.0,"Biography,Drama",6.6,153123,1
tt0149261,Deep Blue Sea,1999,105.0,"Action,Adventure,Sci-Fi",6.0,152821,1
tt1878870,The Edge of Seventeen,2016,104.0,"Comedy,Drama,Romance",7.3,152807,1
tt0310793,Bowling for Columbine,2002,120.0,"Crime,Documentary,Drama",7.9,152584,1
tt0277296,The Scorpion King,2002,92.0,"Action,Adventure,Fantasy",5.5,152530,1
tt4772188,Flow,2024,85.0,"Adventure,Animation,Family",7.8,152525,1
tt0134273,8MM,1999,123.0,"Crime,Drama,Mystery",6.6,152422,1
tt0790736,R.I.P.D.,2013,96.0,"Action,Adventure,Animation",5.6,152397,1
tt0804497,It's Kind of a Funny Story,2010,101.0,"Comedy,Drama,Romance",7.1,152258,1
tt0063350,Night of the Living Dead,1968,96.0,"Horror,Thriller",7.8,152161,1
tt0054331,Spartacus,1960,184.0,"Adventure,Biography,Drama",7.9,152039,1
tt0259446,My Big Fat Greek Wedding,2002,95.0,"Comedy,Drama,Romance",6.6,152039,1
tt0067116,The French Connection,1971,104.0,"Action,Crime,Drama",7.6,151951,1
tt0325703,Lara Croft: Tomb Raider - The Cradle of Life,2003,117.0,"Action,Adventure,Fantasy",5.5,151700,1
tt2692250,Night at the Museum: Secret of the Tomb,2014,98.0,"Adventure,Comedy,Family",6.2,151686,1
tt26443597,Zootopia 2,2025,108.0,"Adventure,Animation,Comedy",7.3,151552,1
tt0070608,Robin Hood,1973,83.0,"Adventure,Animation,Comedy",7.5,151520,1
tt0033563,Dumbo,1941,64.0,"Adventure,Animation,Drama",7.2,151453,1
tt3316960,Still Alice,2014,101.0,Drama,7.5,151438,1
tt1187064,Triangle,2009,99.0,"Fantasy,Mystery,Sci-Fi",6.9,151418,1
tt0104070,Death Becomes Her,1992,104.0,"Comedy,Fantasy,Horror",6.7,151390,1
tt5462602,The Big Sick,2017,120.0,"Comedy,Drama,Romance",7.5,151344,1
tt29268110,Smile 2,2024,127.0,"Horror,Mystery,Thriller",6.7,151271,1
tt1172570,Bronson,2008,92.0,"Action,Crime,Drama",7.0,151110,1
tt2388715,Oculus,2013,104.0,"Horror,Mystery,Thriller",6.6,151061,1
tt1549920,The Last Stand,2013,107.0,"Action,Drama,Thriller",6.3,151007,1
tt0343135,Along Came Polly,2004,90.0,"Comedy,Romance",6.0,150976,1
tt0424095,Flushed Away,2006,85.0,"Action,Adventure,Animation",6.6,150974,1
tt14966898,Late Night with the Devil,2023,93.0,Horror,7.0,150922,1
tt0095956,Rambo III,1988,102.0,"Action,Adventure,Thriller",5.8,150879,1
tt0475290,"Hail, Caesar!",2016,106.0,"Comedy,Drama,Mystery",6.3,150776,1
tt0096320,Twins,1988,107.0,"Comedy,Crime",6.2,150680,1
tt0096928,Bill & Ted's Excellent Adventure,1989,90.0,"Adventure,Comedy,Music",6.9,150647,1
tt6587046,The Boy and the Heron,2023,124.0,"Adventure,Animation,Drama",7.3,150456,1
tt0417148,Snakes on a Plane,2006,105.0,"Action,Adventure,Crime",5.5,150368,1
tt0404032,The Exorcism of Emily Rose,2005,119.0,"Drama,Horror,Thriller",6.7,150345,1
tt0379725,Capote,2005,114.0,"Biography,Crime,Drama",7.3,150320,1
tt1634122,Johnny English Reborn,2011,101.0,"Action,Adventure,Comedy",6.3,150317,1
tt0087928,Police Academy,1984,96.0,Comedy,6.7,150292,1
tt0042192,All About Eve,1950,138.0,Drama,8.2,150251,1
tt0133240,Treasure Planet,2002,95.0,"Action,Adventure,Animation",7.2,150060,1
tt2024432,Identity Thief,2013,111.0,"Comedy,Crime,Drama",5.7,149944,1
tt1132626,Saw V,2008,92.0,"Horror,Thriller",5.8,149713,1
tt0230011,Atlantis: The Lost Empire,2001,95.0,"Action,Adventure,Animation",6.9,149644,1
tt0106582,Cliffhanger,1993,113.0,"Action,Adventure,Thriller",6.5,149458,1
tt2177771,The Monuments Men,2014,118.0,"Biography,Comedy,Drama",6.1,149263,1
tt0384793,Accepted,2006,93.0,Comedy,6.4,149243,1
tt5433140,Fast X,2023,141.0,"Action,Adventure,Crime",5.7,149145,1
tt0133751,The Faculty,1998,104.0,"Horror,Mystery,Sci-Fi",6.6,149097,1
tt33014583,Dhurandhar,2025,214.0,"Action,Crime,Thriller",8.2,149076,4
tt0100150,Miller's Crossing,1990,115.0,"Crime,Drama,Thriller",7.7,149009,1
tt0118842,Chasing Amy,1997,113.0,"Comedy,Drama,Romance",7.2,148989,1
tt0164052,Hollow Man,2000,112.0,"Action,Horror,Sci-Fi",5.9,148934,1
tt0327850,The Rundown,2003,104.0,"Action,Adventure,Comedy",6.6,148909,1
tt0044079,Strangers on a Train,1951,101.0,"Crime,Drama,Film-Noir",7.9,148843,1
tt5649144,The Florida Project,2017,111.0,Drama,7.6,148779,1
tt8036976,Send Help,2026,113.0,"Adventure,Horror,Thriller",6.7,148530,1
tt3531824,Nerve,2016,96.0,"Adventure,Crime,Drama",6.5,148502,1
tt0947810,Green Zone,2010,115.0,"Action,Drama,Thriller",6.8,148470,1
tt0918927,Doubt,2008,104.0,"Drama,Mystery",7.5,148399,1
tt0111070,The Santa Clause,1994,97.0,"Comedy,Drama,Family",6.6,148317,1
tt0816442,The Book Thief,2013,131.0,"Drama,War",7.5,148271,1
tt5323662,A Silent Voice: The Movie,2016,130.0,"Animation,Drama",8.2,148255,1
tt3410834,The Divergent Series: Allegiant,2016,120.0,"Action,Adventure,Fantasy",5.7,148190,1
tt0118617,Anastasia,1997,94.0,"Adventure,Animation,Drama",7.2,148172,1
tt4302938,Kubo and the Two Strings,2016,101.0,"Action,Adventure,Animation",7.7,148041,1
tt0292506,The Recruit,2003,115.0,"Action,Thriller",6.6,148033,1
tt0092644,Beverly Hills Cop II,1987,103.0,"Action,Comedy,Crime",6.6,148018,1
tt0758730,Aliens vs. Predator: Requiem,2007,94.0,"Action,Horror,Sci-Fi",4.6,147973,1
tt0274558,The Hours,2002,114.0,"Drama,Romance",7.5,147832,1
tt0295700,Wrong Turn,2003,84.0,"Horror,Thriller",6.1,147747,1
tt0452594,The Break-Up,2006,106.0,"Comedy,Drama,Romance",5.8,147735,1
tt8404614,The Two Popes,2019,125.0,"Biography,Drama",7.6,147712,1
tt3152624,Trainwreck,2015,125.0,"Comedy,Drama,Romance",6.2,147666,1
tt10151854,Shazam! Fury of the Gods,2023,130.0,"Action,Adventure,Comedy",5.9,147564,1
tt0075005,The Omen,1976,111.0,"Horror,Mystery",7.5,147418,1
tt0397065,House of Wax,2005,113.0,"Horror,Thriller",5.5,147281,1
tt0084827,Tron,1982,96.0,"Action,Adventure,Sci-Fi",6.7,147249,1
tt5638642,The Ritual,2017,94.0,"Horror,Mystery,Thriller",6.4,147226,1
tt2305051,Wild,2014,115.0,"Adventure,Biography,Drama",7.1,147193,1
tt0070666,Serpico,1973,130.0,"Biography,Crime,Drama",7.7,147011,1
tt0107977,Robin Hood: Men in Tights,1993,104.0,"Adventure,Comedy,Musical",6.7,146974,1
tt5758778,Skyscraper,2018,102.0,"Action,Adventure,Thriller",5.8,146834,1
tt0114069,Outbreak,1995,128.0,"Action,Drama,Thriller",6.6,146826,1
tt0012349,The Kid,1921,68.0,"Comedy,Drama,Family",8.2,146761,1
tt0070511,Papillon,1973,151.0,"Biography,Crime,Drama",8.0,146703,1
tt0113627,Leaving Las Vegas,1995,111.0,"Drama,Romance",7.5,146624,1
tt0481536,Harold & Kumar Escape from Guantanamo Bay,2008,102.0,"Adventure,Comedy",6.5,146622,1
tt14230388,Asteroid City,2023,105.0,"Comedy,Drama,Romance",6.4,146602,1
tt0161081,What Lies Beneath,2000,130.0,"Drama,Horror,Mystery",6.6,146552,1
tt0427327,Hairspray,2007,117.0,"Comedy,Drama,Musical",6.7,146546,1
tt0325805,Matchstick Men,2003,116.0,"Comedy,Crime,Drama",7.2,146310,1
tt1482459,The Lorax,2012,86.0,"Adventure,Animation,Comedy",6.4,146069,1
tt1055292,Life as We Know It,2010,114.0,"Comedy,Drama,Romance",6.5,146053,1
tt27534307,Speak No Evil,2024,110.0,"Drama,Horror,Thriller",6.8,146005,1
tt1536537,What Happened to Monday,2017,123.0,"Action,Crime,Fantasy",6.8,145949,1
tt0870984,Antichrist,2009,108.0,"Drama,Horror,Thriller",6.5,145897,1
tt0120789,Pleasantville,1998,124.0,"Comedy,Drama,Fantasy",7.5,145365,1
tt0074486,Eraserhead,1977,89.0,"Fantasy,Horror",7.2,145224,1
tt2582496,Me and Earl and the Dying Girl,2015,105.0,"Comedy,Drama",7.7,145171,1
tt0227445,The Score,2001,124.0,"Crime,Drama,Thriller",6.8,145153,1
tt0117438,Ransom,1996,121.0,"Action,Crime,Drama",6.7,145079,1
tt1924435,Let's Be Cops,2014,104.0,"Action,Comedy,Crime",6.4,145064,1
tt0424345,Clerks II,2006,97.0,Comedy,7.3,144979,1
tt3581652,West Side Story,2021,156.0,"Crime,Drama,Musical",7.1,144694,1
tt0092965,Empire of the Sun,1987,153.0,"Drama,War",7.7,144550,1
tt1034032,Gamer,2009,95.0,"Action,Sci-Fi,Thriller",5.7,144500,1
tt2312718,Homefront,2013,100.0,"Action,Crime,Thriller",6.5,144421,1
tt1538403,The Mortal Instruments: City of Bones,2013,130.0,"Action,Adventure,Fantasy",5.8,144396,1
tt10016180,The Little Things,2021,128.0,"Crime,Drama,Mystery",6.3,144380,1
tt7979580,The Mitchells vs. the Machines,2021,114.0,"Adventure,Animation,Comedy",7.6,144336,1
tt0055630,Yojimbo,1961,110.0,"Action,Drama,Thriller",8.2,144325,1
tt0468492,The Host,2006,120.0,"Drama,Horror,Sci-Fi",7.1,144242,1
tt2503944,Burnt,2015,101.0,"Comedy,Drama",6.6,144156,1
tt1205537,Jack Ryan: Shadow Recruit,2014,105.0,"Action,Drama,Thriller",6.2,144140,1
tt0125664,Man on the Moon,1999,118.0,"Biography,Comedy,Drama",7.4,144052,1
tt0087884,"Paris, Texas",1984,145.0,Drama,8.1,143980,1
tt9495224,Black Mirror: Bandersnatch,2018,90.0,"Drama,Fantasy,Mystery",7.1,143772,1
tt3748172,Gerald's Game,2017,103.0,"Drama,Horror,Thriller",6.5,143520,1
tt1144884,The Final Destination,2009,82.0,"Horror,Thriller",5.1,143449,1
tt0112431,Babe,1995,91.0,"Comedy,Drama,Family",6.9,143448,1
tt0362120,Scary Movie 4,2006,83.0,Comedy,5.1,143348,1
tt22687790,A Haunting in Venice,2023,103.0,"Crime,Drama,Horror",6.5,143292,1
tt1790886,The Campaign,2012,85.0,Comedy,6.1,143199,1
tt15325794,Fall,2022,107.0,"Action,Thriller",6.4,143185,1
tt1860213,Dirty Grandpa,2016,102.0,Comedy,5.9,143124,1
tt0267913,Scooby-Doo,2002,86.0,"Adventure,Comedy,Family",5.4,143119,1
tt0184894,Shanghai Noon,2000,110.0,"Action,Adventure,Comedy",6.6,143087,1
tt0453451,Mr. Bean's Holiday,2007,90.0,"Comedy,Family",6.4,142991,1
tt14138650,The Pale Blue Eye,2022,128.0,"Crime,Horror,Mystery",6.6,142949,1
tt3967856,Okja,2017,120.0,"Action,Adventure,Drama",7.3,142946,1
tt10374610,The Long Walk,2025,108.0,"Horror,Thriller",6.6,142936,1
tt15679400,Knock at the Cabin,2023,100.0,"Horror,Mystery,Thriller",6.1,142926,1
tt32642706,The Rip,2026,113.0,"Action,Crime,Drama",6.8,142860,1
tt0245574,Y tu mamá también,2001,106.0,Drama,7.7,142789,1
tt0102510,The Naked Gun 2½: The Smell of Fear,1991,85.0,"Comedy,Crime",6.9,142761,1
tt0251075,Evolution,2001,101.0,"Comedy,Sci-Fi",6.1,142759,1
tt0373051,Journey to the Center of the Earth,2008,93.0,"Action,Adventure,Family",5.8,142717,1
tt4589218,Five Nights at Freddy's,2023,109.0,"Horror,Mystery,Thriller",5.4,142542,1
tt3846674,To All the Boys I've Loved Before,2018,99.0,"Comedy,Drama,Romance",7.0,142541,1
tt2763304,T2 Trainspotting,2017,117.0,"Comedy,Crime,Drama",7.1,142466,1
tt0040897,The Treasure of the Sierra Madre,1948,126.0,"Adventure,Drama,Western",8.2,142421,1
tt4034354,Swiss Army Man,2016,97.0,"Comedy,Drama,Fantasy",6.9,142384,1
tt1234548,The Men Who Stare at Goats,2009,94.0,"Comedy,War",6.2,142312,1
tt2884206,I Origins,2014,106.0,"Drama,Mystery,Romance",7.3,142164,1
tt3488710,The Walk,2015,123.0,"Adventure,Biography,Drama",7.3,142157,1
tt8503618,Hamilton,2020,160.0,"Biography,Drama,History",8.3,142066,1
tt0309987,The Dreamers,2003,115.0,"Drama,Romance",7.1,142042,1
tt1067106,A Christmas Carol,2009,96.0,"Adventure,Animation,Comedy",6.8,142028,1
tt14998742,Rebel Moon - Part One: A Child of Fire,2023,133.0,"Action,Adventure,Drama",5.6,142027,1
tt4651520,Bad Moms,2016,100.0,Comedy,6.2,142025,1
tt2494362,Bone Tomahawk,2015,132.0,"Drama,Horror,Western",7.1,141888,1
tt1979388,The Good Dinosaur,2015,93.0,"Action,Adventure,Animation",6.7,141885,1
tt0433362,Daybreakers,2009,98.0,"Action,Horror,Sci-Fi",6.4,141843,1
tt1448755,Killer Elite,2011,116.0,"Action,Crime,Thriller",6.4,141826,1
tt0120890,Wild Things,1998,108.0,"Crime,Drama,Mystery",6.6,141766,1
tt0060827,Persona,1966,83.0,"Drama,Thriller",8.0,141764,1
tt0097351,Field of Dreams,1989,107.0,"Drama,Family,Fantasy",7.5,141692,1
tt1489887,Booksmart,2019,102.0,Comedy,7.1,141552,1
tt14205554,KPop Demon Hunters,2025,95.0,"Action,Adventure,Animation",7.4,141494,1
tt1174732,An Education,2009,100.0,Drama,7.2,141420,1
tt1038919,The Bounty Hunter,2010,110.0,"Action,Comedy,Romance",5.6,141227,1
tt0265459,One Hour Photo,2002,96.0,"Drama,Thriller",6.8,141010,1
tt1204975,Last Vegas,2013,105.0,Comedy,6.6,140751,1
tt15047880,Disclosure Day,2026,145.0,"Action,Drama,Mystery",6.4,140669,1
tt0337741,Something's Gotta Give,2003,128.0,"Comedy,Drama,Romance",6.8,140563,1
tt1528854,Daddy's Home,2015,96.0,"Comedy,Family",6.2,140411,1
tt2265171,The Raid 2,2014,150.0,"Action,Crime,Thriller",7.9,140337,1
tt26743210,How to Train Your Dragon,2025,125.0,"Action,Adventure,Comedy",7.7,140263,1
tt0120657,The 13th Warrior,1999,102.0,"Action,Adventure,History",6.6,140212,1
tt0443649,"10,000 BC",2008,109.0,"Action,Adventure,Drama",5.2,139999,1
tt0373883,Halloween,2007,109.0,Horror,6.1,139745,1
tt1937390,Nymphomaniac: Vol. I,2013,117.0,Drama,6.9,139740,1
tt0293508,The Phantom of the Opera,2004,143.0,"Drama,Musical,Romance",7.2,139511,1
tt0119303,Home Alone 3,1997,102.0,"Action,Comedy,Crime",4.6,139294,1
tt1615065,Savages,2012,131.0,"Crime,Drama,Thriller",6.4,139174,1
tt12789558,Belfast,2021,98.0,"Biography,Drama",7.2,139170,1
tt0096446,Willow,1988,126.0,"Action,Adventure,Drama",7.2,139108,1
tt0450232,16 Blocks,2006,102.0,"Action,Drama,Thriller",6.6,139100,1
tt0338564,Infernal Affairs,2002,101.0,"Crime,Drama,Mystery",8.0,139098,1
tt7599146,Sound of Freedom,2023,131.0,"Biography,Crime,Drama",7.6,139050,1
tt0365737,Syriana,2005,128.0,"Drama,Thriller",6.8,139049,1
tt1692486,Carnage,2011,80.0,"Comedy,Drama",7.1,139043,1
tt0059800,Thunderball,1965,130.0,"Action,Adventure,Thriller",6.9,138994,1
tt0074119,All the President's Men,1976,138.0,"Drama,History,Thriller",7.9,138979,1
tt1616195,J. Edgar,2011,137.0,"Biography,Drama,Romance",6.5,138866,1
tt32246771,Bring Her Back,2025,104.0,"Horror,Mystery",7.1,138818,1
tt1389072,Downsizing,2017,135.0,"Drama,Fantasy,Sci-Fi",5.8,138725,1
tt2557478,Pacific Rim: Uprising,2018,111.0,"Action,Adventure,Sci-Fi",5.6,138722,1
tt0117731,Star Trek: First Contact,1996,111.0,"Action,Adventure,Drama",7.6,138705,1
tt0455407,The Crazies,2010,101.0,Horror,6.5,138698,1
tt0113118,Friday,1995,91.0,"Comedy,Drama",7.2,138550,1
tt4438848,Neighbors 2: Sorority Rising,2016,92.0,Comedy,5.7,138529,1
tt0305357,Charlie's Angels: Full Throttle,2003,106.0,"Action,Adventure,Comedy",5.0,138488,1
tt1298649,The Watch,2012,102.0,"Comedy,Sci-Fi",5.7,138451,1
tt1172049,Demolition,2015,101.0,"Comedy,Drama",7.0,138341,1
tt8110330,Dil Bechara,2020,101.0,"Comedy,Drama,Romance",8.3,138273,1
tt1924396,The Best Offer,2013,131.0,"Crime,Drama,Mystery",7.7,138269,1
tt10298810,Lightyear,2022,106.0,"Action,Adventure,Animation",6.1,138263,1
tt4495098,Gran Turismo,2023,134.0,"Action,Adventure,Drama",7.1,138231,1
tt14539740,Godzilla X Kong: The New Empire,2024,115.0,"Action,Adventure,Fantasy",6.0,138180,1
tt12915716,Adipurush,2023,179.0,"Action,Drama",2.6,138158,1
tt0431197,The Kingdom,2007,110.0,"Action,Drama,Thriller",7.0,138017,1
tt0328880,Brother Bear,2003,85.0,"Adventure,Animation,Comedy",6.9,137989,1
tt0480687,Hall Pass,2011,105.0,"Comedy,Romance",5.9,137867,1
tt0842926,The Kids Are All Right,2010,106.0,"Comedy,Drama,Romance",7.0,137773,1
tt0402022,Æon Flux,2005,93.0,"Action,Adventure,Sci-Fi",5.4,137771,1
tt0112740,Crimson Tide,1995,116.0,"Action,Drama,Thriller",7.4,137756,1
tt0114388,Sense and Sensibility,1995,136.0,"Drama,Romance",7.7,137551,1
tt0257360,About Schmidt,2002,125.0,Drama,7.2,137382,1
tt0077402,Dawn of the Dead,1978,127.0,"Horror,Thriller",7.8,137346,1
tt10295212,Shershaah,2021,135.0,"Action,Biography,Drama",8.3,137298,1
tt1135503,Julie & Julia,2009,123.0,"Biography,Drama,Romance",7.0,137219,1
tt7401588,Instant Family,2018,118.0,"Comedy,Drama",7.3,137211,1
tt0329101,Freddy vs. Jason,2003,97.0,Horror,5.8,137207,1
tt0314353,Tears of the Sun,2003,121.0,"Action,Drama,Thriller",6.6,137190,1
tt6394270,Bombshell,2019,109.0,"Biography,Drama",6.8,137165,1
tt0071360,The Conversation,1974,113.0,"Drama,Mystery,Thriller",7.7,137154,1
tt0227538,Spy Kids,2001,88.0,"Action,Adventure,Comedy",5.7,137150,1
tt1233227,Saw VI,2009,90.0,"Horror,Mystery,Thriller",6.1,137013,1
tt2404233,Gods of Egypt,2016,127.0,"Action,Adventure,Drama",5.4,136875,1
tt1904996,Parker,2013,118.0,"Action,Crime,Thriller",6.2,136812,1
tt0256415,Sweet Home Alabama,2002,108.0,"Comedy,Romance",6.2,136739,1
tt4501244,Why Him?,2016,111.0,Comedy,6.2,136729,1
tt0268695,The Time Machine,2002,96.0,"Action,Adventure,Sci-Fi",6.0,136676,1
tt14208870,The Fabelmans,2022,151.0,"Biography,Drama",7.5,136667,1
tt0084726,Star Trek II: The Wrath of Khan,1982,113.0,"Action,Adventure,Sci-Fi",7.7,136652,1
tt2567026,Alice Through the Looking Glass,2016,113.0,"Adventure,Family,Fantasy",6.2,136620,1
tt0077975,National Lampoon's Animal House,1978,109.0,Comedy,7.4,136596,1
tt0433400,Just Friends,2005,96.0,"Comedy,Romance",6.2,136400,1
tt0190138,The Whole Nine Yards,2000,98.0,"Comedy,Crime",6.7,136314,1
tt0101410,Barton Fink,1991,116.0,"Comedy,Drama,Thriller",7.6,136303,1
tt5742374,You Were Never Really Here,2017,89.0,"Crime,Drama,Thriller",6.7,136269,1
tt0088128,Sixteen Candles,1984,93.0,"Comedy,Romance",7.0,136243,1
tt0113855,Mortal Kombat,1995,101.0,"Action,Adventure,Fantasy",5.9,136091,1
tt4849438,Baahubali 2: The Conclusion,2017,167.0,"Action,Drama",8.2,136072,1
tt6048922,Greyhound,2020,91.0,"Action,Drama,History",7.0,136066,1
tt0082010,An American Werewolf in London,1981,97.0,"Comedy,Horror",7.5,135924,1
tt0480025,This Is England,2006,101.0,"Crime,Drama",7.7,135912,1
tt1258197,Exam,2009,101.0,"Crime,Mystery,Thriller",6.7,135901,1
tt1071875,Ghost Rider: Spirit of Vengeance,2011,96.0,"Action,Adventure,Fantasy",4.4,135824,1
tt5164432,"Love, Simon",2018,110.0,"Comedy,Drama,Romance",7.5,135783,1
tt0120632,City of Angels,1998,114.0,"Drama,Fantasy,Romance",6.7,135718,1
tt1862079,Safety Not Guaranteed,2012,86.0,"Adventure,Comedy,Drama",6.9,135680,1
tt0490215,Silence,2016,161.0,"Drama,History",7.2,135643,1
tt1911644,The Call,2013,94.0,"Crime,Drama,Horror",6.7,135557,1
tt1854564,Percy Jackson: Sea of Monsters,2013,106.0,"Adventure,Family,Fantasy",5.7,135530,1
tt1524930,Vacation,2015,99.0,"Adventure,Comedy",6.2,135472,1
tt0182789,Bicentennial Man,1999,132.0,"Drama,Romance,Sci-Fi",6.9,135337,1
tt0053198,The 400 Blows,1959,99.0,"Crime,Drama",8.0,135306,1
tt0361596,Fahrenheit 9/11,2004,122.0,"Documentary,Drama,War",7.5,135301,1
tt0462590,Step Up,2006,104.0,"Crime,Drama,Music",6.5,135243,1
tt0449010,Eragon,2006,104.0,"Action,Adventure,Family",5.1,135195,1
tt0164184,The Sum of All Fears,2002,124.0,"Action,Drama,Thriller",6.5,135185,1
tt20221436,Emilia Pérez,2024,132.0,"Crime,Drama,Musical",5.3,135075,1
tt0085794,The King of Comedy,1982,109.0,"Comedy,Crime,Drama",7.8,135060,1
tt0113749,Mallrats,1995,94.0,"Comedy,Romance",7.0,135048,1
tt7068946,The Accountant 2,2025,132.0,"Action,Crime,Drama",6.6,134997,1
tt0418689,Flags of Our Fathers,2006,135.0,"Action,Adventure,Drama",7.1,134961,1
tt1590193,The Commuter,2018,104.0,"Action,Mystery,Thriller",6.3,134891,1
tt0467197,Max Payne,2008,100.0,"Action,Crime,Drama",5.3,134720,1
tt0216216,The 6th Day,2000,123.0,"Action,Mystery,Sci-Fi",6.0,134719,1
tt0313737,Two Weeks Notice,2002,101.0,"Comedy,Romance",6.2,134588,1
tt1981128,Geostorm,2017,109.0,"Action,Sci-Fi,Thriller",5.4,134512,1
tt0455824,Australia,2008,165.0,"Adventure,Drama,Romance",6.6,134202,1
tt0080487,Caddyshack,1980,98.0,"Comedy,Sport",7.2,134167,1
tt0112461,The Basketball Diaries,1995,102.0,"Biography,Crime,Drama",7.3,134036,1
tt1000774,Sex and the City,2008,145.0,"Comedy,Drama,Romance",5.7,133964,1
tt3402138,The Naked Gun,2025,85.0,"Action,Comedy,Crime",6.3,133954,1
tt1228987,Let Me In,2010,116.0,"Drama,Fantasy,Horror",7.1,133853,1
tt0317198,Bridget Jones: The Edge of Reason,2004,108.0,"Comedy,Drama,Romance",6.0,133816,1
tt4777008,Maleficent: Mistress of Evil,2019,119.0,"Adventure,Drama,Family",6.6,133799,1
tt9243804,The Green Knight,2021,130.0,"Adventure,Drama,Fantasy",6.5,133706,1
tt20215968,Hit Man,2023,115.0,"Comedy,Crime,Romance",6.8,133617,1
tt0056801,8½,1963,138.0,Drama,8.0,133515,1
tt0094862,Child's Play,1988,87.0,"Horror,Thriller",6.7,133502,1
tt1615160,The Foreigner,2017,113.0,"Action,Crime,Thriller",7.0,133451,1
tt14858658,Blink Twice,2024,102.0,"Mystery,Thriller",6.5,133436,1
tt5090568,Transformers: Rise of the Beasts,2023,127.0,"Action,Adventure,Sci-Fi",6.0,133367,1
tt0422720,Marie Antoinette,2006,123.0,"Biography,Drama,History",6.5,133342,1
tt1206543,Out of the Furnace,2013,116.0,"Crime,Drama,Thriller",6.7,133312,1
tt0327554,Catwoman,2004,104.0,"Action,Crime,Fantasy",3.5,133303,1
tt2870612,"As Above, So Below",2014,93.0,"Adventure,Horror,Mystery",6.3,133214,1
tt0289992,The Life of David Gale,2003,130.0,"Crime,Drama,Mystery",7.5,133154,1
tt0430357,Miami Vice,2006,132.0,"Action,Crime,Drama",6.1,133042,1
tt0113492,Judge Dredd,1995,96.0,"Action,Crime,Sci-Fi",5.6,132884,1
tt0397101,The Skeleton Key,2005,104.0,"Drama,Horror,Mystery",6.5,132794,1
tt0355295,The Brothers Grimm,2005,118.0,"Action,Adventure,Comedy",5.9,132754,1
tt10189514,Soorarai Pottru,2020,153.0,Drama,8.6,132643,1
tt0240890,Serendipity,2001,90.0,"Comedy,Romance",6.8,132640,1
tt0064665,Midnight Cowboy,1969,113.0,Drama,7.8,132429,1
tt0365907,A Walk Among the Tombstones,2014,114.0,"Action,Crime,Drama",6.5,132318,1
tt1025100,Gemini Man,2019,117.0,"Action,Sci-Fi,Thriller",5.7,132308,1
tt19770238,Aftersun,2022,102.0,Drama,7.6,132162,1
tt0117218,The Nutty Professor,1996,95.0,"Comedy,Romance,Sci-Fi",5.7,132102,1
tt0146838,Any Given Sunday,1999,162.0,"Drama,Sport",6.9,132031,1
tt0104694,A League of Their Own,1992,128.0,"Comedy,Drama,Sport",7.4,131975,1
tt1226837,Beautiful Boy,2018,120.0,"Biography,Drama",7.4,131891,1
tt0119395,The Jackal,1997,124.0,"Action,Crime,Drama",6.4,131880,1
tt1355630,If I Stay,2014,107.0,"Comedy,Drama,Fantasy",6.7,131751,1
tt0817230,Valentine's Day,2010,125.0,"Comedy,Romance",5.8,131710,1
tt0218967,The Family Man,2000,125.0,"Comedy,Drama,Fantasy",6.9,131655,1
tt0162346,Ghost World,2001,111.0,"Comedy,Drama",7.3,131634,1
tt0250687,Rat Race,2001,112.0,"Action,Adventure,Comedy",6.5,131531,1
tt0435651,The Giver,2014,97.0,"Drama,Romance,Sci-Fi",6.4,131400,1
tt0203019,Men of Honor,2000,129.0,"Biography,Drama",7.2,131332,1
tt10370710,The Worst Person in the World,2021,128.0,"Comedy,Drama,Romance",7.7,131317,1
tt0472062,Charlie Wilson's War,2007,102.0,"Biography,Comedy,Drama",7.0,131201,1
tt0129290,Patch Adams,1998,115.0,"Biography,Comedy,Drama",6.9,131162,1
tt0460791,The Fall,2006,117.0,"Adventure,Drama,Fantasy",7.8,130930,1
tt0116705,Jingle All the Way,1996,89.0,"Adventure,Comedy,Family",5.8,130921,1
tt2400463,The Invitation,2015,100.0,"Drama,Horror,Mystery",6.6,130834,1
tt0085959,Monty Python's the Meaning of Life,1983,107.0,"Comedy,Musical",7.5,130671,1
tt0099871,Jacob's Ladder,1990,113.0,"Drama,Horror,Mystery",7.4,130531,1
tt0822847,Priest,2011,87.0,"Action,Fantasy,Horror",5.7,130500,1
tt14905854,Hamnet,2025,125.0,"Biography,Drama,History",7.8,130494,1
tt0137494,Entrapment,1999,113.0,"Action,Crime,Romance",6.3,130458,1
tt0169102,Lagaan: Once Upon a Time in India,2001,224.0,"Drama,Musical,Sport",8.1,130303,4
tt1408253,Ride Along,2014,99.0,"Action,Comedy,Crime",6.1,130300,1
tt0031679,Mr. Smith Goes to Washington,1939,129.0,"Comedy,Drama",8.1,130247,1
tt27403986,Juror #2,2024,114.0,"Crime,Drama,Mystery",7.0,130097,1
tt3195644,Insidious: Chapter 3,2015,97.0,"Horror,Mystery,Thriller",6.1,130028,1
tt0421073,Street Kings,2008,109.0,"Action,Crime,Thriller",6.8,129965,1
tt8721424,"tick, tick... BOOM!",2021,115.0,"Biography,Comedy,Drama",7.5,129831,1
tt0068473,Deliverance,1972,109.0,"Adventure,Drama,Thriller",7.6,129819,1
tt1524137,Contraband,2012,109.0,"Action,Adventure,Crime",6.4,129644,1
tt8613070,Portrait of a Lady on Fire,2019,122.0,"Drama,Romance",8.0,129582,1
tt0096061,Scrooged,1988,101.0,"Comedy,Drama,Fantasy",6.9,129505,1
tt2139881,Long Shot,2019,125.0,"Comedy,Romance",6.8,129476,1
tt11233960,The Unforgivable,2021,112.0,"Crime,Drama,Mystery",7.2,129473,1
tt0085995,National Lampoon's Vacation,1983,98.0,"Adventure,Comedy",7.3,129444,1
tt0110622,Naked Gun 33 1/3: The Final Insult,1994,83.0,"Comedy,Crime",6.5,129411,1
tt13622970,Moana 2,2024,100.0,"Adventure,Animation,Comedy",6.3,129397,1
tt0070379,Mean Streets,1973,112.0,"Crime,Drama,Thriller",7.1,129373,1
tt0105112,Patriot Games,1992,117.0,"Action,Thriller",6.8,129283,1
tt1821549,Nebraska,2013,115.0,Drama,7.7,129249,1
tt0015864,The Gold Rush,1925,95.0,"Adventure,Comedy,Drama",8.1,128924,1
tt2404311,The Family,2013,111.0,"Comedy,Crime,Thriller",6.3,128857,1
tt0795368,Death at a Funeral,2007,90.0,Comedy,7.3,128797,1
tt0055614,West Side Story,1961,153.0,"Crime,Drama,Musical",7.6,128521,1
tt0062512,You Only Live Twice,1967,117.0,"Action,Adventure,Thriller",6.8,128505,1
tt0486946,Wild Hogs,2007,100.0,"Action,Adventure,Comedy",5.9,128501,1
tt0095647,Mississippi Burning,1988,128.0,"Crime,Drama,Mystery",7.8,128462,1
tt0200550,Coyote Ugly,2000,100.0,"Comedy,Drama,Music",5.8,128440,1
tt0223897,Pay It Forward,2000,123.0,Drama,7.2,128237,1
tt0091605,The Name of the Rose,1986,130.0,"Drama,Mystery,Thriller",7.7,128190,1
tt0277371,Not Another Teen Movie,2001,89.0,"Comedy,Romance",5.8,128151,1
tt14209916,Cocaine Bear,2023,95.0,"Comedy,Crime,Thriller",5.9,128149,1
tt1023114,The Way Back,2010,133.0,"Adventure,Drama,History",7.3,128147,1
tt0114924,While You Were Sleeping,1995,103.0,"Comedy,Drama,Romance",6.8,128125,1
tt1179034,From Paris with Love,2010,92.0,"Action,Crime,Thriller",6.4,128026,1
tt0425123,Just Like Heaven,2005,95.0,"Comedy,Drama,Fantasy",6.7,127938,1
tt4686844,The Death of Stalin,2017,107.0,"Comedy,Drama,History",7.3,127894,1
tt0406375,Zathura: A Space Adventure,2005,101.0,"Action,Adventure,Comedy",6.3,127783,1
tt0758746,Friday the 13th,2009,97.0,"Horror,Mystery,Thriller",5.5,127761,1
tt2381991,The Huntsman: Winter's War,2016,114.0,"Action,Adventure,Drama",6.1,127710,1
tt1201167,Funny People,2009,146.0,"Comedy,Drama",6.3,127709,1
tt0467200,The Other Boleyn Girl,2008,115.0,"Biography,Drama,History",6.7,127657,1
tt0061418,Bonnie and Clyde,1967,111.0,"Action,Biography,Crime",7.7,127499,1
tt2304933,The 5th Wave,2016,112.0,"Action,Adventure,Sci-Fi",5.2,127400,1
tt1142977,Frankenweenie,2012,87.0,"Animation,Comedy,Drama",6.9,127354,1
tt1860353,Turbo,2013,96.0,"Adventure,Animation,Comedy",6.4,127233,1
tt0970866,Little Fockers,2010,98.0,"Comedy,Romance",5.5,127229,1
tt0405508,Rang De Basanti,2006,167.0,"Comedy,Crime,Drama",8.1,127228,1
tt0097493,Heathers,1989,103.0,"Comedy,Crime",7.1,127189,1
tt1985966,Cloudy with a Chance of Meatballs 2,2013,95.0,"Adventure,Animation,Comedy",6.3,127184,1
tt10633456,Minari,2020,115.0,Drama,7.4,127090,1
tt0104348,Glengarry Glen Ross,1992,100.0,"Crime,Drama,Mystery",7.6,126949,1
tt0118615,Anaconda,1997,89.0,"Action,Adventure,Horror",5.0,126841,1
tt0065421,The Aristocats,1970,78.0,"Adventure,Animation,Comedy",7.1,126473,1
tt4731136,A Cure for Wellness,2016,146.0,"Drama,Fantasy,Horror",6.4,126354,1
tt0076752,The Spy Who Loved Me,1977,125.0,"Action,Adventure,Thriller",7.0,126332,1
tt0907657,Once,2006,86.0,"Drama,Music,Musical",7.8,126307,1
tt8267604,Capernaum,2018,126.0,Drama,8.4,126294,1
tt2671706,Fences,2016,139.0,Drama,7.2,126257,1
tt1114740,Paul Blart: Mall Cop,2009,91.0,"Action,Comedy,Crime",5.3,126182,1
tt0083929,Fast Times at Ridgemont High,1982,90.0,"Comedy,Drama",7.1,126034,1
tt0213847,Malena,2000,108.0,"Drama,Romance,War",7.4,126010,1
tt0102059,Hot Shots!,1991,85.0,"Action,Comedy",6.7,125927,1
tt14641788,Enola Holmes 2,2022,129.0,"Action,Adventure,Crime",6.8,125841,1
tt0156887,Perfect Blue,1997,82.0,"Animation,Crime,Drama",8.0,125835,1
tt0097216,Do the Right Thing,1989,120.0,"Comedy,Drama",7.9,125823,1
tt0110478,Maverick,1994,127.0,"Action,Adventure,Comedy",7.0,125796,1
tt0091251,Come and See,1985,142.0,"Drama,Thriller,War",8.3,125746,1
tt0070328,Live and Let Die,1973,121.0,"Action,Adventure,Thriller",6.7,125740,1
tt0096969,Born on the Fourth of July,1989,145.0,"Biography,Drama,War",7.2,125692,1
tt1656190,Safe,2012,94.0,"Action,Crime,Thriller",6.5,125480,1
tt0050986,Wild Strawberries,1957,92.0,"Drama,Romance",8.1,125468,1
tt14846026,Sisu,2022,91.0,"Action,Thriller,War",6.9,125397,1
tt0366627,The Jacket,2005,103.0,"Drama,Fantasy,Mystery",7.1,125374,1
tt0090555,Crocodile Dundee,1986,97.0,"Adventure,Comedy",6.7,125252,1
tt0116213,Eraser,1996,115.0,"Action,Crime,Thriller",6.2,125107,1
tt0098084,Pet Sematary,1989,103.0,"Fantasy,Horror,Thriller",6.5,125098,1
tt0901476,Bride Wars,2009,89.0,"Comedy,Romance",5.5,124992,1
tt0168629,Dancer in the Dark,2000,135.0,"Crime,Drama,Musical",7.9,124887,1
tt0419706,Doom,2005,102.0,"Action,Horror,Sci-Fi",5.2,124835,1
tt0186151,Frequency,2000,118.0,"Crime,Drama,Mystery",7.4,124691,1
tt0081573,Superman II,1980,127.0,"Action,Adventure,Sci-Fi",6.8,124597,1
tt0106611,Cool Runnings,1993,98.0,"Adventure,Comedy,Family",7.0,124590,1
tt1379182,Dogtooth,2009,97.0,"Drama,Thriller",7.1,124583,1
tt0088930,Clue,1985,94.0,"Comedy,Crime,Mystery",7.3,124560,1
tt1067583,Water for Elephants,2011,120.0,"Drama,Romance",6.9,124485,1
tt0106220,Addams Family Values,1993,94.0,"Comedy,Fantasy",6.9,124362,1
tt0097239,Driving Miss Daisy,1989,99.0,"Comedy,Drama",7.3,124347,1
tt0066995,Diamonds Are Forever,1971,120.0,"Action,Adventure,Thriller",6.5,124308,1
tt1327773,The Butler,2013,132.0,"Biography,Drama",7.2,124302,1
tt4225622,The Babysitter,2017,85.0,"Comedy,Horror",6.4,124289,1
tt0115433,101 Dalmatians,1996,103.0,"Adventure,Comedy,Crime",5.8,124274,1
tt0107206,In the Line of Fire,1993,128.0,"Action,Crime,Drama",7.2,124239,1
tt0348836,Gothika,2003,98.0,"Horror,Mystery,Thriller",5.8,124155,1
tt0286499,Bend It Like Beckham,2002,112.0,"Comedy,Drama,Romance",6.7,124147,1
tt0013442,Nosferatu,1922,95.0,"Fantasy,Horror",7.8,124146,1
tt6189022,Angel Has Fallen,2019,121.0,"Action,Thriller",6.4,124032,1
tt1188996,My Name Is Khan,2010,165.0,"Drama,Romance",7.9,123960,1
tt1956620,Sex Tape,2014,94.0,"Comedy,Romance",5.1,123822,1
tt1602613,Only God Forgives,2013,90.0,"Action,Crime,Drama",5.7,123701,1
tt1307068,Seeking a Friend for the End of the World,2012,101.0,"Adventure,Comedy,Drama",6.7,123681,1
tt0368008,The Manchurian Candidate,2004,129.0,"Drama,Mystery,Sci-Fi",6.6,123615,1
tt0084805,Tootsie,1982,116.0,"Comedy,Drama,Romance",7.4,123589,1
tt0292963,Before the Devil Knows You're Dead,2007,117.0,"Crime,Drama,Thriller",7.3,123589,1
tt0146675,End of Days,1999,122.0,"Action,Fantasy,Horror",5.8,123498,1
tt1921064,Pompeii,2014,105.0,"Action,Adventure,Drama",5.5,123373,1
tt0064276,Easy Rider,1969,95.0,"Adventure,Drama",7.2,123323,1
tt27489557,Abigail,2024,109.0,"Action,Comedy,Crime",6.5,123295,1
tt1232200,That's My Boy,2012,116.0,"Comedy,Drama",5.6,123293,1
tt0384806,The Amityville Horror,2005,90.0,Horror,5.9,123235,1
tt0396555,Meet the Robinsons,2007,95.0,"Adventure,Animation,Comedy",6.8,123195,1
tt4572514,Patriots Day,2016,133.0,"Action,Crime,Drama",7.3,123078,1
tt9071322,Dark Waters,2019,126.0,"Biography,Drama,History",7.6,123026,1
tt1450321,Filth,2013,97.0,"Action,Comedy,Crime",7.0,122962,1
tt1547234,Premium Rush,2012,91.0,"Action,Thriller",6.5,122928,1
tt0071807,The Man with the Golden Gun,1974,125.0,"Action,Adventure,Thriller",6.7,122861,1
tt0390384,Primer,2004,77.0,"Drama,Sci-Fi,Thriller",6.7,122824,1
tt4465564,Fifty Shades Darker,2017,118.0,"Drama,Mystery,Romance",4.6,122802,1
tt0086567,WarGames,1983,114.0,"Action,Drama,Sci-Fi",7.1,122787,1
tt3811906,Malignant,2021,111.0,"Crime,Horror,Mystery",6.2,122701,1
tt32141377,28 Years Later: The Bone Temple,2026,109.0,"Horror,Sci-Fi,Thriller",7.2,122670,1
tt2224026,Home,2015,94.0,"Adventure,Animation,Comedy",6.5,122656,1
tt1063669,The Wave,2008,107.0,"Drama,Thriller",7.6,122616,1
tt1315981,A Single Man,2009,99.0,"Drama,Romance,Thriller",7.5,122605,1
tt6911608,Mamma Mia! Here We Go Again,2018,114.0,"Comedy,Musical,Romance",6.6,122580,1
tt0098554,Uncle Buck,1989,100.0,Comedy,7.1,122522,1
tt7752126,Brightburn,2019,90.0,"Drama,Fantasy,Horror",6.1,122502,1
tt0404203,Little Children,2006,137.0,"Drama,Romance",7.5,122481,1
tt0405296,A Scanner Darkly,2006,100.0,"Animation,Comedy,Crime",7.0,122422,1
tt0313542,Runaway Jury,2003,127.0,"Crime,Drama,Thriller",7.1,122410,1
tt12003946,Violent Night,2022,112.0,"Action,Comedy,Thriller",6.7,122350,1
tt1517260,The Host,2013,125.0,"Action,Adventure,Drama",5.8,122341,1
tt2548396,The Cloverfield Paradox,2018,102.0,"Horror,Sci-Fi,Thriller",5.5,122321,1
tt1397514,Journey 2: The Mysterious Island,2012,94.0,"Action,Adventure,Comedy",5.7,122265,1
tt0367959,Hannibal Rising,2007,121.0,"Adventure,Crime,Drama",6.1,122232,1
tt31868189,Happy Gilmore 2,2025,114.0,"Comedy,Sport",6.1,122195,1
tt1029234,Martyrs,2008,99.0,Horror,7.0,122192,1
tt1702439,Safe Haven,2013,115.0,"Drama,Romance,Thriller",6.7,122148,1
tt1078940,Couples Retreat,2009,113.0,Comedy,5.6,122114,1
tt0236493,The Mexican,2001,123.0,"Adventure,Comedy,Drama",6.1,122002,1
tt32376165,A House of Dynamite,2025,112.0,"Drama,Thriller",6.4,121992,1
tt13452446,Damsel,2024,110.0,"Action,Adventure,Fantasy",6.1,121867,1
tt0102266,The Last Boy Scout,1991,105.0,"Action,Comedy,Crime",7.0,121758,1
tt0929632,Precious,2009,110.0,Drama,7.3,121744,1
tt0097742,Licence to Kill,1989,133.0,"Action,Adventure,Thriller",6.7,121525,1
tt11563598,A Complete Unknown,2024,141.0,"Biography,Drama,Music",7.3,121512,1
tt0120889,What Dreams May Come,1998,113.0,"Drama,Fantasy,Romance",7.0,121508,1
tt14107334,The Running Man,2025,133.0,"Action,Adventure,Sci-Fi",6.3,121363,1
tt1924429,Trance,2013,101.0,"Crime,Drama,Mystery",6.9,121359,1
tt0283111,Van Wilder,2002,92.0,"Comedy,Romance",6.4,121341,1
tt21064584,The Iron Claw,2023,132.0,"Biography,Drama,Sport",7.5,121316,1
tt1682180,Stoker,2013,99.0,"Drama,Mystery,Thriller",6.7,121310,1
tt1333125,Movie 43,2013,94.0,Comedy,4.4,121307,1
tt0070034,Enter the Dragon,1973,99.0,"Action,Crime,Thriller",7.6,121277,1
tt11358390,Renfield,2023,93.0,"Action,Comedy,Fantasy",6.4,121174,1
tt3381008,The Brothers Grimsby,2016,83.0,"Action,Adventure,Comedy",6.2,121137,1
tt0120873,U.S. Marshals,1998,131.0,"Action,Crime,Thriller",6.6,121100,1
tt1131729,Pirate Radio,2009,117.0,"Comedy,Drama,Music",7.3,121079,1
tt0243133,The Man Who Wasn't There,2001,116.0,"Crime,Drama",7.5,121075,1
tt0287467,Talk to Her,2002,112.0,"Drama,Mystery,Romance",7.9,121030,1
tt9663764,Aquaman and the Lost Kingdom,2023,124.0,"Action,Adventure,Fantasy",5.6,121030,1
tt4364194,The Peanut Butter Falcon,2019,97.0,"Adventure,Comedy,Drama",7.6,120937,1
tt1038686,Legion,2010,100.0,"Action,Fantasy,Horror",5.3,120911,1
tt1206885,Rambo: Last Blood,2019,89.0,"Action,Crime,Thriller",6.1,120872,1
tt0086034,Octopussy,1983,131.0,"Action,Adventure,Thriller",6.5,120871,1
tt0861739,Elite Squad,2007,115.0,"Action,Crime,Drama",8.0,120809,1
tt8385148,Hitman's Wife's Bodyguard,2021,100.0,"Action,Comedy,Crime",6.1,120755,1
tt0080120,The Warriors,1979,93.0,"Action,Crime,Thriller",7.5,120647,1
tt0119164,The Full Monty,1997,91.0,"Comedy,Drama",7.2,120640,1
tt0093389,The Last Emperor,1987,163.0,"Biography,Drama,History",7.7,120630,1
tt0098439,Tango & Cash,1989,104.0,"Action,Comedy,Crime",6.4,120608,1
tt1985949,The Angry Birds Movie,2016,97.0,"Action,Adventure,Animation",6.3,120519,1
tt0138749,The Road to El Dorado,2000,89.0,"Adventure,Animation,Comedy",6.9,120414,1
tt1791528,Inherent Vice,2014,148.0,"Comedy,Crime,Drama",6.6,120411,1
tt2199571,Run All Night,2015,114.0,"Action,Crime,Thriller",6.6,120411,1
tt0025316,It Happened One Night,1934,105.0,"Comedy,Romance",8.1,120385,1
tt1438176,Fright Night,2011,106.0,"Action,Comedy,Drama",6.4,120344,1
tt0115963,The Craft,1996,101.0,"Drama,Fantasy,Horror",6.5,120336,1
tt1853739,You're Next,2011,95.0,"Drama,Horror,Mystery",6.6,120308,1
tt0185431,Little Nicky,2000,90.0,"Comedy,Fantasy",5.3,120281,1
tt0365830,Tenacious D in the Pick of Destiny,2006,94.0,"Adventure,Comedy,Music",6.8,120248,1
tt0385004,House of Flying Daggers,2004,119.0,"Action,Adventure,Drama",7.5,120247,1
tt0247745,Super Troopers,2001,100.0,"Comedy,Crime,Mystery",7.0,120224,1
tt0436697,The Queen,2006,103.0,"Biography,Drama",7.3,120085,1
tt0099700,Gremlins 2: The New Batch,1990,106.0,"Comedy,Fantasy,Horror",6.5,120083,1
tt0230030,Bedazzled,2000,93.0,"Comedy,Fantasy",6.1,120072,1
tt1486185,Red Riding Hood,2011,100.0,"Fantasy,Horror,Mystery",5.4,120050,1
tt4094724,The Purge: Election Year,2016,108.0,"Action,Horror,Sci-Fi",6.0,120016,1
tt0465580,Push,2009,111.0,"Action,Sci-Fi,Thriller",6.1,120004,1
tt0790686,Mirrors,2008,110.0,"Horror,Mystery",6.1,119977,1
tt3717490,Power Rangers,2017,124.0,"Action,Adventure,Fantasy",5.9,119925,1
tt0159273,Behind Enemy Lines,2001,106.0,"Action,Drama,Thriller",6.4,119913,1
tt1477076,Saw 3D,2010,90.0,"Horror,Mystery",5.5,119724,1
tt0105665,Twin Peaks: Fire Walk with Me,1992,134.0,"Drama,Horror,Mystery",7.3,119523,1
tt0105417,Sister Act,1992,100.0,"Comedy,Family,Music",6.6,119490,1
tt0044081,A Streetcar Named Desire,1951,122.0,Drama,7.9,119384,1
tt0338337,Paycheck,2003,119.0,"Action,Mystery,Sci-Fi",6.3,119144,1
tt9362930,Blue Beetle,2023,127.0,"Action,Adventure,Sci-Fi",5.9,119028,1
tt0108394,Three Colors: Blue,1993,98.0,"Drama,Music,Mystery",7.8,118999,1
tt1327194,The Lucky One,2012,101.0,"Drama,Mystery,Romance",6.4,118967,1
tt0288477,Ghost Ship,2002,91.0,"Horror,Mystery,Thriller",5.6,118914,1
tt12412888,Sonic the Hedgehog 2,2022,122.0,"Action,Adventure,Comedy",6.5,118898,1
tt1568921,The Secret World of Arrietty,2010,94.0,"Adventure,Animation,Drama",7.6,118697,1
tt0079574,Moonraker,1979,126.0,"Action,Adventure,Sci-Fi",6.3,118602,1
tt1623288,ParaNorman,2012,92.0,"Adventure,Animation,Comedy",7.0,118452,1
tt0104652,Porco Rosso,1992,94.0,"Adventure,Animation,Comedy",7.7,118264,1
tt0115685,The Birdcage,1996,117.0,Comedy,7.3,118250,1
tt0300471,Shanghai Knights,2003,114.0,"Action,Adventure,Comedy",6.2,118239,1
tt0780653,The Wolfman,2010,103.0,"Drama,Fantasy,Horror",5.9,118219,1
tt0889573,The Switch,2010,101.0,"Comedy,Drama,Romance",6.1,118131,1
tt0445922,Across the Universe,2007,133.0,"Drama,Fantasy,History",7.3,118111,1
tt0120184,Sphere,1998,134.0,"Mystery,Sci-Fi,Thriller",6.1,118050,1
tt15327088,Kantara,2022,148.0,"Action,Adventure,Drama",8.1,117834,1
tt8108198,Andhadhun,2018,139.0,"Comedy,Crime,Mystery",8.2,117782,1
tt1911658,Penguins of Madagascar,2014,92.0,"Action,Adventure,Animation",6.7,117687,1
tt1433108,Faster,2010,98.0,"Action,Crime,Drama",6.4,117661,1
tt1386932,Ip Man 2,2010,108.0,"Action,Biography,Drama",7.5,117615,1
tt11057302,Madame Web,2024,116.0,"Action,Thriller",4.1,117604,1
tt0109444,Clear and Present Danger,1994,141.0,"Action,Crime,Drama",6.9,117574,1
tt13751694,Animal,2023,204.0,"Action,Crime,Drama",6.2,117534,4
tt0409182,Poseidon,2006,98.0,"Action,Adventure,Thriller",5.7,117459,1
tt1618442,The Last Witch Hunter,2015,106.0,"Action,Adventure,Fantasy",5.9,117428,1
tt0113101,Four Rooms,1995,98.0,Comedy,6.7,117414,1
tt0082398,For Your Eyes Only,1981,127.0,"Action,Adventure,Thriller",6.7,117368,1
tt4530422,Overlord,2018,110.0,"Action,Horror,Sci-Fi",6.6,117345,1
tt1007029,The Iron Lady,2011,105.0,"Biography,Drama",6.4,117323,1
tt1216492,Leap Year,2010,100.0,"Comedy,Romance",6.5,117289,1
tt0462504,Rescue Dawn,2006,125.0,"Adventure,Biography,War",7.2,117236,1
tt0118689,Bean,1997,89.0,"Adventure,Comedy,Family",6.5,117200,1
tt0108037,The Sandlot,1993,101.0,"Comedy,Drama,Family",7.8,117194,1
tt0044706,High Noon,1952,85.0,"Drama,Thriller,Western",7.9,117172,1
tt0427152,Dinner for Schmucks,2010,114.0,Comedy,5.9,117111,1
tt1675192,Take Shelter,2011,120.0,"Drama,Thriller",7.3,117023,1
tt0298814,The Core,2003,135.0,"Action,Adventure,Sci-Fi",5.5,116996,1
tt0056193,Lolita,1962,153.0,"Crime,Drama,Romance",7.5,116881,1
tt0340163,Hostage,2005,113.0,"Action,Crime,Drama",6.5,116724,1
tt0118887,Cop Land,1997,105.0,"Crime,Drama,Thriller",7.0,116704,1
tt0111495,Three Colors: Red,1994,99.0,"Drama,Mystery,Romance",8.0,116642,1
tt3605418,Knock Knock,2015,99.0,"Crime,Thriller",4.9,116605,1
tt1714915,Only Lovers Left Alive,2013,123.0,"Comedy,Drama,Fantasy",7.2,116447,1
tt1536044,Paranormal Activity 2,2010,91.0,"Horror,Mystery",5.7,116400,1
tt1509767,The Three Musketeers,2011,110.0,"Action,Adventure,Fantasy",5.7,116322,1
tt0076786,Suspiria,1977,92.0,Horror,7.3,116285,1
tt0870111,Frost/Nixon,2008,122.0,"Biography,Drama,History",7.6,116279,1
tt0349205,Cheaper by the Dozen,2003,98.0,"Comedy,Family",5.9,116234,1
tt0373926,The Interpreter,2005,128.0,"Crime,Mystery,Thriller",6.4,116201,1
tt1478964,Attack the Block,2011,88.0,"Action,Adventure,Comedy",6.6,116180,1
tt6277462,Brahmastra Part One: Shiva,2022,167.0,"Action,Adventure,Fantasy",5.6,116130,1
tt4919268,Bad Boys: Ride or Die,2024,115.0,"Action,Adventure,Comedy",6.5,116040,1
tt0475276,United 93,2006,111.0,"Action,Drama,History",7.6,116019,1
tt9784798,Judas and the Black Messiah,2021,126.0,"Biography,Crime,Drama",7.4,115986,1
tt4332232,Fractured,2019,99.0,"Drama,Mystery,Thriller",6.5,115972,1
tt31434639,Warfare,2025,95.0,"Action,Drama,War",7.1,115943,1
tt1179056,A Nightmare on Elm Street,2010,95.0,"Crime,Drama,Horror",5.2,115802,1
tt4468740,Paddington 2,2017,103.0,"Adventure,Comedy,Family",7.8,115793,1
tt0209958,The Cell,2000,107.0,"Crime,Horror,Sci-Fi",6.4,115660,1
tt0093428,The Living Daylights,1987,130.0,"Action,Adventure,Thriller",6.7,115619,1
tt0120902,The X Files,1998,121.0,"Adventure,Drama,Mystery",7.0,115548,1
tt0386140,The Legend of Zorro,2005,129.0,"Action,Adventure,Drama",6.0,115495,1
tt0204946,Bring It On,2000,98.0,"Comedy,Romance,Sport",6.2,115485,1
tt0390521,Super Size Me,2004,100.0,Documentary,7.2,115483,1
tt0400717,Open Season,2006,86.0,"Adventure,Animation,Comedy",6.1,115452,1
tt0052311,Touch of Evil,1958,95.0,"Crime,Drama,Film-Noir",7.9,115437,1
tt0057546,The Sword in the Stone,1963,79.0,"Adventure,Animation,Comedy",7.1,115435,1
tt1657507,Colombiana,2011,108.0,"Action,Crime,Drama",6.4,115404,1
tt1954470,Gangs of Wasseypur,2012,321.0,"Action,Comedy,Crime",8.2,115367,4
tt0892318,Letters to Juliet,2010,105.0,"Adventure,Comedy,Drama",6.5,115323,1
tt2980592,The Guest,2014,100.0,"Action,Mystery,Thriller",6.7,115214,1
tt5834426,Moonfall,2022,130.0,"Action,Adventure,Sci-Fi",5.2,115208,1
tt0851578,Paprika,2006,90.0,"Animation,Drama,Fantasy",7.7,115179,1
tt0426931,August Rush,2007,114.0,"Drama,Music",7.4,115153,1
tt0118883,Conspiracy Theory,1997,135.0,"Action,Crime,Drama",6.7,115148,1
tt1567609,Get the Gringo,2012,96.0,"Action,Drama,Thriller",6.9,115141,1
tt0848537,Epic,2013,102.0,"Action,Adventure,Animation",6.6,115119,1
tt0862856,Trick 'r Treat,2007,82.0,"Comedy,Horror",6.7,115118,1
tt0090329,Witness,1985,112.0,"Crime,Drama,Romance",7.3,115112,1
tt4633690,Shot Caller,2017,121.0,"Crime,Drama,Thriller",7.3,115103,1
tt2709692,The Grinch,2018,86.0,"Animation,Comedy,Family",6.4,115051,1
tt8633478,Run,2020,90.0,"Drama,Horror,Mystery",6.7,114858,1
tt0879870,Eat Pray Love,2010,133.0,"Biography,Comedy,Drama",5.9,114846,1
tt0086979,Blood Simple,1984,99.0,"Crime,Drama,Thriller",7.5,114839,1
tt2013293,The Wind Rises,2013,126.0,"Animation,Biography,Drama",7.8,114792,1
tt1860242,The Highwaymen,2019,132.0,"Biography,Crime,Drama",6.9,114747,1
tt15940132,War Machine,2026,106.0,"Action,Sci-Fi,Thriller",6.3,114708,1
tt0114214,The Quick and the Dead,1995,108.0,"Action,Drama,Romance",6.5,114570,1
tt1053424,Repo Men,2010,111.0,"Action,Sci-Fi,Thriller",6.3,114552,1
tt0120907,eXistenZ,1999,97.0,"Horror,Mystery,Sci-Fi",6.8,114494,1
tt0393109,Brick,2005,110.0,"Crime,Drama,Mystery",7.1,114477,1
tt4998632,Ambulance,2022,136.0,"Action,Adventure,Crime",6.1,114467,1
tt29567915,Nuremberg,2025,148.0,"Biography,Drama,History",7.3,114432,1
tt0160862,She's All That,1999,95.0,"Comedy,Romance",6.0,114405,1
tt2170593,St. Vincent,2014,102.0,"Comedy,Drama",7.2,114292,1
tt0799949,Epic Movie,2007,86.0,"Adventure,Comedy,Fantasy",2.5,114239,1
tt0086541,Videodrome,1983,87.0,"Drama,Horror,Sci-Fi",7.2,114179,1
tt0865556,The Forbidden Kingdom,2008,104.0,"Action,Adventure,Fantasy",6.5,113984,1
tt0452702,Vacancy,2007,85.0,"Horror,Thriller",6.2,113940,1
tt0066206,Patton,1970,172.0,"Biography,Drama,War",7.9,113939,1
tt0351977,Walking Tall,2004,86.0,"Action,Crime",6.2,113904,1
tt0154506,Following,1998,70.0,"Crime,Mystery,Thriller",7.4,113823,1
tt0348333,Waiting...,2005,94.0,Comedy,6.7,113815,1
tt29768334,Train Dreams,2025,102.0,Drama,7.5,113786,1
tt0090264,A View to a Kill,1985,131.0,"Action,Adventure,Thriller",6.3,113745,1
tt1396218,Mr. Popper's Penguins,2011,94.0,"Comedy,Family,Fantasy",6.0,113687,1
tt5503686,Hustlers,2019,110.0,"Comedy,Crime,Drama",6.3,113650,1
tt1073498,Meet the Spartans,2008,87.0,"Comedy,Fantasy",2.8,113583,1
tt0441909,Volver,2006,121.0,"Comedy,Drama",7.6,113524,1
tt1683526,Detachment,2011,98.0,Drama,7.7,113443,1
tt0100758,Teenage Mutant Ninja Turtles,1990,93.0,"Action,Adventure,Comedy",6.8,113413,1
tt0098206,Road House,1989,114.0,"Action,Thriller",6.7,113345,1
tt3420504,Finch,2021,115.0,"Adventure,Drama,Sci-Fi",6.9,113312,1
tt0038787,Notorious,1946,102.0,"Drama,Film-Noir,Mystery",7.9,113292,1
tt2481498,"Extremely Wicked, Shockingly Evil and Vile",2019,110.0,"Biography,Crime,Drama",6.7,113288,1
tt0109424,Chungking Express,1994,102.0,"Comedy,Crime,Drama",7.9,113204,1
tt0401383,The Diving Bell and the Butterfly,2007,112.0,"Biography,Drama",8.0,113144,1
tt0343737,The Good Shepherd,2006,167.0,"Drama,History,Thriller",6.7,113097,1
tt3863552,Bajrangi Bhaijaan,2015,163.0,"Adventure,Comedy,Drama",8.1,113081,1
tt33071426,The Drama,2026,105.0,"Comedy,Drama,Romance",7.1,113066,1
tt2357291,Rio 2,2014,101.0,"Adventure,Animation,Comedy",6.3,113059,1
tt0082495,Halloween II,1981,92.0,Horror,6.5,113027,1
tt5813916,The Mountain II,2016,135.0,"Action,Drama,War",8.1,113008,1
tt0335245,The Ladykillers,2004,104.0,"Comedy,Crime,Thriller",6.2,113004,1
tt0088011,Romancing the Stone,1984,106.0,"Action,Adventure,Comedy",6.9,112953,1
tt1781769,Anna Karenina,2012,129.0,"Drama,Romance",6.6,112851,1
tt0132477,October Sky,1999,108.0,"Biography,Drama,Family",7.8,112849,1
tt7985704,Operation Fortune: Ruse de Guerre,2023,114.0,"Action,Adventure,Comedy",6.3,112759,1
tt7838252,K.G.F: Chapter 1,2018,154.0,"Action,Crime,Drama",8.1,112750,1
tt2241351,Money Monster,2016,98.0,"Action,Crime,Drama",6.5,112666,1
tt0345950,The SpongeBob SquarePants Movie,2004,87.0,"Adventure,Animation,Comedy",7.2,112643,1
tt0093010,Fatal Attraction,1987,119.0,"Drama,Thriller",6.9,112620,1
tt0100935,Wild at Heart,1990,125.0,"Crime,Drama,Thriller",7.2,112619,1
tt0342258,Unleashed,2005,103.0,"Action,Crime,Thriller",7.0,112602,1
tt0480255,The Losers,2010,97.0,"Action,Adventure,Comedy",6.2,112499,1
tt0386117,Where the Wild Things Are,2009,101.0,"Adventure,Drama,Family",6.7,112490,1
tt1571222,A Dangerous Method,2011,99.0,"Biography,Drama,Romance",6.4,112484,1
tt15354916,Jawan,2023,169.0,"Action,Crime,Drama",6.9,112450,1
tt3622592,Paper Towns,2015,109.0,"Adventure,Comedy,Drama",6.2,112183,1
tt0426883,Alpha Dog,2006,122.0,"Biography,Crime,Drama",6.9,112182,1
tt0104797,Malcolm X,1992,202.0,"Biography,Drama,History",7.7,112177,4
tt1023111,Never Back Down,2008,113.0,"Action,Drama,Sport",6.6,112167,1
tt1020530,Eden Lake,2008,91.0,"Horror,Thriller",6.7,112153,1
tt1614989,Headhunters,2011,100.0,"Action,Crime,Thriller",7.5,112144,1
tt0032455,Fantasia,1940,124.0,"Animation,Family,Fantasy",7.7,112080,1
tt0126886,Election,1999,103.0,"Comedy,Romance",7.2,112071,1
tt1974419,The Neon Demon,2016,117.0,"Horror,Thriller",6.1,112045,1
tt0758766,Music and Lyrics,2007,104.0,"Comedy,Music,Romance",6.5,111945,1
tt6566576,Fear Street: Part One - 1994,2021,107.0,"Drama,Horror,Mystery",6.2,111830,1
tt1622547,30 Minutes or Less,2011,83.0,"Action,Comedy,Crime",6.0,111750,1
tt4695012,It Comes at Night,2017,91.0,"Drama,Horror,Mystery",6.1,111731,1
tt0395584,The Devil's Rejects,2005,107.0,"Crime,Drama,Horror",6.7,111721,1
tt7939766,I'm Thinking of Ending Things,2020,134.0,"Drama,Thriller",6.5,111709,1
tt0480242,Dan in Real Life,2007,98.0,"Comedy,Drama,Romance",6.8,111567,1
tt0163187,Runaway Bride,1999,116.0,"Comedy,Romance",5.6,111560,1
tt0054047,The Magnificent Seven,1960,128.0,"Action,Adventure,Drama",7.7,111505,1
tt13274016,Reptile,2023,134.0,"Crime,Drama,Mystery",6.8,111439,1
tt0082406,The Fox and the Hound,1981,83.0,"Adventure,Animation,Drama",7.2,111417,1
tt0311289,Holes,2003,117.0,"Adventure,Comedy,Drama",7.0,111328,1
tt0115759,Broken Arrow,1996,108.0,"Action,Adventure,Thriller",6.1,111201,1
tt0122718,Small Soldiers,1998,110.0,"Action,Adventure,Comedy",6.3,111174,1
tt1602620,Amour,2012,127.0,Drama,7.9,111117,1
tt0302640,The Hot Chick,2002,104.0,"Comedy,Fantasy",5.6,111045,1
tt0808279,Funny Games,2007,111.0,"Crime,Drama,Thriller",6.5,110974,1
tt0248667,Ali,2001,157.0,"Biography,Drama,Sport",6.7,110855,1
tt0120791,Practical Magic,1998,104.0,"Comedy,Drama,Fantasy",6.4,110845,1
tt0091326,The Karate Kid Part II,1986,113.0,"Action,Family,Sport",6.2,110826,1
tt0086066,The Outsiders,1983,91.0,"Crime,Drama",7.0,110811,1
tt0127536,Elizabeth,1998,124.0,"Biography,Drama,History",7.4,110811,1
tt1800246,That Awkward Moment,2014,94.0,"Comedy,Romance",6.1,110794,1
tt14444726,Tár,2022,158.0,"Drama,Music",7.4,110725,1
tt0412019,Broken Flowers,2005,106.0,"Comedy,Drama,Mystery",7.1,110629,1
tt2193215,The Counselor,2013,117.0,"Action,Adventure,Crime",5.4,110541,1
tt0103873,Braindead,1992,104.0,"Comedy,Fantasy,Horror",7.4,110524,1
tt0155267,The Thomas Crown Affair,1999,113.0,"Crime,Romance,Thriller",6.9,110514,1
tt0371606,Chicken Little,2005,81.0,"Adventure,Animation,Comedy",5.7,110496,1
tt4430212,Drishyam,2015,163.0,"Crime,Drama,Mystery",8.2,110474,1
tt0185125,All About My Mother,1999,101.0,"Comedy,Drama,Romance",7.8,110471,1
tt0376136,The Rum Diary,2011,119.0,"Comedy,Drama,Romance",6.1,110419,1
tt8580274,Eurovision Song Contest: The Story of Fire Saga,2020,123.0,"Comedy,Music",6.5,110411,1
tt11145118,Creed III,2023,116.0,"Action,Drama,Sport",6.7,110336,1
tt27503384,Perfect Days,2023,124.0,Drama,7.9,110293,1
tt1027718,Wall Street: Money Never Sleeps,2010,133.0,Drama,6.2,110263,1
tt0318649,Sahara,2005,124.0,"Action,Adventure,Comedy",6.1,110193,1
tt0103919,Candyman,1992,99.0,"Horror,Thriller",6.8,110172,1
tt0124315,The Cider House Rules,1999,126.0,"Drama,Romance",7.4,110073,1
tt12758060,Tetris,2023,118.0,"Biography,Drama,History",7.4,109927,1
tt4682786,Collateral Beauty,2016,97.0,"Drama,Romance",6.8,109897,1
tt5774060,Underwater,2020,95.0,"Action,Adventure,Horror",5.9,109852,1
tt10886166,365 Days,2020,114.0,"Drama,Romance",3.3,109842,1
tt0337921,Cellular,2004,94.0,"Action,Crime,Thriller",6.5,109816,1
tt0416236,The Spiderwick Chronicles,2008,96.0,"Action,Adventure,Drama",6.5,109809,1
tt0274812,Secretary,2002,107.0,"Comedy,Drama,Romance",6.9,109765,1
tt0064757,On Her Majesty's Secret Service,1969,142.0,"Action,Adventure,Thriller",6.7,109763,1
tt2592614,Resident Evil: The Final Chapter,2016,107.0,"Action,Horror,Sci-Fi",5.5,109747,1
tt0112817,Dead Man,1995,121.0,"Adventure,Drama,Western",7.5,109724,1
tt1839492,Ruby Sparks,2012,104.0,"Comedy,Drama,Fantasy",7.2,109701,1
tt0318462,The Motorcycle Diaries,2004,126.0,"Adventure,Biography,Drama",7.7,109692,1
tt4218572,Widows,2018,129.0,"Crime,Drama,Thriller",6.8,109646,1
tt3072482,Hardcore Henry,2015,96.0,"Action,Adventure,Sci-Fi",6.7,109638,1
tt0427340,Masters of the Universe,2026,140.0,"Action,Adventure,Fantasy",6.4,109638,1
tt0453562,42,2013,128.0,"Biography,Drama,Sport",7.5,109619,1
tt0365686,Revolver,2005,111.0,"Action,Crime,Drama",6.3,109589,1
tt0455760,Dead Silence,2007,89.0,"Horror,Mystery,Thriller",6.2,109487,1
tt0817177,Flipped,2010,90.0,"Comedy,Drama,Romance",7.6,109397,1
tt0166896,The Straight Story,1999,112.0,"Biography,Drama",8.0,109354,1
tt1045778,Year One,2009,97.0,Comedy,5.0,109344,1
tt7456310,Anna,2019,118.0,"Action,Adventure,Thriller",6.7,109313,1
tt0118928,Dante's Peak,1997,108.0,"Action,Adventure,Thriller",6.1,109289,1
tt10665338,Halloween Kills,2021,105.0,"Action,Drama,Horror",5.5,109241,1
tt0086200,Risky Business,1983,99.0,"Comedy,Crime,Drama",6.8,109225,1
tt0048424,The Night of the Hunter,1955,92.0,"Crime,Drama,Thriller",7.9,109152,1
tt0844708,The Last House on the Left,2009,113.0,"Horror,Thriller",6.5,109130,1
tt0112818,Dead Man Walking,1995,122.0,"Crime,Drama",7.5,109112,1
tt3882082,The Boy,2016,97.0,"Horror,Mystery,Thriller",6.0,108874,1
tt3544112,Sing Street,2016,106.0,"Comedy,Drama,Music",7.9,108760,1
tt0174856,The Hurricane,1999,146.0,"Biography,Drama,Sport",7.6,108751,1
tt5113044,Minions: The Rise of Gru,2022,87.0,"Adventure,Animation,Comedy",6.5,108686,1
tt10304142,Amsterdam,2022,134.0,"Comedy,Drama,History",6.2,108643,1
tt5478478,Hostiles,2017,134.0,"Drama,Western",7.2,108527,1
tt0250797,Unfaithful,2002,124.0,"Drama,Romance,Thriller",6.7,108477,1
tt2140379,Self/less,2015,117.0,"Action,Mystery,Sci-Fi",6.5,108432,1
tt0058385,My Fair Lady,1964,170.0,"Drama,Musical,Romance",7.7,108412,1
tt0452637,Lady in the Water,2006,110.0,"Drama,Fantasy,Mystery",5.5,108400,1
tt1083452,Eddie the Eagle,2015,106.0,"Adventure,Biography,Comedy",7.3,108399,1
tt4139588,Polar,2019,118.0,"Action,Crime,Thriller",6.3,108315,1
tt1240982,Your Highness,2011,102.0,"Action,Adventure,Comedy",5.5,108261,1
tt2274648,Hellboy,2019,120.0,"Action,Adventure,Fantasy",5.3,108235,1
tt0095489,The Land Before Time,1988,69.0,"Adventure,Animation,Drama",7.4,108223,1
tt12261776,65,2023,93.0,"Action,Adventure,Sci-Fi",5.4,108209,1
tt0477302,Extremely Loud & Incredibly Close,2011,129.0,"Adventure,Drama,Mystery",6.9,108189,1
tt0171804,Boys Don't Cry,1999,118.0,"Biography,Crime,Drama",7.5,108138,1
tt1235166,A Prophet,2009,155.0,"Crime,Drama",7.8,108124,1
tt3513548,Richard Jewell,2019,131.0,"Biography,Crime,Drama",7.5,108103,1
tt22898462,The Conjuring: Last Rites,2025,135.0,"Horror,Mystery,Thriller",6.2,108057,1
tt2357129,Jobs,2013,128.0,"Biography,Drama",6.0,107988,1
tt0101761,The Doors,1991,140.0,"Biography,Drama,Music",7.2,107850,1
tt1666801,The DUFF,2015,101.0,"Comedy,Romance",6.4,107820,1
tt0401445,A Good Year,2006,117.0,"Comedy,Drama,Romance",6.9,107797,1
tt0395699,The Pacifier,2005,95.0,"Action,Comedy,Drama",5.6,107795,1
tt0328538,Thirteen,2003,100.0,Drama,6.8,107771,1
tt2431286,Philomena,2013,98.0,"Biography,Comedy,Drama",7.6,107632,1
tt1161864,The Rite,2011,114.0,"Drama,Horror,Mystery",6.0,107606,1
tt4003440,The House That Jack Built,2018,152.0,"Crime,Drama,Horror",6.8,107553,1
tt21235248,Ghostbusters: Frozen Empire,2024,115.0,"Action,Adventure,Comedy",6.1,107499,1
tt0032551,The Grapes of Wrath,1940,129.0,Drama,8.1,107484,1
tt3949660,Teenage Mutant Ninja Turtles: Out of the Shadows,2016,112.0,"Action,Adventure,Comedy",5.9,107478,1
tt8629748,Spenser Confidential,2020,111.0,"Action,Comedy,Crime",6.2,107407,1
tt0322802,Jackass: The Movie,2002,85.0,"Action,Comedy,Documentary",6.6,107402,1
tt0118998,Doctor Dolittle,1998,85.0,"Comedy,Family,Fantasy",5.4,107382,1
tt0404390,Running Scared,2006,122.0,"Action,Crime,Drama",7.3,107291,1
tt1502404,Drive Angry,2011,104.0,"Action,Comedy,Crime",5.4,107274,1
tt1440728,The American,2010,105.0,"Crime,Drama,Thriller",6.3,107163,1
tt14257582,Wolfs,2024,108.0,"Action,Comedy,Crime",6.5,107064,1
tt1017460,Splice,2009,104.0,"Horror,Sci-Fi",5.8,107060,1
tt0367110,Swades,2004,189.0,"Drama,Musical",8.2,107026,4
tt2358891,The Great Beauty,2013,141.0,Drama,7.7,107014,1
tt6292852,I Am Mother,2019,113.0,"Drama,Mystery,Sci-Fi",6.7,107010,1
tt0952640,Alvin and the Chipmunks,2007,92.0,"Adventure,Animation,Comedy",5.3,107004,1
tt0960731,Bedtime Stories,2008,99.0,"Adventure,Comedy,Family",6.0,106990,1
tt8623904,Last Christmas,2019,103.0,"Comedy,Drama,Fantasy",6.5,106942,1
tt0808417,Persepolis,2007,96.0,"Animation,Biography,Drama",8.0,106906,1
tt1212428,The Lost City of Z,2016,141.0,"Adventure,Biography,Drama",6.6,106825,1
tt0049406,The Killing,1956,84.0,"Crime,Drama,Film-Noir",7.9,106808,1
tt0117318,The People vs. Larry Flynt,1996,130.0,"Biography,Drama",7.3,106583,1
tt0090305,Weird Science,1985,94.0,"Comedy,Romance,Sci-Fi",6.6,106567,1
tt0377109,The Ring Two,2005,110.0,"Horror,Mystery",5.4,106566,1
tt6924650,Midway,2019,138.0,"Action,Drama,History",6.7,106535,1
tt11003218,Pig,2021,92.0,"Drama,Mystery",6.9,106394,1
tt0816462,Conan the Barbarian,2011,113.0,"Action,Adventure,Fantasy",5.2,106382,1
tt0069704,American Graffiti,1973,110.0,"Comedy,Drama",7.4,106377,1
tt0138524,Intolerable Cruelty,2003,100.0,"Comedy,Crime,Romance",6.3,106336,1
tt0837563,Pet Sematary,2019,100.0,"Horror,Mystery,Thriller",5.7,106325,1
tt0120780,Out of Sight,1998,123.0,"Comedy,Crime,Drama",7.0,106278,1
tt0150377,Double Jeopardy,1999,105.0,"Crime,Drama,Mystery",6.5,106227,1
tt0070917,The Wicker Man,1973,88.0,"Horror,Mystery,Thriller",7.5,106226,1
tt1034415,Suspiria,2018,152.0,"Drama,Fantasy,Horror",6.7,106213,1
tt0357277,Elektra,2005,97.0,"Action,Adventure,Crime",4.7,106202,1
tt28089784,Punjab '95,2026,169.0,"Biography,Crime,Drama",8.8,106173,1
tt4287320,The Circle,2017,110.0,"Drama,Mystery,Sci-Fi",5.4,105894,1
tt0017925,The General,1926,78.0,"Action,Adventure,Comedy",8.1,105892,1
tt16431404,Apex,2026,95.0,"Action,Thriller",6.1,105813,1
tt0099371,Days of Thunder,1990,107.0,"Action,Drama,Sport",6.1,105753,1
tt0383028,"Synecdoche, New York",2008,124.0,Drama,7.5,105665,1
tt0119229,Grosse Pointe Blank,1997,107.0,"Action,Comedy,Crime",7.3,105656,1
tt3799232,The Kissing Booth,2018,105.0,"Comedy,Romance",5.9,105649,1
tt0472181,The Smurfs,2011,103.0,"Adventure,Animation,Comedy",5.4,105648,1
tt0433383,"Good Night, and Good Luck.",2005,93.0,"Biography,Drama,History",7.4,105626,1
tt0114694,Tommy Boy,1995,97.0,"Adventure,Comedy",7.1,105592,1
tt1195478,The Five-Year Engagement,2012,124.0,"Comedy,Drama,Romance",6.2,105587,1
tt10618286,Mank,2020,131.0,"Biography,Drama",6.8,105583,1
tt3322364,Concussion,2015,123.0,"Biography,Drama,Sport",7.1,105577,1
tt0418819,Land of the Dead,2005,93.0,"Horror,Sci-Fi,Thriller",6.2,105452,1
tt0363589,Elephant,2003,81.0,"Crime,Drama,Thriller",7.1,105360,1
tt0490204,Reign Over Me,2007,124.0,Drama,7.4,105337,1
tt0092563,Angel Heart,1987,113.0,"Horror,Mystery,Thriller",7.2,105279,1
tt1778304,Paranormal Activity 3,2011,83.0,"Horror,Mystery,Thriller",5.8,105264,1
tt0116136,DragonHeart,1996,103.0,"Action,Adventure,Fantasy",6.4,105226,1
tt1126590,Big Eyes,2014,106.0,"Biography,Crime,Drama",6.9,105168,1
tt0088939,The Color Purple,1985,154.0,Drama,7.7,105141,1
tt5884796,Plane,2023,107.0,"Action,Adventure,Drama",6.5,105108,1
tt0119099,Fallen,1998,124.0,"Action,Crime,Drama",7.0,105105,1
tt0107798,The Pelican Brief,1993,141.0,"Crime,Drama,Mystery",6.6,105101,1
tt30253473,Materialists,2025,116.0,"Comedy,Drama,Romance",6.2,105039,1
tt11301886,Rebel Ridge,2024,131.0,"Action,Crime,Drama",6.8,104972,1
tt0069293,Solaris,1972,167.0,"Adventure,Drama,Mystery",7.9,104946,1
tt1549572,Another Earth,2011,92.0,"Drama,Romance,Sci-Fi",6.9,104879,1
tt0095631,Midnight Run,1988,126.0,"Action,Comedy,Crime",7.5,104803,1
tt10655524,It Ends with Us,2024,130.0,"Drama,Romance",6.3,104692,1
tt0164334,Along Came a Spider,2001,104.0,"Crime,Drama,Mystery",6.4,104663,1
tt9224104,Meg 2: The Trench,2023,116.0,"Action,Adventure,Horror",5.0,104636,1
tt3522806,Mechanic: Resurrection,2016,98.0,"Action,Adventure,Thriller",5.8,104618,1
tt0117666,Sling Blade,1996,135.0,Drama,8.0,104616,1
tt0963178,The International,2009,118.0,"Action,Crime,Drama",6.5,104579,1
tt0492956,The Game Plan,2007,110.0,"Comedy,Family,Sport",6.2,104518,1
tt0107144,Hot Shots! Part Deux,1993,86.0,"Action,Comedy",6.6,104497,1
tt2382009,Nymphomaniac: Vol. II,2013,124.0,Drama,6.6,104423,1
tt0105812,White Men Can't Jump,1992,115.0,"Comedy,Sport",6.8,104409,1
tt7550000,Project Power,2020,113.0,"Action,Crime,Sci-Fi",6.0,104366,1
tt0092675,Bloodsport,1988,92.0,"Action,Drama,Sport",6.8,104359,1
tt1412386,The Best Exotic Marigold Hotel,2011,124.0,"Comedy,Drama,Romance",7.2,104350,1
tt1242432,I Spit on Your Grave,2010,108.0,"Horror,Thriller",6.2,104193,1
tt1230414,It's Complicated,2009,120.0,"Comedy,Drama,Romance",6.6,104099,1
tt3348730,Jigsaw,2017,92.0,"Crime,Drama,Horror",5.7,104078,1
tt1045772,I Love You Phillip Morris,2009,98.0,"Biography,Comedy,Crime",6.6,104062,1
tt0048545,Rebel Without a Cause,1955,111.0,Drama,7.6,104015,1
tt1226273,Edge of Darkness,2010,117.0,"Action,Adventure,Drama",6.6,103972,1
tt8364368,Crawl,2019,87.0,"Action,Horror,Thriller",6.1,103953,1
tt0406816,The Guardian,2006,139.0,"Adventure,Drama",6.9,103931,1
tt0423294,Surf's Up,2007,85.0,"Adventure,Animation,Comedy",6.7,103838,1
tt1592525,Lockout,2012,95.0,"Action,Sci-Fi,Thriller",6.1,103748,1
tt0105690,Under Siege,1992,103.0,"Action,Thriller",6.5,103741,1
tt0151738,Never Been Kissed,1999,107.0,"Comedy,Drama,Romance",6.0,103714,1
tt8350360,Annabelle Comes Home,2019,106.0,"Horror,Mystery,Thriller",5.9,103676,1
tt0098258,Say Anything,1989,100.0,"Comedy,Drama,Romance",7.3,103660,1
tt0085333,Christine,1983,110.0,"Horror,Thriller",6.8,103570,1
tt0044741,Ikiru,1952,143.0,Drama,8.3,103565,1
tt0049730,The Searchers,1956,119.0,"Adventure,Western",7.8,103540,1
tt13375076,The Pope's Exorcist,2023,103.0,"Horror,Thriller",6.1,103528,1
tt0165798,Ghost Dog: The Way of the Samurai,1999,116.0,"Crime,Drama",7.5,103511,1
tt0356470,A Cinderella Story,2004,95.0,"Comedy,Family,Romance",6.0,103503,1
tt33612209,The Devil Wears Prada 2,2026,119.0,"Comedy,Drama",6.3,103482,1
tt0457510,Nacho Libre,2006,92.0,"Comedy,Family,Sport",5.9,103407,1
tt1051904,Goosebumps,2015,103.0,"Adventure,Animation,Comedy",6.3,103341,1
tt1078588,My Sister's Keeper,2009,109.0,"Drama,Family",7.3,103325,1
tt0479997,Season of the Witch,2011,95.0,"Action,Adventure,Fantasy",5.4,103321,1
tt0280707,Gosford Park,2001,137.0,"Comedy,Drama,Mystery",7.2,103222,1
tt8695030,The Dead Don't Die,2019,104.0,"Action,Comedy,Crime",5.4,103202,1
tt0116365,The Frighteners,1996,110.0,"Comedy,Drama,Fantasy",7.1,103177,1
tt2347569,Frances Ha,2012,86.0,"Comedy,Drama,Romance",7.4,103169,1
tt0252076,Maid in Manhattan,2002,105.0,"Comedy,Drama,Romance",5.4,103096,1
tt4682266,The New Mutants,2020,94.0,"Action,Horror,Mystery",5.3,103093,1
tt6467266,Sing 2,2021,110.0,"Adventure,Animation,Comedy",7.3,103074,1
tt0464154,Piranha 3D,2010,88.0,"Comedy,Horror",5.5,102897,1
tt0498353,Hostel: Part II,2007,94.0,Horror,5.5,102829,1
tt0087277,Footloose,1984,107.0,"Drama,Music,Romance",6.6,102814,1
tt11032374,Demon Slayer: Kimetsu no Yaiba - The Movie: Mugen Train,2020,117.0,"Action,Adventure,Animation",8.2,102794,1
tt28996126,Nobody 2,2025,89.0,"Action,Comedy,Crime",6.3,102529,1
tt0105698,Universal Soldier,1992,102.0,"Action,Sci-Fi",6.1,102476,1
tt1216487,The Girl Who Played with Fire,2009,129.0,"Action,Crime,Drama",7.1,102464,1
tt1293847,xXx: Return of Xander Cage,2017,107.0,"Action,Adventure,Thriller",5.2,102430,1
tt0245674,Thir13en Ghosts,2001,91.0,"Fantasy,Horror",5.6,102368,1
tt0090863,The Color of Money,1986,119.0,"Drama,Sport",7.0,102365,1
tt1470827,Monsters,2010,94.0,"Adventure,Drama,Romance",6.3,102303,1
tt0408839,The Heartbreak Kid,2007,116.0,"Comedy,Romance",5.9,102282,1
tt0107822,The Piano,1993,121.0,"Drama,Music,Romance",7.5,102275,1
tt1540133,The Guard,2011,96.0,"Comedy,Crime,Thriller",7.3,102207,1
tt2679042,Hitman: Agent 47,2015,96.0,"Action,Adventure,Crime",5.7,102138,1
tt1679335,Trolls,2016,92.0,"Adventure,Animation,Comedy",6.4,101966,1
tt0499556,War,2007,103.0,"Action,Thriller",6.2,101957,1
tt0405325,Sky High,2005,100.0,"Action,Comedy,Family",6.3,101938,1
tt0079945,Star Trek: The Motion Picture,1979,143.0,"Adventure,Mystery,Sci-Fi",6.4,101929,1
tt15009428,Argylle,2024,139.0,"Action,Adventure,Comedy",5.6,101928,1
tt0899043,The Amateur,2025,122.0,"Action,Thriller",6.5,101919,1
tt0476735,My Father and My Son,2005,112.0,Drama,8.2,101911,1
tt0120679,Frida,2002,123.0,"Biography,Drama,Romance",7.3,101892,1
tt2172934,3 Days to Kill,2014,117.0,"Action,Drama,Thriller",6.2,101885,1
tt6878306,News of the World,2020,118.0,"Action,Adventure,Drama",6.8,101884,1
tt5220122,Hotel Transylvania 3: Summer Vacation,2018,97.0,"Adventure,Animation,Comedy",6.3,101824,1
tt32565993,The Sheep Detectives,2026,109.0,"Comedy,Family,Mystery",7.4,101781,1
tt1413492,12 Strong,2018,130.0,"Action,Drama,History",6.6,101774,1
tt0285531,Dreamcatcher,2003,134.0,"Drama,Horror,Sci-Fi",5.6,101761,1
tt5028340,Mary Poppins Returns,2018,130.0,"Adventure,Comedy,Family",6.6,101674,1
tt0356634,Garfield: The Movie,2004,80.0,"Adventure,Comedy,Family",5.1,101667,1
tt1961175,American Assassin,2017,111.0,"Action,Adventure,Drama",6.2,101604,1
tt1440292,Submarine,2010,97.0,"Comedy,Drama,Romance",7.3,101579,1
tt5215952,The Wailing,2016,156.0,"Drama,Horror",7.4,101560,1
tt0264616,Frailty,2001,100.0,"Crime,Drama,Thriller",7.2,101509,1
tt1204342,The Muppets,2011,103.0,"Adventure,Comedy,Family",7.1,101476,1
tt2823054,Mike and Dave Need Wedding Dates,2016,98.0,"Comedy,Romance",6.0,101301,1
tt3063516,Jackass Presents: Bad Grandpa,2013,92.0,Comedy,6.5,101273,1
tt0364045,Taking Lives,2004,103.0,"Crime,Mystery,Thriller",6.2,101268,1
tt0364970,Babylon A.D.,2008,90.0,"Action,Adventure,Sci-Fi",5.5,101213,1
tt0119468,Kiss the Girls,1997,115.0,"Crime,Drama,Mystery",6.6,101202,1
tt9389998,Pushpa: The Rise - Part 1,2021,179.0,"Action,Crime,Drama",7.6,101146,1
tt0109254,Beverly Hills Cop III,1994,104.0,"Action,Comedy,Crime",5.5,101135,1
tt0914863,Unthinkable,2010,97.0,"Crime,Drama,Thriller",7.0,101116,1
tt0119137,Flubber,1997,93.0,"Comedy,Family,Sci-Fi",5.3,101044,1
tt9214772,Monkey Man,2024,121.0,"Action,Crime,Thriller",6.8,101044,1
tt3316948,American Ultra,2015,96.0,"Action,Comedy",6.1,100990,1
tt0251736,House of 1000 Corpses,2003,89.0,Horror,6.0,100943,1
tt0093629,A Nightmare on Elm Street 3: Dream Warriors,1987,96.0,"Fantasy,Horror",6.7,100816,1
tt0821640,Ghosts of Girlfriends Past,2009,100.0,"Comedy,Fantasy,Romance",5.8,100722,1
tt0100502,RoboCop 2,1990,117.0,"Action,Crime,Sci-Fi",5.9,100692,1
tt3691740,The BFG,2016,117.0,"Adventure,Family,Fantasy",6.3,100615,1
tt0368226,The Room,2003,99.0,Drama,3.6,100598,1
tt0154420,The Celebration,1998,101.0,Drama,8.0,100586,1
tt0446755,The Painted Veil,2006,125.0,"Drama,Romance",7.4,100495,1
tt0267804,The One,2001,87.0,"Action,Sci-Fi,Thriller",5.9,100353,1
tt1322269,August: Osage County,2013,121.0,"Comedy,Drama",7.2,100332,1
tt2568862,Going in Style,2017,96.0,"Comedy,Crime",6.6,100292,1
tt0304415,Mona Lisa Smile,2003,117.0,Drama,6.6,100282,1
tt13314558,Day Shift,2022,113.0,"Action,Comedy,Fantasy",6.1,100243,1
tt0284837,Ali G Indahouse,2002,87.0,Comedy,6.2,100238,1
tt0235198,Audition,1999,115.0,"Drama,Horror,Mystery",7.1,100202,1
tt1103153,Killers,2010,100.0,"Action,Comedy,Romance",5.5,100175,1
tt0088680,After Hours,1985,97.0,"Comedy,Crime,Drama",7.6,100093,1
tt0327437,Around the World in 80 Days,2004,120.0,"Action,Adventure,Comedy",5.9,100092,1
tt0795351,Case 39,2009,109.0,"Horror,Mystery,Thriller",6.2,100069,1
tt1292566,How to Be Single,2016,110.0,"Comedy,Drama,Romance",6.1,100037,1
tt0787475,Hot Rod,2007,88.0,"Comedy,Sport",6.7,100030,1
tt1126591,Burlesque,2010,119.0,"Drama,Music,Musical",6.4,100028,1
tt1648179,Here Comes the Boom,2012,105.0,"Action,Comedy,Sport",6.4,99923,1
tt0383216,The Pink Panther,2006,93.0,"Adventure,Comedy,Crime",5.7,99900,1
tt0137363,Arlington Road,1999,117.0,"Action,Crime,Drama",7.2,99875,1
tt21807222,Saw X,2023,118.0,"Crime,Drama,Horror",6.6,99786,1
tt0452625,Good Luck Chuck,2007,96.0,"Comedy,Romance",5.6,99780,1
tt1263670,Crazy Heart,2009,112.0,"Drama,Music,Romance",7.2,99599,1
tt1020072,Selma,2014,128.0,"Biography,Drama,History",7.5,99584,1
tt3416532,A Monster Calls,2016,108.0,"Adventure,Drama,Family",7.4,99556,1
tt0230838,Sweet November,2001,119.0,"Drama,Romance",6.7,99504,1
tt6998518,Mandy,2018,121.0,"Action,Fantasy,Horror",6.5,99453,1
tt1781922,No Escape,2015,103.0,"Action,Adventure,Drama",6.8,99408,1
tt0374887,Munna Bhai M.B.B.S.,2003,156.0,"Comedy,Drama",8.2,99383,1
tt0120787,A Perfect Murder,1998,107.0,"Crime,Drama,Thriller",6.6,99260,1
tt1034314,Iron Sky,2012,93.0,"Action,Adventure,Comedy",5.9,99200,1
tt0250258,The Experiment,2001,120.0,"Drama,Thriller",7.7,99121,1
tt0094889,Cocktail,1988,104.0,"Comedy,Drama,Romance",6.0,99113,1
tt0102492,My Girl,1991,102.0,"Comedy,Drama,Family",6.9,99056,1
tt0119167,Funny Games,1997,108.0,"Crime,Drama,Horror",7.5,98937,1
tt0099582,Flatliners,1990,115.0,"Drama,Horror,Sci-Fi",6.6,98930,1
tt13024674,Army of Thieves,2021,127.0,"Action,Comedy,Crime",6.4,98863,1
tt1212419,Hereafter,2010,129.0,"Drama,Fantasy,Romance",6.5,98748,1
tt0368933,The Princess Diaries 2: Royal Engagement,2004,113.0,"Comedy,Family,Romance",5.9,98711,1
tt6472976,Five Feet Apart,2019,116.0,"Drama,Romance",7.2,98621,1
tt1164999,Biutiful,2010,148.0,"Drama,Romance",7.4,98425,1
tt0286112,Shaolin Soccer,2001,87.0,"Action,Comedy,Fantasy",7.3,98422,1
tt1213644,Disaster Movie,2008,87.0,"Comedy,Sci-Fi",1.9,98366,0
tt1229822,Jane Eyre,2011,120.0,"Drama,Mystery,Romance",7.3,98249,1
tt0362478,The Box,2009,115.0,"Drama,Mystery,Thriller",5.6,98203,1
tt1467304,The Human Centipede (First Sequence),2009,92.0,Horror,4.4,98134,1
tt0055031,Judgment at Nuremberg,1961,179.0,"Drama,History,War",8.3,98065,1
tt11655566,Lilo & Stitch,2025,108.0,"Action,Adventure,Comedy",6.7,97936,1
tt1532503,Beginners,2010,105.0,"Comedy,Drama,Romance",7.2,97792,1
tt0285742,Monster's Ball,2001,111.0,"Drama,Romance",7.0,97701,1
tt0112579,The Bridges of Madison County,1995,135.0,"Drama,Romance",7.6,97701,1
tt0981227,Nick and Norah's Infinite Playlist,2008,90.0,"Comedy,Drama,Music",6.6,97638,1
tt4281724,Terrifier,2016,85.0,Horror,5.5,97446,1
tt0101889,The Fisher King,1991,137.0,"Comedy,Drama,Fantasy",7.5,97389,1
tt4954522,Raw,2016,99.0,"Drama,Horror",6.9,97370,1
tt7886848,Sadak 2,2020,133.0,"Action,Drama",1.2,97335,1
tt0092007,Star Trek IV: The Voyage Home,1986,119.0,"Adventure,Comedy,Sci-Fi",7.3,97315,1
tt0116778,Kingpin,1996,114.0,"Comedy,Sport",6.9,97307,1
tt0443701,The X Files: I Want to Believe,2008,104.0,"Adventure,Crime,Drama",5.9,97291,1
tt30988739,Black Bag,2025,93.0,"Drama,Mystery,Romance",6.7,97285,1
tt8155288,Happy Death Day 2U,2019,100.0,"Comedy,Horror,Mystery",6.2,97128,1
tt1562872,Zindagi Na Milegi Dobara,2011,155.0,"Adventure,Comedy,Drama",8.2,97117,1
tt0498399,We Own the Night,2007,117.0,"Crime,Drama,Thriller",6.8,97082,1
tt5294550,All the Money in the World,2017,132.0,"Biography,Crime,Drama",6.8,97005,1
tt1241317,Death Note,2017,101.0,"Crime,Drama,Fantasy",4.5,96962,1
tt1297919,Blitz,2011,97.0,"Action,Adventure,Crime",6.2,96938,1
tt0852713,The House Bunny,2008,97.0,Comedy,5.6,96917,1
tt5093026,Papillon,2017,133.0,"Adventure,Biography,Crime",7.2,96898,1
tt0113161,Get Shorty,1995,105.0,"Comedy,Crime,Thriller",6.9,96887,1
tt1294226,The Last Song,2010,107.0,"Drama,Music,Romance",6.0,96886,1
tt27714946,The Monkey,2025,98.0,Horror,5.9,96827,1
tt0810913,Jack and Jill,2011,91.0,"Comedy,Family",3.3,96807,1
tt0208003,Big Momma's House,2000,99.0,"Action,Comedy,Crime",5.3,96770,1
tt0799934,Be Kind Rewind,2008,102.0,Comedy,6.4,96752,1
tt2057392,Eye in the Sky,2015,102.0,"Drama,Thriller,War",7.3,96617,1
tt1135985,Sex Drive,2008,109.0,"Comedy,Romance",6.5,96552,1
tt0024216,King Kong,1933,100.0,"Adventure,Horror",7.9,96479,1
tt1034331,Righteous Kill,2008,101.0,"Crime,Mystery,Thriller",6.0,96452,1
tt0468489,Half Nelson,2006,106.0,Drama,7.1,96431,1
tt5247022,Paterson,2016,118.0,"Comedy,Drama,Romance",7.3,96352,1
tt8075192,Shoplifters,2018,121.0,"Crime,Drama,Thriller",7.9,96340,1
tt0882977,Snitch,2013,112.0,"Action,Drama,Thriller",6.4,96338,1
tt2132285,The Bling Ring,2013,90.0,"Biography,Crime,Drama",5.6,96323,1
tt0053472,Breathless,1960,90.0,"Crime,Drama",7.6,96303,1
tt21942866,Dream Scenario,2023,102.0,"Comedy,Drama,Fantasy",6.8,96299,1
tt0091790,Pretty in Pink,1986,97.0,"Comedy,Drama,Romance",6.7,96250,1
tt0270288,Confessions of a Dangerous Mind,2002,113.0,"Biography,Comedy,Crime",7.0,96105,1
tt2205697,Stuck in Love.,2012,97.0,"Comedy,Drama,Romance",7.2,96057,1
tt0427229,Failure to Launch,2006,97.0,"Comedy,Romance",5.7,96033,1
tt0152930,Taxi,1998,89.0,"Action,Comedy,Crime",7.0,96030,1
tt2370248,Short Term 12,2013,96.0,Drama,7.9,96008,1
tt1371150,This Is Where I Leave You,2014,103.0,"Comedy,Drama",6.7,95919,1
tt0439815,Slither,2006,96.0,"Comedy,Horror,Sci-Fi",6.5,95882,1
tt0312528,The Cat in the Hat,2003,82.0,"Adventure,Comedy,Family",4.2,95711,1
tt0076666,Saturday Night Fever,1977,119.0,"Drama,Music",6.8,95630,1
tt0091419,Little Shop of Horrors,1986,94.0,"Comedy,Horror,Musical",7.1,95587,1
tt0077928,Midnight Express,1978,121.0,"Biography,Crime,Drama",7.5,95480,1
tt1667353,Mirror Mirror,2012,106.0,"Adventure,Comedy,Drama",5.6,95455,1
tt5688932,Sorry to Bother You,2018,112.0,"Comedy,Drama,Fantasy",6.9,95434,1
tt1191111,Enter the Void,2009,161.0,"Drama,Fantasy",7.2,95420,1
tt3224458,A Beautiful Day in the Neighborhood,2019,109.0,"Biography,Drama,Family",7.2,95389,1
tt2726560,The Longest Ride,2015,123.0,"Drama,Romance",7.0,95372,1
tt0181536,Finding Forrester,2000,136.0,"Drama,Sport",7.3,95305,1
tt10539608,The Midnight Sky,2020,118.0,"Adventure,Drama,Sci-Fi",5.7,95300,1
tt3850590,Krampus,2015,98.0,"Comedy,Fantasy,Horror",6.2,95250,1
tt0460740,Cashback,2006,102.0,"Comedy,Drama,Romance",7.1,95202,1
tt1289406,Harry Brown,2009,103.0,"Action,Crime,Drama",7.2,95157,1
tt0166813,Spirit: Stallion of the Cimarron,2002,83.0,"Adventure,Animation,Drama",7.2,95118,1
tt0371257,Stay,2005,99.0,"Drama,Mystery,Thriller",6.7,94979,1
tt0367089,The Squid and the Whale,2005,81.0,"Comedy,Drama",7.3,94974,1
tt11464826,The Social Dilemma,2020,94.0,"Documentary,Drama",7.6,94931,1
tt8368406,Vivarium,2019,97.0,"Horror,Mystery,Sci-Fi",5.8,94894,1
tt0038355,The Big Sleep,1946,114.0,"Crime,Drama,Film-Noir",7.9,94811,1
tt13403046,Fresh,2022,114.0,"Comedy,Horror,Romance",6.7,94811,1
tt0101700,Delicatessen,1991,99.0,"Comedy,Crime",7.5,94753,1
tt1711525,Office Christmas Party,2016,105.0,Comedy,5.9,94739,1
tt0101393,Backdraft,1991,137.0,"Action,Drama,Mystery",6.7,94713,1
tt2990140,The Christmas Chronicles,2018,104.0,"Adventure,Comedy,Family",7.0,94686,1
tt2082197,Barfi!,2012,151.0,"Comedy,Drama,Romance",8.1,94638,1
tt0065214,The Wild Bunch,1969,135.0,"Action,Adventure,Drama",7.9,94617,1
tt1564585,Skyline,2010,92.0,"Action,Sci-Fi,Thriller",4.5,94594,1
tt1456635,Goon,2011,92.0,"Comedy,Drama,Sport",6.8,94593,1
tt0035423,Kate & Leopold,2001,118.0,"Comedy,Fantasy,Romance",6.4,94527,1
tt0450188,La Vie En Rose,2007,140.0,"Biography,Drama,Music",7.5,94506,1
tt4560436,Mile 22,2018,94.0,"Action,Crime,Thriller",6.1,94465,1
tt0056923,Charade,1963,113.0,"Comedy,Mystery,Romance",7.8,94414,1
tt0107808,A Perfect World,1993,138.0,"Crime,Drama,Thriller",7.5,94388,1
tt0290095,The Tuxedo,2002,98.0,"Action,Comedy,Sci-Fi",5.4,94375,1
tt0451094,Sympathy for Lady Vengeance,2005,115.0,"Crime,Drama,Thriller",7.5,94255,1
tt0101862,Father of the Bride,1991,105.0,"Comedy,Family,Romance",6.6,94238,1
tt0083511,48 Hrs.,1982,96.0,"Action,Comedy,Crime",6.9,94167,1
tt0402399,The New World,2005,135.0,"Biography,Drama,History",6.7,94129,1
tt0120832,Snake Eyes,1998,98.0,"Crime,Mystery,Thriller",6.2,94016,1
tt0120885,Wag the Dog,1997,97.0,"Comedy,Drama",7.1,93989,1
tt0089755,Out of Africa,1985,161.0,"Biography,Drama,Romance",7.2,93916,1
tt0209475,The Wedding Planner,2001,103.0,"Comedy,Romance",5.4,93913,1
tt0107943,The Remains of the Day,1993,134.0,"Drama,Romance",7.8,93896,1
tt6513120,Fighting with My Family,2019,108.0,"Biography,Comedy,Drama",7.0,93879,1
tt1559547,Beautiful Creatures,2013,124.0,"Drama,Fantasy,Romance",6.1,93815,1
tt0181316,Blue Streak,1999,93.0,"Action,Comedy,Crime",6.4,93791,1
tt0456554,Grandma's Boy,2006,94.0,Comedy,6.9,93699,1
tt5657846,Daddy's Home 2,2017,100.0,Comedy,6.1,93681,1
tt0455967,John Tucker Must Die,2006,89.0,"Comedy,Romance",5.8,93621,1
tt0116908,The Long Kiss Goodnight,1996,121.0,"Action,Crime,Drama",6.8,93614,1
tt1859650,To Rome with Love,2012,112.0,"Comedy,Music,Romance",6.3,93503,1
tt0164181,Stir of Echoes,1999,99.0,"Horror,Mystery,Thriller",6.9,93480,1
tt0056058,Harakiri,1962,133.0,"Drama,Mystery",8.6,93471,1
tt0463998,Freedom Writers,2007,123.0,"Biography,Crime,Drama",7.6,93455,1
tt1506999,Haywire,2011,93.0,"Action,Drama,Thriller",5.8,93433,1
tt3829920,Only the Brave,2017,134.0,"Action,Biography,Drama",7.6,93386,1
tt0289848,Analyze That,2002,96.0,"Comedy,Crime",5.9,93366,1
tt0092086,¡Three Amigos!,1986,104.0,"Comedy,Western",6.5,93244,1
tt0382077,Hide and Seek,2005,101.0,"Horror,Mystery",6.0,93209,1
tt0371246,Spanglish,2004,131.0,"Comedy,Drama,Romance",6.4,93205,1
tt0096734,The 'Burbs,1989,102.0,"Comedy,Mystery,Thriller",6.8,93200,1
tt0101921,Fried Green Tomatoes,1991,130.0,Drama,7.7,93168,1
tt1598822,New Year's Eve,2011,118.0,"Comedy,Romance",5.6,93089,1
tt0091474,Manhunter,1986,120.0,"Crime,Mystery,Thriller",7.2,93088,1
tt0109813,The Flintstones,1994,91.0,"Comedy,Family,Fantasy",5.1,92982,1
tt0112401,Assassins,1995,133.0,"Action,Crime,Thriller",6.3,92968,1
tt1555149,Elite Squad 2: The Enemy Within,2010,115.0,"Crime,Drama,Thriller",8.0,92958,1
tt3387520,Scary Stories to Tell in the Dark,2019,108.0,"Adventure,Horror,Mystery",6.2,92887,1
tt2334649,Fruitvale Station,2013,85.0,"Biography,Crime,Drama",7.5,92878,1
tt0119978,The Rainmaker,1997,135.0,"Crime,Drama,Thriller",7.2,92846,1
tt1385867,Cop Out,2010,107.0,"Action,Comedy,Crime",5.5,92811,1
tt1637706,Our Idiot Brother,2011,90.0,"Comedy,Drama",6.4,92749,1
tt0141926,U-571,2000,116.0,"Action,War",6.6,92667,1
tt0108525,Wayne's World 2,1993,95.0,"Comedy,Music",6.2,92642,1
tt2531344,Blockers,2018,102.0,"Comedy,Drama",6.2,92604,1
tt0080749,The Fog,1980,89.0,"Horror,Thriller",6.8,92561,1
tt0871510,Chak De! India,2007,153.0,"Drama,Family,Sport",8.1,92548,1
tt0396752,Nanny McPhee,2005,97.0,"Comedy,Family,Fantasy",6.6,92510,1
tt0113540,Kids,1995,91.0,Drama,7.0,92510,1
tt1219342,Legend of the Guardians: The Owls of Ga'Hoole,2010,97.0,"Action,Adventure,Animation",6.9,92509,1
tt32430579,Crime 101,2026,140.0,"Crime,Drama,Thriller",6.8,92501,1
tt0077766,Jaws 2,1978,116.0,"Adventure,Horror,Thriller",5.8,92489,1
tt0119173,G.I. Jane,1997,125.0,"Action,Drama,War",6.1,92451,1
tt29603959,Novocaine,2025,110.0,"Action,Comedy,Crime",6.5,92445,1
tt0770703,What's Your Number?,2011,106.0,"Comedy,Romance",6.1,92422,1
tt0469641,World Trade Center,2006,129.0,"Drama,History,Thriller",6.0,92378,1
tt1528071,Horns,2013,120.0,"Comedy,Fantasy,Horror",6.4,92360,1
tt3850214,Dope,2015,103.0,"Adventure,Comedy,Crime",7.2,92212,1
tt0061811,In the Heat of the Night,1967,110.0,"Drama,Mystery,Thriller",7.9,92205,1
tt9701940,Fear Street: Part Two - 1978,2021,109.0,"Drama,Horror,Mystery",6.7,92135,1
tt1365050,Beasts of No Nation,2015,137.0,"Drama,War",7.7,92042,1
tt1634106,Bloodshot,2020,109.0,"Action,Adventure,Drama",5.7,91927,1
tt0272020,The Last Castle,2001,131.0,"Action,Drama,Thriller",7.0,91925,1
tt4273800,The Good Nurse,2022,121.0,"Biography,Crime,Drama",6.8,91896,1
tt0111280,Star Trek: Generations,1994,118.0,"Action,Adventure,Mystery",6.6,91886,1
tt1473832,Bridget Jones's Baby,2016,123.0,"Comedy,Drama,Romance",6.4,91880,1
tt2980648,The Hundred-Foot Journey,2014,122.0,"Comedy,Drama",7.3,91827,1
tt1341167,Four Lions,2010,97.0,"Comedy,Crime,Drama",7.3,91776,1
tt0117802,Swingers,1996,96.0,"Comedy,Drama",7.2,91705,1
tt1655420,My Week with Marilyn,2011,99.0,"Biography,Drama",6.9,91703,1
tt0963794,The Ruins,2008,90.0,"Adventure,Horror,Thriller",5.9,91701,1
tt2377322,Deliver Us from Evil,2014,118.0,"Crime,Horror,Mystery",6.2,91651,1
tt6921996,Johnny English Strikes Again,2018,89.0,"Action,Adventure,Comedy",6.2,91636,1
tt8110652,Bodies Bodies Bodies,2022,94.0,"Comedy,Horror,Mystery",6.1,91592,1
tt12001534,The Thursday Murder Club,2025,118.0,"Comedy,Crime,Mystery",6.5,91583,1
tt1716772,The Inbetweeners,2011,97.0,Comedy,6.7,91575,1
tt1023481,Step Up 2: The Streets,2008,98.0,"Drama,Music,Romance",6.2,91518,1
tt4575576,Christopher Robin,2018,104.0,"Adventure,Comedy,Drama",7.2,91494,1
tt10579952,Master,2021,179.0,"Action,Crime,Drama",7.4,91493,1
tt0114508,Species,1995,108.0,"Action,Horror,Sci-Fi",5.9,91448,1
tt7638348,Boss Level,2020,100.0,"Action,Adventure,Comedy",6.8,91441,1
tt0864761,The Duchess,2008,110.0,"Biography,Drama,History",6.9,91379,1
tt0374546,"Spring, Summer, Fall, Winter... and Spring",2003,103.0,"Drama,Romance",8.0,91367,1
tt0088170,Star Trek III: The Search for Spock,1984,105.0,"Action,Adventure,Sci-Fi",6.7,91289,1
tt6111574,The Woman in the Window,2021,100.0,"Crime,Drama,Mystery",5.7,91244,1
tt0113409,In the Mouth of Madness,1994,95.0,"Drama,Fantasy,Horror",7.1,91202,1
tt0087078,Conan the Destroyer,1984,103.0,"Action,Adventure,Fantasy",5.9,91184,1
tt0119190,George of the Jungle,1997,92.0,"Action,Adventure,Comedy",5.6,91098,1
tt11555492,Farha,2021,92.0,Drama,8.0,91081,1
tt0118849,Children of Heaven,1997,89.0,"Drama,Family,Sport",8.2,91019,1
tt0457513,Scoop,2006,96.0,"Comedy,Crime,Fantasy",6.6,90961,1
tt0387898,Caché,2005,117.0,"Drama,Mystery,Thriller",7.3,90892,1
tt0770752,Fool's Gold,2008,112.0,"Action,Adventure,Comedy",5.8,90889,1
tt8359848,Climax,2018,97.0,"Drama,Horror,Music",6.9,90864,1
tt1726592,Before I Go to Sleep,2014,92.0,"Drama,Mystery,Thriller",6.3,90816,1
tt0356680,The Family Stone,2005,103.0,"Comedy,Drama,Romance",6.3,90805,1
tt0265349,The Mothman Prophecies,2002,119.0,"Drama,Horror,Mystery",6.4,90805,1
tt0110074,The Hudsucker Proxy,1994,111.0,"Comedy,Drama,Fantasy",7.2,90786,1
tt3530002,The Night Before,2015,101.0,"Comedy,Fantasy",6.4,90725,1
tt6977338,Good Boys,2019,90.0,"Adventure,Comedy",6.7,90718,1
tt30825738,Star Wars: The Mandalorian and Grogu,2026,132.0,"Action,Adventure,Family",6.8,90690,1
tt9179430,Vikram,2022,175.0,"Action,Crime,Thriller",8.3,90675,1
tt0346156,Sky Captain and the World of Tomorrow,2004,106.0,"Action,Adventure,Mystery",6.1,90611,1
tt1486192,The Raven,2012,110.0,"Crime,Drama,Mystery",6.4,90570,1
tt1625346,Young Adult,2011,94.0,"Comedy,Drama",6.3,90479,1
tt0117333,Phenomenon,1996,123.0,"Drama,Fantasy,Romance",6.5,90459,1
tt0186566,Space Cowboys,2000,130.0,"Action,Adventure,Thriller",6.5,90459,1
tt0084503,Pink Floyd: The Wall,1982,95.0,"Drama,Fantasy,Music",8.0,90445,1
tt22048412,MaXXXine,2024,103.0,"Crime,Horror",6.2,90429,1
tt0097778,Look Who's Talking,1989,93.0,"Comedy,Romance",6.0,90406,1
tt0054997,The Hustler,1961,134.0,"Drama,Sport",7.9,90384,1
tt3661210,The Dig,2021,112.0,"Biography,Drama,History",7.1,90305,1
tt0477051,Norbit,2007,102.0,"Comedy,Romance",4.3,90253,1
tt0106965,Free Willy,1993,112.0,"Adventure,Drama,Family",6.1,90116,1
tt1020558,Centurion,2010,97.0,"Action,Drama,History",6.3,90046,1
tt0815245,The Uninvited,2009,87.0,"Drama,Fantasy,Horror",6.3,90010,1
tt0839980,Semi-Pro,2008,91.0,"Comedy,Sport",5.8,89864,1
tt0465551,Notes on a Scandal,2006,92.0,"Crime,Drama,Romance",7.4,89787,1
tt1093908,Confessions of a Shopaholic,2009,104.0,"Comedy,Romance",5.9,89696,1
tt0120179,Speed 2: Cruise Control,1997,121.0,"Action,Adventure,Crime",4.0,89644,1
tt4540710,Miss Sloane,2016,132.0,Drama,7.5,89591,1
tt0056217,The Man Who Shot Liberty Valance,1962,123.0,"Drama,Western",8.1,89534,1
tt0307479,Solaris,2002,99.0,"Drama,Mystery,Romance",6.2,89513,1
tt0303816,Cabin Fever,2002,93.0,Horror,5.6,89461,1
tt5613484,Mid90s,2018,85.0,"Comedy,Drama",7.4,89427,1
tt0369702,The Sea Inside,2004,126.0,"Biography,Drama",7.9,89311,1
tt3312830,Youth,2015,124.0,"Comedy,Drama,Music",7.3,89246,1
tt0120694,Halloween H20: 20 Years Later,1998,86.0,"Horror,Thriller",5.8,89240,1
tt0043456,The Day the Earth Stood Still,1951,92.0,"Drama,Sci-Fi",7.7,89236,1
tt1726669,Killer Joe,2011,102.0,"Crime,Drama,Thriller",6.7,89200,1
tt32897959,Wuthering Heights,2026,136.0,"Drama,Romance",6.1,89198,1
tt0087803,1984,1984,113.0,"Drama,Sci-Fi",7.0,89151,1
tt6679794,Outlaw King,2018,121.0,"Action,Biography,Drama",6.9,89135,1
tt0130018,I Still Know What You Did Last Summer,1998,100.0,"Horror,Mystery,Thriller",4.8,89107,1
tt0427392,The Invasion,2007,99.0,"Sci-Fi,Thriller",5.9,89098,1
tt2436386,Project Almanac,2015,106.0,"Drama,Mystery,Sci-Fi",6.4,89089,1
tt3861390,Dumbo,2019,112.0,"Adventure,Family,Fantasy",6.2,89069,1
tt0317648,Hidalgo,2004,136.0,"Action,Adventure,Biography",6.7,89069,1
tt1493274,Caught Stealing,2025,107.0,"Comedy,Crime,Thriller",6.8,89067,1
tt0088161,Splash,1984,111.0,"Comedy,Fantasy,Romance",6.3,89046,1
tt1261945,Sex and the City 2,2010,146.0,"Comedy,Drama,Romance",4.6,89027,1
tt0369436,Four Christmases,2008,88.0,"Comedy,Drama,Romance",5.8,89005,1
tt0115734,Bottle Rocket,1996,91.0,"Comedy,Crime,Drama",6.9,88930,1
tt0089175,Fright Night,1985,106.0,Horror,7.1,88901,1
tt2226597,The Mountain Between Us,2017,112.0,"Drama,Thriller",6.4,88807,1
tt9466114,The Idea of You,2024,115.0,"Comedy,Drama,Music",6.3,88787,1
tt9866072,Holidate,2020,104.0,"Comedy,Romance",6.2,88695,1
tt0211933,Awake,2007,84.0,"Crime,Drama,Mystery",6.5,88616,1
tt0118607,Amistad,1997,155.0,"Biography,Drama,History",7.3,88554,1
tt0021884,Frankenstein,1931,70.0,"Drama,Horror,Sci-Fi",7.7,88489,1
tt0082418,Friday the 13th: Part 2,1981,87.0,"Horror,Mystery,Thriller",6.1,88447,1
tt0120828,Six Days Seven Nights,1998,102.0,"Action,Adventure,Comedy",5.9,88432,1
tt0253754,Star Trek: Nemesis,2002,116.0,"Action,Adventure,Sci-Fi",6.4,88403,1
tt7775622,Free Solo,2018,100.0,"Adventure,Documentary,Sport",8.1,88377,1
tt1117385,Felon,2008,104.0,"Action,Drama,Thriller",7.4,88352,1
tt2017038,All Is Lost,2013,106.0,"Action,Adventure,Drama",6.9,88217,1
tt3083016,Beverly Hills Cop: Axel F,2024,118.0,"Action,Comedy,Crime",6.4,88148,1
tt3554046,Space Jam: A New Legacy,2021,115.0,"Adventure,Animation,Comedy",4.5,88116,1
tt3713166,Unfriended,2014,83.0,"Drama,Fantasy,Horror",5.6,88065,1
tt1323045,Frozen,2010,93.0,"Adventure,Thriller",6.1,88024,1
tt0043265,The African Queen,1951,105.0,"Adventure,Drama,Romance",7.7,87980,1
tt2452386,The Fundamentals of Caring,2016,97.0,"Comedy,Drama",7.3,87977,1
tt15574124,Peaky Blinders: The Immortal Man,2026,112.0,"Crime,Drama,History",6.5,87964,1
tt3203606,Trumbo,2015,124.0,"Biography,Drama",7.4,87928,1
tt2179116,The Kings of Summer,2013,95.0,"Adventure,Comedy,Drama",7.1,87911,1
tt1126618,Morning Glory,2010,107.0,"Comedy,Drama,Romance",6.5,87893,1
tt10059518,Unhinged,2020,90.0,"Action,Thriller",6.0,87882,1
tt0059113,Doctor Zhivago,1965,197.0,"Drama,Romance,War",7.9,87861,4
tt0107211,Indecent Proposal,1993,117.0,"Drama,Romance",6.1,87857,1
tt6663582,The Spy Who Dumped Me,2018,117.0,"Action,Adventure,Comedy",6.1,87822,1
tt14114802,The Outfit,2022,105.0,"Crime,Drama,Mystery",7.2,87772,1
tt0120461,Volcano,1997,104.0,"Action,Drama,Sci-Fi",5.6,87729,1
tt1512235,Super,2010,96.0,"Action,Comedy,Crime",6.7,87678,1
tt0112722,Copycat,1995,123.0,"Drama,Mystery,Thriller",6.6,87676,1
tt0075029,The Outlaw Josey Wales,1976,135.0,"Drama,Western",7.8,87651,1
tt1753383,A Dog's Purpose,2017,100.0,"Adventure,Comedy,Drama",7.3,87610,1
tt31184028,Together,2025,102.0,"Horror,Romance",6.7,87546,1
tt3416828,Ice Age: Collision Course,2016,94.0,"Action,Adventure,Animation",5.7,87538,1
tt0109446,The Client,1994,119.0,"Crime,Drama,Mystery",6.7,87477,1
tt0048728,To Catch a Thief,1955,106.0,"Drama,Mystery,Romance",7.4,87470,1
tt2359024,Blue Ruin,2013,90.0,"Crime,Drama,Thriller",7.1,87456,1
tt1619029,Jackie,2016,100.0,"Biography,Drama",6.6,87422,1
tt6265828,A Ghost Story,2017,92.0,"Drama,Fantasy,Mystery",6.8,87373,1
tt4532826,Robin Hood,2018,116.0,"Action,Adventure,Drama",5.4,87367,1
tt7014006,Eighth Grade,2018,93.0,"Comedy,Drama",7.3,87352,1
tt7766378,The Electric State,2025,128.0,"Action,Adventure,Comedy",5.9,87207,1
tt0497116,An Inconvenient Truth,2006,96.0,Documentary,7.4,87146,1
tt0095031,Dirty Rotten Scoundrels,1988,110.0,"Comedy,Crime",7.4,87139,1
tt0795461,Scary Movie 5,2013,86.0,"Comedy,Horror",3.6,87138,1
tt0463034,"You, Me and Dupree",2006,110.0,"Comedy,Romance",5.6,87094,1
tt27714581,Sentimental Value,2025,135.0,"Drama,Family",7.7,87059,1
tt0089686,A Nightmare on Elm Street Part 2: Freddy's Revenge,1985,87.0,Horror,5.5,87051,1
tt7282468,Burning,2018,148.0,"Crime,Drama,Mystery",7.4,87038,1
tt2649554,Midnight Special,2016,112.0,"Drama,Mystery,Sci-Fi",6.6,87019,1
tt2125435,Beasts of the Southern Wild,2012,93.0,"Adventure,Drama,Fantasy",7.2,86989,1
tt0178868,The Ring,1998,96.0,"Horror,Mystery",7.2,86988,1
tt3717252,Underworld: Blood Wars,2016,91.0,"Action,Fantasy,Thriller",5.8,86914,1
tt0370032,Ultraviolet,2006,88.0,"Action,Sci-Fi",4.4,86862,1
tt0120631,Ever After: A Cinderella Story,1998,121.0,"Drama,Romance",7.1,86826,1
tt1220198,The Fourth Kind,2009,98.0,"Horror,Mystery,Sci-Fi",5.9,86798,1
tt2428170,Creep,2014,77.0,"Horror,Thriller",6.3,86716,1
tt0116225,Escape from L.A.,1996,101.0,"Action,Adventure,Sci-Fi",5.7,86700,1
tt0083131,Stripes,1981,106.0,"Comedy,War",6.8,86671,1
tt1418377,"I, Frankenstein",2014,92.0,"Action,Fantasy,Sci-Fi",5.1,86618,1
tt0173840,Final Fantasy: The Spirits Within,2001,106.0,"Action,Adventure,Animation",6.4,86606,1
tt3513498,The Lego Movie 2: The Second Part,2019,107.0,"Adventure,Animation,Comedy",6.5,86605,1
tt0370986,Mysterious Skin,2004,105.0,Drama,7.6,86589,1
tt0112870,Dilwale Dulhania Le Jayenge,1995,181.0,"Drama,Romance",8.0,86561,1
tt0090859,Cobra,1986,87.0,"Action,Crime,Thriller",5.8,86553,1
tt0384680,The Weather Man,2005,102.0,"Comedy,Drama",6.5,86533,1
tt1600195,Abduction,2011,106.0,"Action,Drama,Mystery",5.1,86493,1
tt0477071,Premonition,2007,96.0,"Drama,Fantasy,Mystery",5.9,86492,1
tt1280558,A Wednesday,2008,104.0,"Action,Crime,Drama",8.1,86473,1
tt0053779,La Dolce Vita,1960,174.0,"Comedy,Drama",8.0,86419,1
tt0114558,Strange Days,1995,145.0,"Crime,Drama,Sci-Fi",7.2,86351,1
tt15428134,Dunki,2023,160.0,"Action,Adventure,Comedy",6.5,86340,1
tt1674771,Entourage,2015,104.0,"Comedy,Drama",6.5,86307,1
tt1235522,Broken City,2013,109.0,"Action,Crime,Drama",6.1,86246,1
tt2387559,Delivery Man,2013,105.0,"Comedy,Drama",6.3,86183,1
tt8790086,Kraven the Hunter,2024,127.0,"Action,Adventure,Thriller",5.5,86034,1
tt0385307,Miss Congeniality 2: Armed and Fabulous,2005,115.0,"Action,Comedy,Crime",5.2,85941,1
tt0162650,Shaft,2000,99.0,"Action,Crime,Thriller",6.0,85925,1
tt2002718,Machete Kills,2013,107.0,"Action,Comedy,Crime",5.6,85920,1
tt0494238,Inkheart,2008,106.0,"Adventure,Family,Fantasy",6.1,85841,1
tt0097937,My Left Foot,1989,103.0,"Biography,Drama",7.8,85789,1
tt15255288,Murder Mystery 2,2023,89.0,"Action,Adventure,Comedy",5.7,85742,1
tt0205000,Deuce Bigalow: Male Gigolo,1999,88.0,"Comedy,Romance",5.7,85698,1
tt0102975,Star Trek VI: The Undiscovered Country,1991,110.0,"Action,Adventure,Sci-Fi",7.3,85690,1
tt13669038,Women Talking,2022,104.0,Drama,6.9,85678,1
tt0426592,Superhero Movie,2008,75.0,"Action,Comedy,Sci-Fi",4.8,85665,1
tt4916630,Just Mercy,2019,137.0,"Biography,Crime,Drama",7.6,85659,1
tt4627382,Roofman,2025,126.0,"Biography,Crime,Drama",6.9,85623,1
tt1321511,Oldboy,2013,104.0,"Action,Drama,Mystery",5.8,85604,1
tt0316396,Peter Pan,2003,113.0,"Adventure,Family,Fantasy",6.8,85595,1
tt5033998,Charlie's Angels,2019,118.0,"Action,Adventure,Comedy",5.0,85576,1
tt1355631,The Infiltrator,2016,127.0,"Biography,Crime,Drama",7.0,85569,1
tt0101452,Bill & Ted's Bogus Journey,1991,93.0,"Adventure,Comedy,Fantasy",6.3,85562,1
tt2387433,Dark Skies,2013,97.0,"Horror,Sci-Fi,Thriller",6.3,85544,1
tt0481141,No Reservations,2007,104.0,"Comedy,Drama,Romance",6.4,85510,1
tt0419887,The Kite Runner,2007,128.0,Drama,7.5,85500,1
tt0067185,Harold and Maude,1971,91.0,"Comedy,Drama,Romance",7.8,85488,1
tt0119051,The Edge,1997,117.0,"Action,Adventure,Drama",7.0,85485,1
tt1245112,[Rec]²,2009,85.0,"Horror,Thriller",6.5,85431,1
tt0049833,The Ten Commandments,1956,220.0,"Adventure,Drama,Family",7.9,85427,4
tt0884732,The Wedding Ringer,2015,101.0,"Comedy,Romance",6.6,85416,1
tt2262227,The Book of Life,2014,95.0,"Adventure,Animation,Comedy",7.2,85409,1
tt1098327,Dragonball: Evolution,2009,85.0,"Action,Adventure,Fantasy",2.5,85373,1
tt0377818,The Dukes of Hazzard,2005,104.0,"Action,Adventure,Comedy",5.2,85367,1
tt0085407,The Dead Zone,1983,103.0,"Drama,Fantasy,Thriller",7.1,85356,1
tt0378109,Into the Blue,2005,110.0,"Action,Adventure,Crime",5.9,85332,1
tt6604188,Tron: Ares,2025,119.0,"Action,Adventure,Sci-Fi",6.1,85277,1
tt0111507,Three Colors: White,1994,92.0,"Comedy,Drama,Romance",7.6,85252,1
tt0069762,Badlands,1973,94.0,"Action,Crime,Drama",7.7,85237,1
tt0316356,Open Range,2003,139.0,"Action,Drama,Romance",7.4,85235,1
tt1972571,A Most Wanted Man,2014,122.0,"Crime,Drama,Thriller",6.7,85202,1
tt0864835,Mr. Peabody & Sherman,2014,92.0,"Adventure,Animation,Comedy",6.8,85185,1
tt0416315,Wolf Creek,2005,99.0,"Horror,Thriller",6.2,85180,1
tt0171363,The Haunting,1999,113.0,"Fantasy,Horror,Mystery",5.1,85157,1
tt20850406,Sita Ramam,2022,163.0,"Action,Drama,Musical",8.5,85156,1
tt0056218,The Manchurian Candidate,1962,126.0,"Drama,Thriller",7.9,85151,1
tt1095217,Bad Lieutenant: Port of Call New Orleans,2009,122.0,"Crime,Drama,Mystery",6.6,85144,1
tt1121096,Seventh Son,2014,102.0,"Action,Adventure,Fantasy",5.5,85130,1
tt8291224,Uri: The Surgical Strike,2019,138.0,"Action,Drama,History",8.2,85128,1
tt21692408,Kung Fu Panda 4,2024,94.0,"Action,Adventure,Animation",6.3,85118,1
tt4513674,Café Society,2016,96.0,"Comedy,Drama,Romance",6.6,85111,1
tt0185183,Battlefield Earth,2000,117.0,"Action,Adventure,Sci-Fi",2.5,85110,1
tt1840417,The Words,2012,102.0,"Drama,Mystery,Romance",7.0,85028,1
tt5719748,Cold Pursuit,2019,119.0,"Action,Comedy,Crime",6.2,85025,1
tt1582507,House at the End of the Street,2012,101.0,"Drama,Horror,Mystery",5.5,84997,1
tt1336608,Rock of Ages,2012,123.0,"Comedy,Drama,Musical",5.9,84979,1
tt0094332,The Witches of Eastwick,1987,118.0,"Comedy,Fantasy,Horror",6.6,84949,1
tt1605717,Frank,2014,95.0,"Comedy,Drama,Music",6.9,84859,1
tt0398712,Assault on Precinct 13,2005,109.0,"Action,Crime,Drama",6.3,84839,1
tt1486834,What If,2013,98.0,"Comedy,Romance",6.8,84837,1
tt0811080,Speed Racer,2008,135.0,"Action,Adventure,Comedy",6.1,84834,1
tt0120324,A Simple Plan,1998,121.0,"Crime,Drama,Thriller",7.5,84779,1
tt0335119,Girl with a Pearl Earring,2003,100.0,"Biography,Drama,Romance",6.9,84755,1
tt26548265,Maharaja,2024,141.0,"Action,Crime,Drama",8.3,84702,1
tt0093191,Wings of Desire,1987,128.0,"Drama,Fantasy,Romance",7.9,84629,1
tt0061578,The Dirty Dozen,1967,150.0,"Action,Adventure,War",7.7,84623,1
tt0113824,Whisper of the Heart,1995,111.0,"Animation,Drama,Family",7.8,84472,1
tt1082868,Quarantine,2008,89.0,"Horror,Sci-Fi,Thriller",6.0,84467,1
tt0206314,Joy Ride,2001,97.0,"Mystery,Thriller",6.6,84409,1
tt4477536,Fifty Shades Freed,2018,105.0,"Drama,Mystery,Romance",4.6,84366,1
tt0493430,Jackass Number Two,2006,92.0,"Action,Comedy,Documentary",7.0,84332,1
tt1491044,The Iceman,2012,106.0,"Biography,Crime,Drama",6.8,84325,1
tt0389557,Black Book,2006,145.0,"Drama,Thriller,War",7.7,84296,1
tt13186482,Mufasa: The Lion King,2024,118.0,"Adventure,Animation,Drama",6.6,84290,1
tt9347730,Candyman,2021,91.0,"Horror,Thriller",5.9,84282,1
tt1234719,Red Dawn,2012,93.0,"Action,War",5.3,84268,1
tt10403420,Terrifier 2,2022,138.0,Horror,6.0,84173,1
tt1424432,Senna,2010,106.0,"Biography,Documentary,Sport",8.4,84153,1
tt1185834,Star Wars: The Clone Wars,2008,98.0,"Action,Adventure,Animation",6.0,84091,1
tt8093700,The Woman King,2022,135.0,"Action,Drama,History",6.9,84047,1
tt0080453,The Blue Lagoon,1980,104.0,"Adventure,Drama,Romance",5.8,84018,1
tt1137450,Death Wish,2018,107.0,"Action,Crime,Drama",6.3,83991,1
tt18259086,Sonic the Hedgehog 3,2024,110.0,"Action,Adventure,Comedy",6.9,83970,1
tt0097815,Major League,1989,107.0,"Comedy,Sport",7.3,83921,1
tt0119925,The Postman,1997,177.0,"Action,Adventure,Drama",6.1,83898,1
tt5657856,Brawl in Cell Block 99,2017,132.0,"Crime,Drama,Thriller",7.1,83886,1
tt10665342,Halloween Ends,2022,111.0,"Horror,Mystery,Romance",5.0,83845,1
tt1352824,Chloe,2009,96.0,"Drama,Mystery,Thriller",6.2,83784,1
tt7510222,Despicable Me 4,2024,94.0,"Adventure,Animation,Comedy",6.2,83782,1
tt1740707,Troll Hunter,2010,103.0,"Drama,Fantasy,Thriller",6.9,83777,1
tt0139809,The Thirteenth Floor,1999,100.0,"Mystery,Sci-Fi,Thriller",7.0,83748,1
tt0975645,Hitchcock,2012,98.0,"Biography,Drama,Romance",6.8,83706,1
tt0338095,High Tension,2003,91.0,Horror,6.7,83701,1
tt10160976,The Nun II,2023,110.0,"Horror,Mystery,Thriller",5.6,83643,1
tt0120844,Star Trek: Insurrection,1998,103.0,"Action,Adventure,Sci-Fi",6.4,83634,1
tt0133952,The Siege,1998,116.0,"Action,Thriller",6.4,83609,1
tt0061184,Who's Afraid of Virginia Woolf?,1966,131.0,Drama,8.0,83607,1
tt30057084,Babygirl,2024,114.0,"Drama,Romance,Thriller",5.7,83492,1
tt0066026,M*A*S*H,1970,116.0,"Comedy,Drama,War",7.3,83485,1
tt0088286,Top Secret!,1984,90.0,"Comedy,Crime,Music",7.2,83466,1
tt4995790,The Square,2017,151.0,"Comedy,Drama",7.1,83343,1
tt0421206,Gridiron Gang,2006,125.0,"Biography,Crime,Drama",6.9,83298,1
tt1655460,Wanderlust,2012,98.0,"Comedy,Romance",5.6,83212,1
tt4361050,Ouija: Origin of Evil,2016,99.0,"Drama,Horror,Mystery",6.2,83208,1
tt17490712,Mortal Kombat II,2026,116.0,"Action,Adventure,Fantasy",6.3,83198,1
tt0113071,First Knight,1995,134.0,"Action,Adventure,Drama",6.0,83134,1
tt6246322,Don't Breathe 2,2021,98.0,"Action,Crime,Horror",6.0,83068,1
tt0077745,Invasion of the Body Snatchers,1978,115.0,"Horror,Sci-Fi",7.4,83032,1
tt0114436,Showgirls,1995,131.0,Drama,5.2,82978,1
tt0995039,Ghost Town,2008,102.0,"Comedy,Drama,Fantasy",6.7,82877,1
tt10919380,Freaky,2020,102.0,"Comedy,Horror,Thriller",6.3,82828,1
tt1645089,Inside Job,2010,109.0,"Crime,Documentary",8.2,82801,1
tt9686708,The King of Staten Island,2020,136.0,"Comedy,Drama",7.1,82792,1
tt0113243,Hackers,1995,105.0,"Crime,Drama,Romance",6.2,82752,1
tt8814476,Supergirl,2026,108.0,"Action,Adventure,Drama",5.9,82705,1
tt0483607,Doomsday,2008,105.0,"Action,Sci-Fi,Thriller",5.9,82618,1
tt9100054,The Lost Daughter,2021,121.0,Drama,6.7,82586,1
tt0420294,The Texas Chainsaw Massacre: The Beginning,2006,91.0,Horror,5.8,82571,1
tt0310775,Sympathy for Mr. Vengeance,2002,129.0,"Crime,Drama,Thriller",7.5,82570,1
tt0104940,The Muppet Christmas Carol,1992,85.0,"Comedy,Drama,Family",7.8,82568,1
tt0971209,A Perfect Getaway,2009,98.0,"Drama,Mystery,Thriller",6.5,82550,1
tt1893256,Redemption,2013,100.0,"Action,Crime,Drama",6.2,82518,1
tt8368512,The Courier,2020,112.0,"Drama,History,Mystery",7.2,82486,1
tt0254686,The Piano Teacher,2001,131.0,"Drama,Music,Romance",7.5,82470,1
tt10554232,Dara of Jasenovac,2020,130.0,"Drama,War",8.0,82452,1
tt0078841,Being There,1979,130.0,"Comedy,Drama",7.9,82425,1
tt12536294,Spencer,2021,117.0,"Biography,Drama",6.5,82411,1
tt1608290,Zoolander 2,2016,101.0,"Action,Adventure,Comedy",4.7,82400,1
tt0841046,Walk Hard: The Dewey Cox Story,2007,96.0,"Comedy,Music",6.9,82393,1
tt0347304,Kal Ho Naa Ho,2003,186.0,"Comedy,Drama,Musical",7.9,82365,4
tt14109724,Ticket to Paradise,2022,104.0,"Comedy,Drama,Romance",6.1,82321,1
tt1152398,Beastly,2011,86.0,"Drama,Fantasy,Romance",5.5,82225,1
tt2937898,A Most Violent Year,2014,125.0,"Crime,Drama,Thriller",6.9,82187,1
tt1712261,Triple 9,2016,115.0,"Action,Crime,Drama",6.3,82169,1
tt0103786,Beethoven,1992,87.0,"Comedy,Drama,Family",5.8,82168,1
tt8115900,The Bad Guys,2022,100.0,"Adventure,Animation,Comedy",6.9,82165,1
tt1448754,Thanksgiving,2023,106.0,"Horror,Mystery,Thriller",6.2,82153,1
tt0100263,La Femme Nikita,1990,117.0,"Action,Crime,Drama",7.2,82153,1
tt0219699,The Gift,2000,111.0,"Drama,Fantasy,Horror",6.7,82132,1
tt0462465,Outlander,2008,115.0,"Action,Adventure,Sci-Fi",6.2,82089,1
tt1190539,The Chaser,2008,125.0,"Action,Crime,Drama",7.8,82059,1
tt0091167,Hannah and Her Sisters,1986,107.0,"Comedy,Drama",7.8,82058,1
tt0368909,Ong-Bak: The Thai Warrior,2003,105.0,"Action,Crime,Thriller",7.2,82043,1
tt0095963,Red Heat,1988,104.0,"Action,Comedy,Crime",6.2,82028,1
tt1149362,The White Ribbon,2009,144.0,"Drama,Mystery,Thriller",7.8,82011,1
tt15326988,Ghosted,2023,117.0,"Action,Adventure,Comedy",5.8,82006,1
tt0113481,Johnny Mnemonic,1995,96.0,"Action,Drama,Sci-Fi",5.6,81933,1
tt0163988,Bringing Out the Dead,1999,121.0,"Drama,Thriller",6.9,81844,1
tt6802400,Coming 2 America,2021,110.0,"Comedy,Music",5.3,81842,1
tt0120749,Mercury Rising,1998,111.0,"Action,Crime,Drama",6.1,81782,1
tt0446059,Fearless,2006,104.0,"Action,Biography,Drama",7.5,81691,1
tt1972779,The Best of Me,2014,118.0,"Drama,Romance",6.7,81686,1
tt0242519,Hera Pheri,2000,156.0,"Action,Comedy,Crime",8.2,81671,1
tt0327679,Ella Enchanted,2004,96.0,"Comedy,Family,Fantasy",6.3,81660,1
tt0062765,Bullitt,1968,114.0,"Action,Crime,Thriller",7.4,81634,1
tt5726086,Insidious: The Last Key,2018,103.0,"Horror,Mystery,Thriller",5.7,81618,1
tt8688634,21 Bridges,2019,99.0,"Action,Adventure,Crime",6.7,81584,1
tt0098536,Turner & Hooch,1989,100.0,"Comedy,Crime,Drama",6.2,81566,1
tt9531772,Sooryavanshi,2021,145.0,"Action,Crime,Drama",5.8,81559,1
tt1846589,Hunter Killer,2018,121.0,"Action,Thriller",6.6,81550,1
tt26443616,Hoppers,2026,104.0,"Adventure,Animation,Comedy",7.2,81473,1
tt0233469,Collateral Damage,2002,108.0,"Action,Drama,Thriller",5.5,81454,1
tt1216496,Mother,2009,129.0,"Crime,Drama,Mystery",7.7,81395,1
tt1273235,A Serbian Film,2010,104.0,"Horror,Mystery,Thriller",4.9,81368,1
tt1527788,The Man from Nowhere,2010,119.0,"Action,Crime,Drama",7.7,81348,1
tt0866439,Made of Honor,2008,101.0,"Comedy,Romance",5.9,81316,1
tt0443489,Dreamgirls,2006,130.0,"Drama,Musical",6.6,81304,1
tt3007512,The Water Diviner,2014,111.0,"Drama,History,War",7.0,81290,1
tt0099052,Arachnophobia,1990,109.0,"Comedy,Horror,Thriller",6.5,81267,1
tt0340377,The Station Agent,2003,89.0,"Comedy,Drama",7.6,81223,1
tt32820897,Demon Slayer: Kimetsu No Yaiba Infinity Castle,2025,155.0,"Action,Adventure,Animation",8.4,81185,1
tt3215824,Those Who Wish Me Dead,2021,100.0,"Action,Drama,Thriller",6.0,81076,1
tt14509110,No One Will Save You,2023,93.0,"Horror,Mystery,Sci-Fi",6.2,81065,1
tt0116040,Daylight,1996,114.0,"Action,Adventure,Drama",6.0,81024,1
tt0086393,Superman III,1983,125.0,"Action,Adventure,Comedy",5.0,80982,1
tt0970452,Solomon Kane,2009,104.0,"Action,Adventure,Fantasy",6.1,80954,1
tt4877122,The Emoji Movie,2017,86.0,"Adventure,Animation,Comedy",3.5,80927,1
tt0120686,Stepmom,1998,125.0,"Comedy,Drama",6.8,80886,1
tt12262116,Thirteen Lives,2022,147.0,"Biography,Drama,Thriller",7.8,80858,1
tt9150192,A Working Man,2025,116.0,"Action,Thriller",5.7,80765,1
tt8912936,DC League of Super-Pets,2022,105.0,"Action,Adventure,Animation",6.8,80695,1
tt24268454,The Kerala Story,2023,138.0,Drama,6.7,80694,1
tt0457400,Land of the Lost,2009,102.0,"Action,Adventure,Comedy",5.4,80666,1
tt0411061,88 Minutes,2007,108.0,"Crime,Drama,Mystery",5.9,80636,1
tt21192142,All of Us Strangers,2023,105.0,"Drama,Romance",7.6,80616,1
tt0094947,Dangerous Liaisons,1988,119.0,"Drama,Romance",7.5,80599,1
tt0147612,Happiness,1998,140.0,"Comedy,Drama",7.7,80584,1
tt1433811,Disconnect,2012,115.0,"Crime,Drama,Mystery",7.5,80501,1
tt0113957,The Net,1995,114.0,"Action,Crime,Drama",6.0,80487,1
tt0333780,"Legally Blonde 2: Red, White & Blonde",2003,95.0,Comedy,4.8,80467,1
tt0089469,Legend,1985,89.0,"Adventure,Fantasy,Romance",6.3,80465,1
tt0844479,The Collector,2009,90.0,"Horror,Thriller",6.3,80433,1
tt3045616,Mortdecai,2015,107.0,"Action,Adventure,Comedy",5.5,80417,1
tt13841850,Men,2022,100.0,"Drama,Fantasy,Horror",6.0,80380,1
tt0292490,Dil Chahta Hai,2001,183.0,"Comedy,Drama,Romance",8.0,80343,4
tt0088993,Day of the Dead,1985,101.0,"Horror,Thriller",7.1,80334,1
tt0139239,Go,1999,102.0,"Comedy,Crime",7.2,80304,1
tt1186367,Ninja Assassin,2009,99.0,"Action,Thriller",6.3,80278,1
tt1937149,The Body,2012,112.0,"Crime,Drama,Mystery",7.6,80275,1
tt1711425,21 & Over,2013,93.0,Comedy,5.8,80238,1
tt0387877,The Black Dahlia,2006,121.0,"Crime,Drama,Mystery",5.6,80236,1
tt5461944,Hotel Mumbai,2018,123.0,"Action,Drama,History",7.6,80166,1
tt6673612,Dolittle,2020,101.0,"Adventure,Comedy,Family",5.6,80152,1
tt1014763,Child 44,2015,137.0,"Crime,Drama,History",6.4,80133,1
tt0317303,Daddy Day Care,2003,92.0,"Comedy,Family",5.7,80100,1
tt0183523,Mission to Mars,2000,114.0,"Adventure,Sci-Fi,Thriller",5.7,80079,1
tt0111301,Street Fighter,1994,102.0,"Action,Adventure,Comedy",4.2,79977,1
tt13521006,Beau Is Afraid,2023,179.0,"Comedy,Drama,Horror",6.6,79974,1
tt2051879,Europa Report,2013,90.0,"Drama,Mystery,Sci-Fi",6.4,79959,1
tt0110989,Richie Rich,1994,95.0,"Comedy,Family",5.5,79911,1
tt0445990,Invincible,2006,105.0,"Biography,Drama,Sport",7.0,79868,1
tt2356180,Bhaag Milkha Bhaag,2013,186.0,"Biography,Drama,Sport",8.2,79765,4
tt0103241,What About Bob?,1991,99.0,Comedy,7.0,79677,1
tt9115530,The Eyes of Tammy Faye,2021,126.0,"Biography,Drama,Romance",6.6,79664,1
tt5113040,The Secret Life of Pets 2,2019,86.0,"Adventure,Animation,Comedy",6.4,79654,1
tt4765284,Pitch Perfect 3,2017,93.0,"Comedy,Music",5.8,79584,1
tt31050594,Mercy,2026,99.0,"Action,Crime,Drama",6.2,79536,1
tt1178663,Whatever Works,2009,93.0,"Comedy,Romance",7.1,79532,1
tt13927994,Salaar,2023,175.0,"Action,Crime,Drama",6.7,79524,1
tt0329575,Seabiscuit,2003,140.0,"Drama,History,Sport",7.3,79368,1
tt6214928,1922,2017,102.0,"Crime,Drama,Horror",6.2,79360,1
tt0089885,Re-Animator,1985,84.0,"Comedy,Horror,Sci-Fi",7.1,79333,1
tt0398017,Derailed,2005,108.0,"Crime,Drama,Thriller",6.6,79315,1
tt9731534,The Night House,2020,107.0,"Horror,Mystery,Thriller",6.4,79314,1
tt26932223,Bhool Bhulaiyaa 3,2024,158.0,"Comedy,Fantasy,Horror",4.6,79268,1
tt21454134,The Bikeriders,2023,116.0,"Crime,Drama",6.6,79237,1
tt1655389,Blonde,2022,167.0,"Biography,Drama,History",5.4,79183,1
tt0116683,James and the Giant Peach,1996,79.0,"Adventure,Animation,Family",6.7,79164,1
tt0146336,Urban Legend,1998,99.0,"Horror,Mystery,Thriller",5.6,79145,1
tt2401878,Anomalisa,2015,90.0,"Animation,Comedy,Drama",7.2,79081,1
tt0086006,Never Say Never Again,1983,134.0,"Action,Adventure,Thriller",6.1,79064,1
tt0032904,The Philadelphia Story,1940,112.0,"Comedy,Romance",7.8,79062,1
tt8589698,Teenage Mutant Ninja Turtles: Mutant Mayhem,2023,99.0,"Action,Adventure,Animation",7.2,79030,1
tt0093565,Moonstruck,1987,102.0,"Comedy,Drama,Romance",7.2,79015,1
tt0117887,That Thing You Do!,1996,108.0,"Comedy,Drama,Music",7.0,78980,1
tt6133466,The First Purge,2018,97.0,"Action,Horror,Sci-Fi",5.2,78968,1
tt0374536,Bewitched,2005,102.0,"Comedy,Fantasy,Romance",4.9,78892,1
tt6902676,Guns Akimbo,2019,98.0,"Action,Comedy,Crime",6.3,78812,1
tt0243736,40 Days and 40 Nights,2002,96.0,"Comedy,Romance",5.6,78713,1
tt0120053,The Saint,1997,116.0,"Action,Adventure,Romance",6.2,78637,1
tt0118972,The Devil's Own,1997,111.0,"Action,Crime,Drama",6.2,78629,1
tt10514222,Ma Rainey's Black Bottom,2020,94.0,"Drama,Music",6.9,78609,1
tt0790628,The Incredible Burt Wonderstone,2013,100.0,Comedy,5.9,78581,1
tt0046438,Tokyo Story,1953,137.0,Drama,8.1,78568,1
tt0169858,Neon Genesis Evangelion: The End of Evangelion,1997,87.0,"Action,Animation,Drama",8.1,78555,1
tt0097647,The Karate Kid Part III,1989,112.0,"Action,Drama,Family",5.4,78545,1
tt1320261,Gulliver's Travels,2010,85.0,"Adventure,Comedy,Family",4.9,78503,1
tt0110216,Junior,1994,109.0,"Comedy,Romance,Sci-Fi",4.8,78469,1
tt1586265,What to Expect When You're Expecting,2012,110.0,"Comedy,Drama,Romance",5.7,78469,1
tt10342730,Spiral,2021,93.0,"Crime,Drama,Horror",5.2,78456,1
tt0052561,Anatomy of a Murder,1959,161.0,"Drama,Mystery",8.0,78448,1
tt1243974,Aloha,2015,105.0,"Comedy,Drama,Romance",5.4,78441,1
tt0414055,Elizabeth: The Golden Age,2007,114.0,"Biography,Drama,History",6.8,78422,1
tt0089907,The Return of the Living Dead,1985,91.0,"Comedy,Horror,Sci-Fi",7.3,78421,1
tt10696784,The Harder They Fall,2021,139.0,"Action,Drama,Western",6.6,78390,1
tt0287717,Spy Kids 2: Island of Lost Dreams,2002,100.0,"Action,Adventure,Comedy",5.3,78342,1
tt0403702,Youth in Revolt,2009,90.0,"Comedy,Drama,Romance",6.4,78308,1
tt0110932,Quiz Show,1994,133.0,"Biography,Drama,History",7.5,78269,1
tt2039393,The Gambler,2014,111.0,"Crime,Drama,Thriller",6.0,78254,1
tt0386032,Sicko,2007,123.0,"Documentary,Drama",8.0,78229,1
tt0124298,Blast from the Past,1999,112.0,"Comedy,Drama,Romance",6.7,78219,1
tt14992922,The Tinder Swindler,2022,114.0,"Crime,Documentary",7.1,78218,1
tt0804461,Death Sentence,2007,105.0,"Action,Crime,Thriller",6.7,78208,1
tt0131325,Bowfinger,1999,97.0,Comedy,6.5,78202,1
tt0344510,A Very Long Engagement,2004,133.0,"Drama,Mystery,Romance",7.6,78201,1
tt0305711,Just Married,2003,95.0,"Comedy,Romance",5.5,78138,1
tt0414852,District B13,2004,84.0,"Action,Crime,Sci-Fi",7.1,78071,1
tt1034389,The Eagle,2011,114.0,"Action,Adventure,Drama",6.2,78047,1
tt0120738,Lost in Space,1998,130.0,"Action,Adventure,Sci-Fi",5.3,78043,1
tt4901306,Perfect Strangers,2016,96.0,"Comedy,Drama,Thriller",7.7,78023,1
tt1343097,The Girl Who Kicked the Hornet's Nest,2009,147.0,"Crime,Drama,Mystery",7.3,78003,1
tt0036613,Arsenic and Old Lace,1944,118.0,"Comedy,Crime,Thriller",7.9,77983,1
tt0237572,The Pledge,2001,124.0,"Crime,Drama,Mystery",6.7,77960,1
tt0145531,Stigmata,1999,103.0,"Horror,Mystery",6.2,77861,1
tt0083791,The Dark Crystal,1982,93.0,"Adventure,Family,Fantasy",7.1,77773,1
tt14039582,Drive My Car,2021,179.0,Drama,7.5,77730,1
tt7737528,Kate,2021,106.0,"Action,Adventure,Crime",6.3,77726,1
tt0478134,In the Valley of Elah,2007,121.0,"Crime,Drama,Mystery",7.1,77723,1
tt1583420,Larry Crowne,2011,98.0,"Comedy,Drama,Romance",6.1,77686,1
tt0245562,Windtalkers,2002,134.0,"Action,Drama,War",6.1,77669,1
tt1758810,The Snowman,2017,119.0,"Crime,Drama,Horror",5.2,77666,1
tt0165929,Romeo Must Die,2000,115.0,"Action,Crime,Thriller",6.1,77559,1
tt2452244,Isn't It Romantic,2019,89.0,"Comedy,Fantasy,Musical",5.9,77548,1
tt0093693,Overboard,1987,112.0,"Comedy,Romance",6.9,77510,1
tt0082085,Blow Out,1981,108.0,"Crime,Drama,Mystery",7.4,77507,1
tt5304992,Set It Up,2018,105.0,"Comedy,Romance",6.5,77443,1
tt0861689,Blindness,2008,121.0,"Drama,Mystery,Thriller",6.5,77425,1
tt0104868,The Mighty Ducks,1992,104.0,"Comedy,Drama,Family",6.6,77414,1
tt0237534,Brotherhood of the Wolf,2001,142.0,"Action,Adventure,Drama",7.0,77414,1
tt0264472,Changing Lanes,2002,98.0,"Drama,Thriller",6.5,77328,1
tt6079516,I See You,2019,98.0,"Horror,Mystery,Thriller",6.8,77291,1
tt12735488,Kalki 2898 AD,2024,180.0,"Action,Adventure,Sci-Fi",7.0,77287,1
tt11655202,Riders of Justice,2020,116.0,"Action,Comedy,Drama",7.5,77245,1
tt12908150,The Life of Chuck,2024,111.0,"Drama,Fantasy,Sci-Fi",7.3,77223,1
tt2372222,Kick,2014,146.0,"Action,Comedy,Crime",5.9,77223,1
tt4126476,After,2019,105.0,"Drama,Romance",5.3,77208,1
tt0120177,Spawn,1997,96.0,"Action,Crime,Drama",5.2,77174,1
tt0329774,xXx: State of the Union,2005,101.0,"Action,Adventure,Crime",4.5,77123,1
tt4169250,M.S. Dhoni: The Untold Story,2016,184.0,"Biography,Drama,Sport",8.0,76975,4
tt8239946,Tumbbad,2018,108.0,"Drama,Fantasy,Horror",8.2,76973,1
tt9701942,Fear Street: Part Three - 1666,2021,114.0,"Horror,Mystery",6.6,76966,1
tt0036868,The Best Years of Our Lives,1946,170.0,"Drama,Romance,War",8.1,76925,1
tt2545118,Blackfish,2013,83.0,"Documentary,Drama,Thriller",8.1,76921,1
tt1186830,Agora,2009,127.0,"Adventure,Biography,Drama",7.1,76902,1
tt11214558,The Smashing Machine,2025,123.0,"Action,Biography,Drama",6.3,76890,1
tt0986233,Hunger,2008,96.0,"Biography,Crime,Drama",7.5,76837,1
tt0049470,The Man Who Knew Too Much,1956,120.0,"Crime,Drama,Mystery",7.4,76777,1
tt0010323,The Cabinet of Dr. Caligari,1920,67.0,"Horror,Mystery,Thriller",8.0,76769,2
tt2140619,Two Night Stand,2014,86.0,"Comedy,Romance",6.3,76759,1
tt2125608,Searching for Sugar Man,2012,86.0,"Biography,Documentary,Music",8.2,76735,1
tt0058946,The Battle of Algiers,1966,121.0,"Drama,War",8.1,76702,1
tt0203119,Sexy Beast,2000,89.0,"Crime,Drama,Thriller",7.3,76638,1
tt0401711,"Paris, Je T'aime",2006,120.0,"Comedy,Drama,Romance",7.2,76606,1
tt0120148,Sliding Doors,1998,99.0,"Comedy,Drama,Fantasy",6.7,76536,1
tt0808506,The Girl Who Leapt Through Time,2006,98.0,"Adventure,Animation,Comedy",7.6,76524,1
tt0047437,Sabrina,1954,113.0,"Comedy,Drama,Romance",7.6,76519,1
tt6850820,Peppermint,2018,101.0,"Action,Adventure,Drama",6.5,76504,1
tt0115751,Breaking the Waves,1996,153.0,Drama,7.8,76475,1
tt11976134,Singham Again,2024,144.0,"Action,Crime,Drama",4.3,76450,1
tt0862846,Sunshine Cleaning,2008,91.0,"Comedy,Drama",6.8,76410,1
tt0480669,Timecrimes,2007,92.0,"Horror,Mystery,Sci-Fi",7.1,76409,1
tt7737800,Woman of the Hour,2023,95.0,"Crime,Drama,Mystery",6.6,76299,1
tt0074860,Marathon Man,1976,125.0,"Crime,Drama,Thriller",7.4,76297,1
tt0125659,Open Your Eyes,1997,119.0,"Drama,Mystery,Sci-Fi",7.7,76289,1
tt0218839,Best in Show,2000,90.0,Comedy,7.5,76237,1
tt2105044,V/H/S,2012,116.0,"Fantasy,Horror,Mystery",5.8,76187,1
tt0301470,Jeepers Creepers 2,2003,104.0,Horror,5.7,76166,1
tt0315983,House of Sand and Fog,2003,126.0,"Crime,Drama",7.5,76165,1
tt4712810,Now You See Me: Now You Don't,2025,113.0,"Crime,Thriller",5.9,76146,1
tt2273657,True Story,2015,99.0,"Biography,Crime,Drama",6.3,76092,1
tt1374992,Upside Down,2012,109.0,"Drama,Romance,Sci-Fi",6.3,76079,1
tt1702443,Justin Bieber: Never Say Never,2011,105.0,"Documentary,Music",1.7,76067,0
tt0256009,The Devil's Backbone,2001,106.0,"Drama,Horror,Thriller",7.3,76048,1
tt8637428,The Farewell,2019,100.0,"Comedy,Drama",7.5,76027,1
tt0805570,The Midnight Meat Train,2008,100.0,"Horror,Mystery,Thriller",6.0,75973,1
tt0076618,The Rescuers,1977,77.0,"Adventure,Animation,Comedy",6.9,75962,1
tt6475714,Monster Hunter,2020,103.0,"Action,Adventure,Fantasy",5.2,75943,1
tt1763303,The First Time,2012,95.0,"Comedy,Drama,Romance",6.8,75933,1
tt0036342,Shadow of a Doubt,1943,108.0,"Drama,Film-Noir,Mystery",7.7,75914,1
tt4971344,The Sisters Brothers,2018,122.0,"Drama,Western",6.9,75833,1
tt0116231,The Bandit,1996,128.0,"Crime,Drama",8.1,75788,1
tt4680182,Colossal,2016,109.0,"Comedy,Drama,Fantasy",6.2,75576,1
tt0368709,Elizabethtown,2005,123.0,"Comedy,Drama,Romance",6.3,75574,1
tt1268799,A Very Harold & Kumar Christmas,2011,90.0,"Adventure,Comedy",6.2,75548,1
tt0106226,The Age of Innocence,1993,139.0,"Drama,Romance",7.2,75484,1
tt0089670,National Lampoon's European Vacation,1985,95.0,"Adventure,Comedy",6.2,75476,1
tt0119558,Lolita,1997,137.0,"Drama,Romance",6.8,75459,1
tt4080728,A Man Called Ove,2015,116.0,"Comedy,Drama,Romance",7.7,75457,1
tt0099365,Darkman,1990,96.0,"Action,Sci-Fi,Thriller",6.4,75437,1
tt3014866,Criminal,2016,113.0,"Action,Adventure,Drama",6.3,75386,1
tt0450345,The Wicker Man,2006,102.0,"Horror,Mystery,Thriller",3.8,75357,1
tt0377471,Be Cool,2005,119.0,"Comedy,Crime,Music",5.6,75350,1
tt0108002,Rudy,1993,114.0,"Biography,Drama,Sport",7.5,75340,1
tt10168670,Bones and All,2022,131.0,"Drama,Horror,Romance",6.8,75332,1
tt0071877,Murder on the Orient Express,1974,128.0,"Crime,Drama,Mystery",7.2,75278,1
tt1366344,The Sitter,2011,81.0,Comedy,5.6,75234,1
tt0112682,The City of Lost Children,1995,112.0,"Adventure,Drama,Fantasy",7.4,75229,1
tt0104815,El Mariachi,1992,81.0,"Action,Crime,Thriller",6.8,75227,1
tt2025690,The Finest Hours,2016,117.0,"Action,Drama,History",6.7,75122,1
tt8368368,The Apprentice,2024,122.0,"Biography,Drama,History",7.1,75117,1
tt6772950,Truth or Dare,2018,100.0,"Horror,Mystery,Thriller",5.3,75034,1
tt0365376,A Tale of Two Sisters,2003,114.0,"Drama,Horror,Mystery",7.1,75020,1
tt2106361,Into the Storm,2014,89.0,"Action,Adventure,Drama",5.8,74983,1
tt0191397,The Replacements,2000,118.0,"Comedy,Sport",6.6,74978,1
tt10365998,Infinity Pool,2023,117.0,"Crime,Horror,Mystery",6.0,74975,1
tt0300051,Jersey Girl,2004,102.0,"Comedy,Drama,Romance",6.2,74956,1
tt3716530,Elle,2016,130.0,"Action,Crime,Drama",7.1,74909,1
tt27131358,We Live in Time,2024,108.0,"Drama,Romance",7.0,74895,1
tt4687108,In the Tall Grass,2019,101.0,"Horror,Mystery,Sci-Fi",5.5,74843,1
tt10280276,Coolie No. 1,2020,134.0,"Action,Comedy,Romance",4.2,74824,1
tt0219965,Bandits,2001,123.0,"Action,Comedy,Crime",6.5,74801,1
tt1800302,Gold,2016,120.0,"Biography,Crime,Drama",6.7,74797,1
tt13640696,See How They Run,2022,98.0,"Comedy,Crime,Mystery",6.5,74751,1
tt0081633,Time Bandits,1981,110.0,"Adventure,Comedy,Fantasy",6.9,74749,1
tt1912398,God Bless America,2011,105.0,"Comedy,Crime,Drama",7.1,74740,1
tt15654328,Leo,2023,164.0,"Action,Crime,Drama",7.2,74734,1
tt1291570,Solace,2015,101.0,"Crime,Drama,Mystery",6.4,74731,1
tt0070723,Soylent Green,1973,97.0,"Crime,Mystery,Sci-Fi",7.0,74729,1
tt5988370,Reis,2017,108.0,"Biography,Drama",1.0,74722,0
tt3960412,Popstar: Never Stop Never Stopping,2016,87.0,"Comedy,Drama,Music",6.7,74692,1
tt3774694,Love,2015,135.0,"Drama,Romance",6.1,74662,1
tt3099498,Tusk,2014,102.0,"Comedy,Horror",5.4,74655,1
tt2109184,Paranormal Activity 4,2012,88.0,"Horror,Mystery",4.7,74628,1
tt1226753,The Debt,2010,113.0,"Drama,Thriller",6.8,74627,1
tt0364517,Love Me If You Dare,2003,93.0,"Comedy,Drama,Romance",7.5,74563,1
tt7130300,The Woman in Cabin 10,2025,92.0,"Drama,Mystery,Thriller",5.8,74549,1
tt0096487,Young Guns,1988,107.0,"Action,Drama,Western",6.8,74533,1
tt0082348,Excalibur,1981,140.0,"Adventure,Drama,Fantasy",7.3,74513,1
tt1591479,Act of Valor,2012,110.0,"Action,Adventure,Thriller",6.4,74412,1
tt0132347,Mystery Men,1999,121.0,"Action,Comedy,Fantasy",6.1,74334,1
tt1242422,Cell 211,2009,113.0,"Action,Crime,Drama",7.6,74315,1
tt0053221,Rio Bravo,1959,141.0,Western,7.9,74251,1
tt1298644,The Hustle,2019,93.0,"Comedy,Crime",5.5,74212,1
tt0046268,The Wages of Fear,1953,156.0,"Adventure,Drama,Thriller",8.1,74197,1
tt0331632,Scooby-Doo 2: Monsters Unleashed,2004,93.0,"Adventure,Comedy,Family",5.4,74148,1
tt0120731,The Legend of 1900,1998,169.0,"Drama,Music,Romance",8.0,74121,1
tt9783600,Spiderhead,2022,106.0,"Action,Crime,Drama",5.5,74119,1
tt0111255,The Specialist,1994,110.0,"Action,Drama,Thriller",5.6,74086,1
tt1430607,Arthur Christmas,2011,97.0,"Adventure,Animation,Comedy",7.1,74054,1
tt9052870,Chhichhore,2019,143.0,"Comedy,Drama,Romance",8.3,74037,1
tt0486551,Beerfest,2006,110.0,"Comedy,Sport",6.3,73991,1
tt0068699,High Plains Drifter,1973,105.0,"Drama,Western",7.4,73968,1
tt4614584,Purple Hearts,2022,122.0,"Drama,Music,Romance",6.7,73949,1
tt2870756,Magic in the Moonlight,2014,97.0,"Comedy,Drama,Romance",6.5,73933,1
tt0088933,Cocoon,1985,117.0,"Comedy,Drama,Sci-Fi",6.7,73922,1
tt0391304,A Lot Like Love,2005,107.0,"Comedy,Drama,Romance",6.6,73836,1
tt13651794,May December,2023,117.0,"Comedy,Drama",6.7,73821,1
tt1850457,Sisters,2015,118.0,Comedy,6.0,73815,1
tt0046911,Diabolique,1955,117.0,"Crime,Drama,Horror",8.1,73773,1
tt22408160,Kinds of Kindness,2024,164.0,"Comedy,Drama,Horror",6.4,73762,1
tt2223990,Draft Day,2014,110.0,"Drama,Sport",6.8,73754,1
tt0073650,"Salò, or the 120 Days of Sodom",1975,117.0,Drama,5.8,73700,1
tt9198364,Three Thousand Years of Longing,2022,108.0,"Drama,Fantasy,Romance",6.7,73613,1
tt0151137,The Messenger: The Story of Joan of Arc,1999,148.0,"Adventure,Biography,Drama",6.4,73537,1
tt0130623,Dinosaur,2000,82.0,"Adventure,Animation,Drama",6.4,73503,1
tt2402157,The November Man,2014,108.0,"Action,Adventure,Crime",6.3,73492,1
tt2121382,Force Majeure,2014,120.0,"Comedy,Drama",7.2,73376,1
tt0347618,The Cat Returns,2002,75.0,"Adventure,Animation,Comedy",7.1,73374,1
tt0970411,City of Ember,2008,90.0,"Adventure,Drama,Family",6.4,73356,1
tt2112124,Chennai Express,2013,141.0,"Action,Comedy,Romance",6.3,73356,1
tt1278340,Dead Snow,2009,91.0,"Comedy,Fantasy,Horror",6.3,73345,1
tt2910814,The Signal,2014,97.0,"Drama,Mystery,Sci-Fi",6.0,73339,1
tt0962726,High School Musical 3: Senior Year,2008,112.0,"Comedy,Drama,Family",5.1,73322,1
tt4624424,Storks,2016,87.0,"Adventure,Animation,Comedy",6.8,73285,1
tt3155298,Luther: The Fallen Sun,2023,129.0,"Action,Crime,Drama",6.4,73274,1
tt2053425,Rust and Bone,2012,120.0,"Drama,Romance",7.4,73231,1
tt0104231,Far and Away,1992,140.0,"Adventure,Drama,Romance",6.6,73219,1
tt0060176,Blow-Up,1966,111.0,"Drama,Mystery,Thriller",7.4,73170,1
tt0057565,High and Low,1963,143.0,"Crime,Drama,Mystery",8.4,73148,1
tt3118452,Circle,2015,87.0,"Drama,Horror,Mystery",6.0,73143,1
tt2005374,The Frozen Ground,2013,105.0,"Biography,Crime,Drama",6.4,73114,1
tt2180339,Deep Water,2022,115.0,"Crime,Drama,Mystery",5.5,73067,1
tt6920084,Resident Evil: Welcome to Raccoon City,2021,107.0,"Action,Horror,Sci-Fi",5.2,73058,1
tt19847976,Wicked: For Good,2025,137.0,"Drama,Family,Fantasy",6.6,72979,1
